artifact_schema_version,benchmark_version,evidence_kind,prediction_id,draw_key,game,history_sha256,history_rows,created_utc,rank,main_numbers,auxiliary_numbers,g_score,target_g,distance_to_target,preference_score,window,pairing,subset_size,universe_size,universe_fraction,reduction_factor,selected_for_roi,selection_budget,crowd_popularity_share,modeled_expected_roi_per_ticket,candidate_sha256
1,3.0.0,deterministic_synthetic_snapshot,636a86dcd1e54f4eb99f3c9b3f5571b3d5eade536040955e3f830f0ddb67408b,synthetic-community-next,synthetic-community,a7ab8eb08182a09d8d33507e42a6d1b98ec830d5e2db0d13e0a177dd86938c47,260,,1,"[4,6,7,10]",[1],231,231.1153846153846,0.1153846153846132,-0.1153846153846132,26,cross,500,1980,0.25252525252525254,3.96,1,5,1.2932264427596272,-0.9613933387717912,1d82b5881c16b4a9c5c0e19f2fc739d60d908f8344ce67fc8d5694ffb9b5685b
1,3.0.0,deterministic_synthetic_snapshot,636a86dcd1e54f4eb99f3c9b3f5571b3d5eade536040955e3f830f0ddb67408b,synthetic-community-next,synthetic-community,a7ab8eb08182a09d8d33507e42a6d1b98ec830d5e2db0d13e0a177dd86938c47,260,,2,"[1,7,10,11]",[1],231,231.1153846153846,0.1153846153846132,-0.1153846153846132,26,cross,500,1980,0.25252525252525254,3.96,1,5,0.9651697118665071,-0.9485913307807307,234ee29f310145195877f933a744780f0a87caeca7847ec0d10a689e2b98b34b
1,3.0.0,deterministic_synthetic_snapshot,636a86dcd1e54f4eb99f3c9b3f5571b3d5eade536040955e3f830f0ddb67408b,synthetic-community-next,synthetic-community,a7ab8eb08182a09d8d33507e42a6d1b98ec830d5e2db0d13e0a177dd86938c47,260,,3,"[4,5,10,11]",[1],231,231.1153846153846,0.1153846153846132,-0.1153846153846132,26,cross,500,1980,0.25252525252525254,3.96,1,5,0.8239332106967083,-0.940261396424989,01e51921299819ddd7d7ff3c927121a0c066b8ea0de2c748c449ef8ad5ca9564
1,3.0.0,deterministic_synthetic_snapshot,636a86dcd1e54f4eb99f3c9b3f5571b3d5eade536040955e3f830f0ddb67408b,synthetic-community-next,synthetic-community,a7ab8eb08182a09d8d33507e42a6d1b98ec830d5e2db0d13e0a177dd86938c47,260,,4,"[2,3,7,8]",[1],231,231.1153846153846,0.1153846153846132,-0.1153846153846132,26,cross,500,1980,0.25252525252525254,3.96,1,5,1.437543391853668,-0.9652428885730021,b09c1bfe39dcd6961b7d67a18afa88526469e3d08d59df45fcce63d22bab1902
1,3.0.0,deterministic_synthetic_snapshot,636a86dcd1e54f4eb99f3c9b3f5571b3d5eade536040955e3f830f0ddb67408b,synthetic-community-next,synthetic-community,a7ab8eb08182a09d8d33507e42a6d1b98ec830d5e2db0d13e0a177dd86938c47,260,,5,"[2,3,10,11]",[1],231,231.1153846153846,0.1153846153846132,-0.1153846153846132,26,cross,500,1980,0.25252525252525254,3.96,1,5,0.8752801643043162,-0.9435624666677364,90a9679aa501055dac50047e7ea4d069ea66ab0107acf55c9fc9310bcf710b85
1,3.0.0,deterministic_synthetic_snapshot,636a86dcd1e54f4eb99f3c9b3f5571b3d5eade536040955e3f830f0ddb67408b,synthetic-community-next,synthetic-community,a7ab8eb08182a09d8d33507e42a6d1b98ec830d5e2db0d13e0a177dd86938c47,260,,6,"[2,4,9,10]",[1],231,231.1153846153846,0.1153846153846132,-0.1153846153846132,26,cross,500,1980,0.25252525252525254,3.96,0,5,0.8886093038622499,-0.9443649726813691,316a0a3e535330a78132cf50db76ed0a074b48c088ba3deea75b2e1a0127d5da
1,3.0.0,deterministic_synthetic_snapshot,636a86dcd1e54f4eb99f3c9b3f5571b3d5eade536040955e3f830f0ddb67408b,synthetic-community-next,synthetic-community,a7ab8eb08182a09d8d33507e42a6d1b98ec830d5e2db0d13e0a177dd86938c47,260,,7,"[2,5,8,9]",[1],231,231.1153846153846,0.1153846153846132,-0.1153846153846132,26,cross,500,1980,0.25252525252525254,3.96,0,5,0.9021414252408628,-0.9451583302141527,f5bd7de51ea8a14a469f761e58d5250c419ef23bcbe0cbeaab45b9d20834b711
1,3.0.0,deterministic_synthetic_snapshot,636a86dcd1e54f4eb99f3c9b3f5571b3d5eade536040955e3f830f0ddb67408b,synthetic-community-next,synthetic-community,a7ab8eb08182a09d8d33507e42a6d1b98ec830d5e2db0d13e0a177dd86938c47,260,,8,"[2,7,8,10]",[1],231,231.1153846153846,0.1153846153846132,-0.1153846153846132,26,cross,500,1980,0.25252525252525254,3.96,0,5,1.2932264427596272,-0.9613933387717912,7d77431602840ca4f61c98ad19d7140bab5845b6cb2ae1ddec1390a5b6108ef0
1,3.0.0,deterministic_synthetic_snapshot,636a86dcd1e54f4eb99f3c9b3f5571b3d5eade536040955e3f830f0ddb67408b,synthetic-community-next,synthetic-community,a7ab8eb08182a09d8d33507e42a6d1b98ec830d5e2db0d13e0a177dd86938c47,260,,9,"[2,9,10,11]",[1],231,231.1153846153846,0.1153846153846132,-0.1153846153846132,26,cross,500,1980,0.25252525252525254,3.96,0,5,0.7994005993482138,-0.9385566945115713,db7be70959b5fbc2ea2d4809f88b76637a35ea655b71c55b6ccadcca6c5c154b
1,3.0.0,deterministic_synthetic_snapshot,636a86dcd1e54f4eb99f3c9b3f5571b3d5eade536040955e3f830f0ddb67408b,synthetic-community-next,synthetic-community,a7ab8eb08182a09d8d33507e42a6d1b98ec830d5e2db0d13e0a177dd86938c47,260,,10,"[1,2,4,8]",[1],231,231.1153846153846,0.1153846153846132,-0.1153846153846132,26,cross,500,1980,0.25252525252525254,3.96,0,5,1.0335906002435147,-0.9518864864744587,053549c0faaa7a259316ebb8455a9e537f0d86c263a69d9d3227b028e3751147
1,3.0.0,deterministic_synthetic_snapshot,636a86dcd1e54f4eb99f3c9b3f5571b3d5eade536040955e3f830f0ddb67408b,synthetic-community-next,synthetic-community,a7ab8eb08182a09d8d33507e42a6d1b98ec830d5e2db0d13e0a177dd86938c47,260,,11,"[4,9,10,12]",[2],231,231.1153846153846,0.1153846153846132,-0.1153846153846132,26,cross,500,1980,0.25252525252525254,3.96,0,5,0.7639644698050815,-0.9359329891169966,405782e5043ac4c6047d23f13cbdbe178c2fa4881b0fd8bea907f3ffaf43d7d7
1,3.0.0,deterministic_synthetic_snapshot,636a86dcd1e54f4eb99f3c9b3f5571b3d5eade536040955e3f830f0ddb67408b,synthetic-community-next,synthetic-community,a7ab8eb08182a09d8d33507e42a6d1b98ec830d5e2db0d13e0a177dd86938c47,260,,12,"[1,6,8,10]",[2],231,231.1153846153846,0.1153846153846132,-0.1153846153846132,26,cross,500,1980,0.25252525252525254,3.96,0,5,0.88860930386225,-0.9443649726813691,34af14e8f6aa53420b29847906edf985c1acd73ebb21d4747ccbaf892e2ad8b5
1,3.0.0,deterministic_synthetic_snapshot,636a86dcd1e54f4eb99f3c9b3f5571b3d5eade536040955e3f830f0ddb67408b,synthetic-community-next,synthetic-community,a7ab8eb08182a09d8d33507e42a6d1b98ec830d5e2db0d13e0a177dd86938c47,260,,13,"[3,9,10,11]",[2],231,231.1153846153846,0.1153846153846132,-0.1153846153846132,26,cross,500,1980,0.25252525252525254,3.96,0,5,0.7874095903579907,-0.9376909562124826,43baab236cd58a8e7e362852c2cecf725d4879b5863967d45f1357ef98e3e503
1,3.0.0,deterministic_synthetic_snapshot,636a86dcd1e54f4eb99f3c9b3f5571b3d5eade536040955e3f830f0ddb67408b,synthetic-community-next,synthetic-community,a7ab8eb08182a09d8d33507e42a6d1b98ec830d5e2db0d13e0a177dd86938c47,260,,14,"[1,8,9,10]",[2],231,231.1153846153846,0.1153846153846132,-0.1153846153846132,26,cross,500,1980,0.25252525252525254,3.96,0,5,0.8492186974121554,-0.9419300860247809,e62799f2e9ba7d1c16e7ee45437ee24239295cbff079529a3c3892626d52edc7
1,3.0.0,deterministic_synthetic_snapshot,636a86dcd1e54f4eb99f3c9b3f5571b3d5eade536040955e3f830f0ddb67408b,synthetic-community-next,synthetic-community,a7ab8eb08182a09d8d33507e42a6d1b98ec830d5e2db0d13e0a177dd86938c47,260,,15,"[3,6,10,12]",[2],231,231.1153846153846,0.1153846153846132,-0.1153846153846132,26,cross,500,1980,0.25252525252525254,3.96,0,5,0.8115742125362577,-0.9394135249659534,7f10ab460c286f08e66a600c97f1101ad3c60cc09db8815b0bb5596148c79671
1,3.0.0,deterministic_synthetic_snapshot,636a86dcd1e54f4eb99f3c9b3f5571b3d5eade536040955e3f830f0ddb67408b,synthetic-community-next,synthetic-community,a7ab8eb08182a09d8d33507e42a6d1b98ec830d5e2db0d13e0a177dd86938c47,260,,16,"[1,2,4,10]",[2],231,231.1153846153846,0.1153846153846132,-0.1153846153846132,26,cross,500,1980,0.25252525252525254,3.96,0,5,1.0028154401212641,-0.9504552727614592,2926e9a7a0e67b74d9e38cd69eb0ff7e4433669e3fcd41708c85c000ee25b0eb
1,3.0.0,deterministic_synthetic_snapshot,636a86dcd1e54f4eb99f3c9b3f5571b3d5eade536040955e3f830f0ddb67408b,synthetic-community-next,synthetic-community,a7ab8eb08182a09d8d33507e42a6d1b98ec830d5e2db0d13e0a177dd86938c47,260,,17,"[1,2,8,12]",[2],231,231.1153846153846,0.1153846153846132,-0.1153846153846132,26,cross,500,1980,0.25252525252525254,3.96,0,5,0.7045227842568238,-0.9310519231148273,d994bc1c35016977a534b2ff59072773caf56bf2aa03c807253ab49acbf7500d
1,3.0.0,deterministic_synthetic_snapshot,636a86dcd1e54f4eb99f3c9b3f5571b3d5eade536040955e3f830f0ddb67408b,synthetic-community-next,synthetic-community,a7ab8eb08182a09d8d33507e42a6d1b98ec830d5e2db0d13e0a177dd86938c47,260,,18,"[1,2,9,12]",[3],231,231.1153846153846,0.1153846153846132,-0.1153846153846132,26,cross,500,1980,0.25252525252525254,3.96,0,5,0.6939549424929716,-0.9301144896615852,516f71e9728abe5e27684085369d73ffe2dd1fadb12eefd6daca0539b1d5ec51
1,3.0.0,deterministic_synthetic_snapshot,636a86dcd1e54f4eb99f3c9b3f5571b3d5eade536040955e3f830f0ddb67408b,synthetic-community-next,synthetic-community,a7ab8eb08182a09d8d33507e42a6d1b98ec830d5e2db0d13e0a177dd86938c47,260,,19,"[5,6,8,12]",[3],231,231.1153846153846,0.1153846153846132,-0.1153846153846132,26,cross,500,1980,0.25252525252525254,3.96,0,5,0.8115742125362576,-0.9394135249659534,aa9323f452cf9fabe2b626876740e2eee231ffdabebb3d80b658e157c88e7fa1
1,3.0.0,deterministic_synthetic_snapshot,636a86dcd1e54f4eb99f3c9b3f5571b3d5eade536040955e3f830f0ddb67408b,synthetic-community-next,synthetic-community,a7ab8eb08182a09d8d33507e42a6d1b98ec830d5e2db0d13e0a177dd86938c47,260,,20,"[1,4,6,12]",[3],231,231.1153846153846,0.1153846153846132,-0.1153846153846132,26,cross,500,1980,0.25252525252525254,3.96,0,5,0.7045227842568238,-0.9310519231148273,25f6b0d14aa2b6ff812271dec2ae77f2be97c0dfeae47ae31d97af5810e79793
1,3.0.0,deterministic_synthetic_snapshot,636a86dcd1e54f4eb99f3c9b3f5571b3d5eade536040955e3f830f0ddb67408b,synthetic-community-next,synthetic-community,a7ab8eb08182a09d8d33507e42a6d1b98ec830d5e2db0d13e0a177dd86938c47,260,,21,"[4,6,9,11]",[3],231,231.1153846153846,0.1153846153846132,-0.1153846153846132,26,cross,500,1980,0.25252525252525254,3.96,0,5,0.8239332106967083,-0.940261396424989,793ce2759fb1436ef291c45411198ae43f472134dddfe3d24371e0a04b709df4
1,3.0.0,deterministic_synthetic_snapshot,636a86dcd1e54f4eb99f3c9b3f5571b3d5eade536040955e3f830f0ddb67408b,synthetic-community-next,synthetic-community,a7ab8eb08182a09d8d33507e42a6d1b98ec830d5e2db0d13e0a177dd86938c47,260,,22,"[4,5,6,9]",[3],231,231.1153846153846,0.1153846153846132,-0.1153846153846132,26,cross,500,1980,0.25252525252525254,3.96,0,5,0.9021414252408632,-0.9451583302141527,316840b388f697c7ffe4edf47efbaaadca76f67fc4af51d1774e0ced57085456
1,3.0.0,deterministic_synthetic_snapshot,636a86dcd1e54f4eb99f3c9b3f5571b3d5eade536040955e3f830f0ddb67408b,synthetic-community-next,synthetic-community,a7ab8eb08182a09d8d33507e42a6d1b98ec830d5e2db0d13e0a177dd86938c47,260,,23,"[2,3,6,7]",[3],231,231.1153846153846,0.1153846153846132,-0.1153846153846132,26,cross,500,1980,0.25252525252525254,3.96,0,5,1.4816598127791674,-0.9662730440032272,ddc38d8dad3945b124319356122f3027b22ab2bc7a249d1d9beabffd52d47152
1,3.0.0,deterministic_synthetic_snapshot,636a86dcd1e54f4eb99f3c9b3f5571b3d5eade536040955e3f830f0ddb67408b,synthetic-community-next,synthetic-community,a7ab8eb08182a09d8d33507e42a6d1b98ec830d5e2db0d13e0a177dd86938c47,260,,24,"[2,3,7,9]",[3],231,231.1153846153846,0.1153846153846132,-0.1153846153846132,26,cross,500,1980,0.25252525252525254,3.96,0,5,1.4159802409758626,-0.9647164481155364,162fc66d543b81d186e865a656f93a1a45904b60645a77ff4f48a5028615cc6d
1,3.0.0,deterministic_synthetic_snapshot,636a86dcd1e54f4eb99f3c9b3f5571b3d5eade536040955e3f830f0ddb67408b,synthetic-community-next,synthetic-community,a7ab8eb08182a09d8d33507e42a6d1b98ec830d5e2db0d13e0a177dd86938c47,260,,25,"[2,6,9,10]",[3],231,231.1153846153846,0.1153846153846132,-0.1153846153846132,26,cross,500,1980,0.25252525252525254,3.96,0,5,0.8621509618397516,-0.9427508300277752,e1cbf997b2dd6c1bf630fdf6396801a2ff5a8985a0b7ddeff3af4fbaac4eb1ae
1,3.0.0,deterministic_synthetic_snapshot,636a86dcd1e54f4eb99f3c9b3f5571b3d5eade536040955e3f830f0ddb67408b,synthetic-community-next,synthetic-community,a7ab8eb08182a09d8d33507e42a6d1b98ec830d5e2db0d13e0a177dd86938c47,260,,26,"[2,6,10,11]",[3],231,231.1153846153846,0.1153846153846132,-0.1153846153846132,26,cross,500,1980,0.25252525252525254,3.96,0,5,0.836480416950973,-0.9411002633986193,18f5db3121f0677e4984d05a5355d7a9480a523b0b6c194fb7e05c4607178d49
1,3.0.0,deterministic_synthetic_snapshot,636a86dcd1e54f4eb99f3c9b3f5571b3d5eade536040955e3f830f0ddb67408b,synthetic-community-next,synthetic-community,a7ab8eb08182a09d8d33507e42a6d1b98ec830d5e2db0d13e0a177dd86938c47,260,,27,"[2,8,9,12]",[3],231,231.1153846153846,0.1153846153846132,-0.1153846153846132,26,cross,500,1980,0.25252525252525254,3.96,0,5,0.6242878557971212,-0.9233306476982704,6fc77abf77ec2a88d5b4b385644656aa8ed4bf88a063a9e3884094ee277959e2
1,3.0.0,deterministic_synthetic_snapshot,636a86dcd1e54f4eb99f3c9b3f5571b3d5eade536040955e3f830f0ddb67408b,synthetic-community-next,synthetic-community,a7ab8eb08182a09d8d33507e42a6d1b98ec830d5e2db0d13e0a177dd86938c47,260,,28,"[1,2,4,7]",[3],231,231.1153846153846,0.1153846153846132,-0.1153846153846132,26,cross,500,1980,0.25252525252525254,3.96,0,5,1.5739958379342862,-0.968244923901033,8767b9dfa8a59a4e3cc7e93e88d7630d83a87996e33fbd3d7389123583f3bcab
1,3.0.0,deterministic_synthetic_snapshot,636a86dcd1e54f4eb99f3c9b3f5571b3d5eade536040955e3f830f0ddb67408b,synthetic-community-next,synthetic-community,a7ab8eb08182a09d8d33507e42a6d1b98ec830d5e2db0d13e0a177dd86938c47,260,,29,"[1,2,5,7]",[3],231,231.1153846153846,0.1153846153846132,-0.1153846153846132,26,cross,500,1980,0.25252525252525254,3.96,0,5,1.5503859003652722,-0.9677627851733214,307d8b0f04053605485139d8cf0efafbe0e6d6bc814ef3982ffd0bd520b546b4
1,3.0.0,deterministic_synthetic_snapshot,636a86dcd1e54f4eb99f3c9b3f5571b3d5eade536040955e3f830f0ddb67408b,synthetic-community-next,synthetic-community,a7ab8eb08182a09d8d33507e42a6d1b98ec830d5e2db0d13e0a177dd86938c47,260,,30,"[1,2,6,12]",[3],231,231.1153846153846,0.1153846153846132,-0.1153846153846132,26,cross,500,1980,0.25252525252525254,3.96,0,5,0.7261437133209554,-0.9329019176657585,de8c7e0d394cdc282b9fa902a8a969d62ff535020bbd17c54a2ebed6e74bb71a
1,3.0.0,deterministic_synthetic_snapshot,636a86dcd1e54f4eb99f3c9b3f5571b3d5eade536040955e3f830f0ddb67408b,synthetic-community-next,synthetic-community,a7ab8eb08182a09d8d33507e42a6d1b98ec830d5e2db0d13e0a177dd86938c47,260,,31,"[1,2,7,8]",[3],231,231.1153846153846,0.1153846153846132,-0.1153846153846132,26,cross,500,1980,0.25252525252525254,3.96,0,5,1.4816598127791674,-0.9662730440032272,6ec2c733bcdd486249658b81fca3a47a65c85c95368e98cc8ac3a5b247d67198
1,3.0.0,deterministic_synthetic_snapshot,636a86dcd1e54f4eb99f3c9b3f5571b3d5eade536040955e3f830f0ddb67408b,synthetic-community-next,synthetic-community,a7ab8eb08182a09d8d33507e42a6d1b98ec830d5e2db0d13e0a177dd86938c47,260,,32,"[6,8,9,11]",[3],231,231.1153846153846,0.1153846153846132,-0.1153846153846132,26,cross,500,1980,0.25252525252525254,3.96,0,5,0.7755984465026207,-0.936816366903339,2d758694e18f037a8a16f53fc550ef25045055d66373bdca59d20250e4b4ad6c
1,3.0.0,deterministic_synthetic_snapshot,636a86dcd1e54f4eb99f3c9b3f5571b3d5eade536040955e3f830f0ddb67408b,synthetic-community-next,synthetic-community,a7ab8eb08182a09d8d33507e42a6d1b98ec830d5e2db0d13e0a177dd86938c47,260,,33,"[1,4,11,12]",[4],231,231.1153846153846,0.1153846153846132,-0.1153846153846132,26,cross,500,1980,0.25252525252525254,3.96,0,5,0.653245151855504,-0.9262843379945632,a408a725c452249db5b57bbf6b5fbd059e803d7b06d9da61e6da5e908937e73e
1,3.0.0,deterministic_synthetic_snapshot,636a86dcd1e54f4eb99f3c9b3f5571b3d5eade536040955e3f830f0ddb67408b,synthetic-community-next,synthetic-community,a7ab8eb08182a09d8d33507e42a6d1b98ec830d5e2db0d13e0a177dd86938c47,260,,34,"[1,6,7,9]",[4],231,231.1153846153846,0.1153846153846132,-0.1153846153846132,26,cross,500,1980,0.25252525252525254,3.96,0,5,1.3738194293008068,-0.9636404086987961,5af708a54854ac8cb345bd0534a0d1eff380d7636ab30d4260f11b7318fc8a78
1,3.0.0,deterministic_synthetic_snapshot,636a86dcd1e54f4eb99f3c9b3f5571b3d5eade536040955e3f830f0ddb67408b,synthetic-community-next,synthetic-community,a7ab8eb08182a09d8d33507e42a6d1b98ec830d5e2db0d13e0a177dd86938c47,260,,35,"[1,6,9,12]",[4],231,231.1153846153846,0.1153846153846132,-0.1153846153846132,26,cross,500,1980,0.25252525252525254,3.96,0,5,0.653245151855504,-0.9262843379945632,7e1f702313983f349d01fe5019f18ae4d9f0fbbe59472280babecc43b13900ba
1,3.0.0,deterministic_synthetic_snapshot,636a86dcd1e54f4eb99f3c9b3f5571b3d5eade536040955e3f830f0ddb67408b,synthetic-community-next,synthetic-community,a7ab8eb08182a09d8d33507e42a6d1b98ec830d5e2db0d13e0a177dd86938c47,260,,36,"[4,6,9,11]",[4],231,231.1153846153846,0.1153846153846132,-0.1153846153846132,26,cross,500,1980,0.25252525252525254,3.96,0,5,0.8239332106967083,-0.940261396424989,e61813490027a8314cdef927a19cf7df337d9078abcebafd5fac8af99072b7c4
1,3.0.0,deterministic_synthetic_snapshot,636a86dcd1e54f4eb99f3c9b3f5571b3d5eade536040955e3f830f0ddb67408b,synthetic-community-next,synthetic-community,a7ab8eb08182a09d8d33507e42a6d1b98ec830d5e2db0d13e0a177dd86938c47,260,,37,"[5,6,7,9]",[4],231,231.1153846153846,0.1153846153846132,-0.1153846153846132,26,cross,500,1980,0.25252525252525254,3.96,0,5,1.2932264427596272,-0.9613933387717912,622a8d9b3917484ffce32c030dc32b2bc7d17386c8ae328219ebe961266f3f9d
1,3.0.0,deterministic_synthetic_snapshot,636a86dcd1e54f4eb99f3c9b3f5571b3d5eade536040955e3f830f0ddb67408b,synthetic-community-next,synthetic-community,a7ab8eb08182a09d8d33507e42a6d1b98ec830d5e2db0d13e0a177dd86938c47,260,,38,"[1,2,6,7]",[4],231,231.1153846153846,0.1153846153846132,-0.1153846153846132,26,cross,500,1980,0.25252525252525254,3.96,0,5,1.527130111859793,-0.9672734852576657,894fb77c1b32735b4da32c84dfbe9386a8a085cb58b223c9578e30970f6269bf
1,3.0.0,deterministic_synthetic_snapshot,636a86dcd1e54f4eb99f3c9b3f5571b3d5eade536040955e3f830f0ddb67408b,synthetic-community-next,synthetic-community,a7ab8eb08182a09d8d33507e42a6d1b98ec830d5e2db0d13e0a177dd86938c47,260,,39,"[1,2,3,5]",[1],232,231.1153846153846,0.8846153846153868,-0.8846153846153868,26,cross,500,1980,0.25252525252525254,3.96,0,5,1.0980032588315656,-0.9546406220319715,489e691a08cc02134de8ba54d37d55e56485ddf96b91bd1886c47caf3f4b63a3
1,3.0.0,deterministic_synthetic_snapshot,636a86dcd1e54f4eb99f3c9b3f5571b3d5eade536040955e3f830f0ddb67408b,synthetic-community-next,synthetic-community,a7ab8eb08182a09d8d33507e42a6d1b98ec830d5e2db0d13e0a177dd86938c47,260,,40,"[4,10,11,12]",[1],232,231.1153846153846,0.8846153846153868,-0.8846153846153868,26,cross,500,1980,0.25252525252525254,3.96,0,5,0.741217427716635,-0.9341401467552315,b11a2fb7812ed6cee71bd23dc1b57c9104d50dc82cd96dddef3bfe2f2585b9fe
1,3.0.0,deterministic_synthetic_snapshot,636a86dcd1e54f4eb99f3c9b3f5571b3d5eade536040955e3f830f0ddb67408b,synthetic-community-next,synthetic-community,a7ab8eb08182a09d8d33507e42a6d1b98ec830d5e2db0d13e0a177dd86938c47,260,,41,"[5,6,8,12]",[1],232,231.1153846153846,0.8846153846153868,-0.8846153846153868,26,cross,500,1980,0.25252525252525254,3.96,0,5,0.8115742125362576,-0.9394135249659534,4d8b81c6485000fadbe9884737939464fc3167d50ece61b7228d81c6687a3084
1,3.0.0,deterministic_synthetic_snapshot,636a86dcd1e54f4eb99f3c9b3f5571b3d5eade536040955e3f830f0ddb67408b,synthetic-community-next,synthetic-community,a7ab8eb08182a09d8d33507e42a6d1b98ec830d5e2db0d13e0a177dd86938c47,260,,42,"[5,6,9,11]",[1],232,231.1153846153846,0.8846153846153868,-0.8846153846153868,26,cross,500,1980,0.25252525252525254,3.96,0,5,0.8115742125362577,-0.9394135249659534,b967a127b9e46262b3108fce56923772d18f046eaac1b4b2b4d615f2cf2a9be4
1,3.0.0,deterministic_synthetic_snapshot,636a86dcd1e54f4eb99f3c9b3f5571b3d5eade536040955e3f830f0ddb67408b,synthetic-community-next,synthetic-community,a7ab8eb08182a09d8d33507e42a6d1b98ec830d5e2db0d13e0a177dd86938c47,260,,43,"[5,7,10,11]",[1],232,231.1153846153846,0.8846153846153868,-0.8846153846153868,26,cross,500,1980,0.25252525252525254,3.96,0,5,1.1811143855369861,-0.9577757436961774,b91a44f9433e961c8399ba8c41938865a40ef497d476756ac32c262c1a8bc318
1,3.0.0,deterministic_synthetic_snapshot,636a86dcd1e54f4eb99f3c9b3f5571b3d5eade536040955e3f830f0ddb67408b,synthetic-community-next,synthetic-community,a7ab8eb08182a09d8d33507e42a6d1b98ec830d5e2db0d13e0a177dd86938c47,260,,44,"[4,8,9,12]",[1],232,231.1153846153846,0.8846153846153868,-0.8846153846153868,26,cross,500,1980,0.25252525252525254,3.96,0,5,0.7874095903579905,-0.9376909562124824,bf7de36de1cb1d3d90535a01f04663f957ec1061d2eb0b6d8ce4aff9daa1ba4a
1,3.0.0,deterministic_synthetic_snapshot,636a86dcd1e54f4eb99f3c9b3f5571b3d5eade536040955e3f830f0ddb67408b,synthetic-community-next,synthetic-community,a7ab8eb08182a09d8d33507e42a6d1b98ec830d5e2db0d13e0a177dd86938c47,260,,45,"[1,6,8,12]",[1],232,231.1153846153846,0.8846153846153868,-0.8846153846153868,26,cross,500,1980,0.25252525252525254,3.96,0,5,0.6631930475690396,-0.9272537089299322,81da2a0b8ca0d1d761a0435c3e2b5853b8f5360ef39b1e5f1b1d7af3eaaf1b2b
1,3.0.0,deterministic_synthetic_snapshot,636a86dcd1e54f4eb99f3c9b3f5571b3d5eade536040955e3f830f0ddb67408b,synthetic-community-next,synthetic-community,a7ab8eb08182a09d8d33507e42a6d1b98ec830d5e2db0d13e0a177dd86938c47,260,,46,"[1,8,9,12]",[1],232,231.1153846153846,0.8846153846153868,-0.8846153846153868,26,cross,500,1980,0.25252525252525254,3.96,0,5,0.6337947774590064,-0.9243226743732955,bfdcaa205f300bb880668127d90f075567423ef909eb3e569d2d928aa1b7060e
1,3.0.0,deterministic_synthetic_snapshot,636a86dcd1e54f4eb99f3c9b3f5571b3d5eade536040955e3f830f0ddb67408b,synthetic-community-next,synthetic-community,a7ab8eb08182a09d8d33507e42a6d1b98ec830d5e2db0d13e0a177dd86938c47,260,,47,"[3,8,11,12]",[1],232,231.1153846153846,0.8846153846153868,-0.8846153846153868,26,cross,500,1980,0.25252525252525254,3.96,0,5,0.7755984465026208,-0.936816366903339,1939f5d7619d6d0a2d6d65307c2e8da7d187711b726caad4e0c55b7e9beca693
1,3.0.0,deterministic_synthetic_snapshot,636a86dcd1e54f4eb99f3c9b3f5571b3d5eade536040955e3f830f0ddb67408b,synthetic-community-next,synthetic-community,a7ab8eb08182a09d8d33507e42a6d1b98ec830d5e2db0d13e0a177dd86938c47,260,,48,"[2,3,8,12]",[1],232,231.1153846153846,0.8846153846153868,-0.8846153846153868,26,cross,500,1980,0.25252525252525254,3.96,0,5,0.6835456183555769,-0.9291689022693999,6ab57ed8003e9f9b4f0a2eafd54b59f9e823298097609b2c48ca0949ea4c72ae
1,3.0.0,deterministic_synthetic_snapshot,636a86dcd1e54f4eb99f3c9b3f5571b3d5eade536040955e3f830f0ddb67408b,synthetic-community-next,synthetic-community,a7ab8eb08182a09d8d33507e42a6d1b98ec830d5e2db0d13e0a177dd86938c47,260,,49,"[3,4,7,9]",[1],232,231.1153846153846,0.8846153846153868,-0.8846153846153868,26,cross,500,1980,0.25252525252525254,3.96,0,5,1.3738194293008066,-0.9636404086987961,681284835ff81b8e67c47e446d62fecf1c1e6b5679f7f3472289ee674b2b7c6f
1,3.0.0,deterministic_synthetic_snapshot,636a86dcd1e54f4eb99f3c9b3f5571b3d5eade536040955e3f830f0ddb67408b,synthetic-community-next,synthetic-community,a7ab8eb08182a09d8d33507e42a6d1b98ec830d5e2db0d13e0a177dd86938c47,260,,50,"[2,7,10,12]",[1],232,231.1153846153846,0.8846153846153868,-0.8846153846153868,26,cross,500,1980,0.25252525252525254,3.96,0,5,0.9364317836956819,-0.9470773674699057,5343fa0e2f75546955fc82074498c8046e8f498b7b94927d3afcd7b337786149
1,3.0.0,deterministic_synthetic_snapshot,636a86dcd1e54f4eb99f3c9b3f5571b3d5eade536040955e3f830f0ddb67408b,synthetic-community-next,synthetic-community,a7ab8eb08182a09d8d33507e42a6d1b98ec830d5e2db0d13e0a177dd86938c47,260,,51,"[3,4,5,9]",[1],232,231.1153846153846,0.8846153846153868,-0.8846153846153868,26,cross,500,1980,0.25252525252525254,3.96,0,5,0.9439868273172419,-0.9474834128596366,f72bb1a1f3d072bbacf02ef3e6552f6d56383619c092dc9b433c97e5fd3a4b9b
1,3.0.0,deterministic_synthetic_snapshot,636a86dcd1e54f4eb99f3c9b3f5571b3d5eade536040955e3f830f0ddb67408b,synthetic-community-next,synthetic-community,a7ab8eb08182a09d8d33507e42a6d1b98ec830d5e2db0d13e0a177dd86938c47,260,,52,"[1,2,4,10]",[1],232,231.1153846153846,0.8846153846153868,-0.8846153846153868,26,cross,500,1980,0.25252525252525254,3.96,0,5,1.0028154401212641,-0.9504552727614592,7a346d552c7133775d9797a1365aaa7ed00c5a86d4889d3eb760ffd59f73a5a7
1,3.0.0,deterministic_synthetic_snapshot,636a86dcd1e54f4eb99f3c9b3f5571b3d5eade536040955e3f830f0ddb67408b,synthetic-community-next,synthetic-community,a7ab8eb08182a09d8d33507e42a6d1b98ec830d5e2db0d13e0a177dd86938c47,260,,53,"[1,2,9,10]",[1],232,231.1153846153846,0.8846153846153868,-0.8846153846153868,26,cross,500,1980,0.25252525252525254,3.96,0,5,0.9298270249074835,-0.9467175549983096,c3199cfac478fb808a90c656f397b8cb814711804743d4b15ad7fe21f640b2c3
1,3.0.0,deterministic_synthetic_snapshot,636a86dcd1e54f4eb99f3c9b3f5571b3d5eade536040955e3f830f0ddb67408b,synthetic-community-next,synthetic-community,a7ab8eb08182a09d8d33507e42a6d1b98ec830d5e2db0d13e0a177dd86938c47,260,,54,"[6,8,9,12]",[1],232,231.1153846153846,0.8846153846153868,-0.8846153846153868,26,cross,500,1980,0.25252525252525254,3.96,0,5,0.7639644698050813,-0.9359329891169966,81ddbbc3cdd74fbb493be9e557a283e48819540b277ec489945c414da87fdd84
1,3.0.0,deterministic_synthetic_snapshot,636a86dcd1e54f4eb99f3c9b3f5571b3d5eade536040955e3f830f0ddb67408b,synthetic-community-next,synthetic-community,a7ab8eb08182a09d8d33507e42a6d1b98ec830d5e2db0d13e0a177dd86938c47,260,,55,"[1,3,4,6]",[2],232,231.1153846153846,0.8846153846153868,-0.8846153846153868,26,cross,500,1980,0.25252525252525254,3.96,0,5,1.0493305586228576,-0.9525885028798778,adab4d1e7b9c612f036819445b1c4debe4172eb27250173d171eaa1de1b9dde5
1,3.0.0,deterministic_synthetic_snapshot,636a86dcd1e54f4eb99f3c9b3f5571b3d5eade536040955e3f830f0ddb67408b,synthetic-community-next,synthetic-community,a7ab8eb08182a09d8d33507e42a6d1b98ec830d5e2db0d13e0a177dd86938c47,260,,56,"[1,3,5,12]",[2],232,231.1153846153846,0.8846153846153868,-0.8846153846153868,26,cross,500,1980,0.25252525252525254,3.96,0,5,0.7261437133209554,-0.9329019176657585,de8dae514736c7fd1189fe1a0f156da7330eaeb7a6e8448e02984c9de6904750
1,3.0.0,deterministic_synthetic_snapshot,636a86dcd1e54f4eb99f3c9b3f5571b3d5eade536040955e3f830f0ddb67408b,synthetic-community-next,synthetic-community,a7ab8eb08182a09d8d33507e42a6d1b98ec830d5e2db0d13e0a177dd86938c47,260,,57,"[1,3,7,12]",[2],232,231.1153846153846,0.8846153846153868,-0.8846153846153868,26,cross,500,1980,0.25252525252525254,3.96,0,5,1.0567841763852357,-0.9529141732312796,a37693ce2037372648b05da59240ad5c2c46ac8616d74977acf8e6c044d19085
1,3.0.0,deterministic_synthetic_snapshot,636a86dcd1e54f4eb99f3c9b3f5571b3d5eade536040955e3f830f0ddb67408b,synthetic-community-next,synthetic-community,a7ab8eb08182a09d8d33507e42a6d1b98ec830d5e2db0d13e0a177dd86938c47,260,,58,"[1,4,9,10]",[2],232,231.1153846153846,0.8846153846153868,-0.8846153846153868,26,cross,500,1980,0.25252525252525254,3.96,0,5,0.9021414252408628,-0.9451583302141527,0c9fa47a154393f515da663b7e6700c2eb743a5adeaab555fc18a4f9800efff9
1,3.0.0,deterministic_synthetic_snapshot,636a86dcd1e54f4eb99f3c9b3f5571b3d5eade536040955e3f830f0ddb67408b,synthetic-community-next,synthetic-community,a7ab8eb08182a09d8d33507e42a6d1b98ec830d5e2db0d13e0a177dd86938c47,260,,59,"[2,3,6,8]",[2],232,231.1153846153846,0.8846153846153868,-0.8846153846153868,26,cross,500,1980,0.25252525252525254,3.96,0,5,0.9729566103916533,-0.9489876341167178,8a5672a276795ddbfda4218e072ffb19df76b1c6ba23b0caa826c64f818a46d0
1,3.0.0,deterministic_synthetic_snapshot,636a86dcd1e54f4eb99f3c9b3f5571b3d5eade536040955e3f830f0ddb67408b,synthetic-community-next,synthetic-community,a7ab8eb08182a09d8d33507e42a6d1b98ec830d5e2db0d13e0a177dd86938c47,260,,60,"[3,4,10,11]",[2],232,231.1153846153846,0.8846153846153868,-0.8846153846153868,26,cross,500,1980,0.25252525252525254,3.96,0,5,0.8492186974121552,-0.9419300860247809,99659a2b0cf52c01195947c78ec365806a10df97a93501592cffb37ec8f0ce15
1,3.0.0,deterministic_synthetic_snapshot,636a86dcd1e54f4eb99f3c9b3f5571b3d5eade536040955e3f830f0ddb67408b,synthetic-community-next,synthetic-community,a7ab8eb08182a09d8d33507e42a6d1b98ec830d5e2db0d13e0a177dd86938c47,260,,61,"[8,9,10,11]",[2],232,231.1153846153846,0.8846153846153868,-0.8846153846153868,26,cross,500,1980,0.25252525252525254,3.96,0,5,1.168158666081417,-0.9573148745885648,e9fb3854439e84c074519d7bddfaf71f66d6b6cb91862d50962a49bf68a7ee62
1,3.0.0,deterministic_synthetic_snapshot,636a86dcd1e54f4eb99f3c9b3f5571b3d5eade536040955e3f830f0ddb67408b,synthetic-community-next,synthetic-community,a7ab8eb08182a09d8d33507e42a6d1b98ec830d5e2db0d13e0a177dd86938c47,260,,62,"[2,8,9,11]",[3],232,231.1153846153846,0.8846153846153868,-0.8846153846153868,26,cross,500,1980,0.25252525252525254,3.96,0,5,0.8239332106967083,-0.940261396424989,8509e63d59657e064c9d82eef67c89557f7908cdc6828739c766ab419cb61c30
1,3.0.0,deterministic_synthetic_snapshot,636a86dcd1e54f4eb99f3c9b3f5571b3d5eade536040955e3f830f0ddb67408b,synthetic-community-next,synthetic-community,a7ab8eb08182a09d8d33507e42a6d1b98ec830d5e2db0d13e0a177dd86938c47,260,,63,"[7,8,10,11]",[3],232,231.1153846153846,0.8846153846153868,-0.8846153846153868,26,cross,500,1980,0.25252525252525254,3.96,0,5,1.1287575041370077,-0.9558516026930197,941cabec9e4311cd64637263c580e26505091e27f9cc893d32a76bf0b072ebef
1,3.0.0,deterministic_synthetic_snapshot,636a86dcd1e54f4eb99f3c9b3f5571b3d5eade536040955e3f830f0ddb67408b,synthetic-community-next,synthetic-community,a7ab8eb08182a09d8d33507e42a6d1b98ec830d5e2db0d13e0a177dd86938c47,260,,64,"[1,4,5,7]",[4],232,231.1153846153846,0.8846153846153868,-0.8846153846153868,26,cross,500,1980,0.25252525252525254,3.96,0,5,1.504223160181896,-0.9667769346026271,4bb0aa1ca3381ffe33fc55877cf183ed4d816f7840226495ac39dcb8e938448e
1,3.0.0,deterministic_synthetic_snapshot,636a86dcd1e54f4eb99f3c9b3f5571b3d5eade536040955e3f830f0ddb67408b,synthetic-community-next,synthetic-community,a7ab8eb08182a09d8d33507e42a6d1b98ec830d5e2db0d13e0a177dd86938c47,260,,65,"[1,4,6,7]",[4],232,231.1153846153846,0.8846153846153868,-0.8846153846153868,26,cross,500,1980,0.25252525252525254,3.96,0,5,1.4816598127791674,-0.9662730440032272,9ffbb3dc487bad1cd81d75ad5a32c1fa2010448f0d668dfe9bb797982c900e04
1,3.0.0,deterministic_synthetic_snapshot,636a86dcd1e54f4eb99f3c9b3f5571b3d5eade536040955e3f830f0ddb67408b,synthetic-community-next,synthetic-community,a7ab8eb08182a09d8d33507e42a6d1b98ec830d5e2db0d13e0a177dd86938c47,260,,66,"[1,4,9,12]",[4],232,231.1153846153846,0.8846153846153868,-0.8846153846153868,26,cross,500,1980,0.25252525252525254,3.96,0,5,0.6732924340802432,-0.9282152704076493,3a2a404a26838273406e734b15fb22e00db2d6368c83ff5bfd46617c03314da2
1,3.0.0,deterministic_synthetic_snapshot,636a86dcd1e54f4eb99f3c9b3f5571b3d5eade536040955e3f830f0ddb67408b,synthetic-community-next,synthetic-community,a7ab8eb08182a09d8d33507e42a6d1b98ec830d5e2db0d13e0a177dd86938c47,260,,67,"[2,3,4,12]",[4],232,231.1153846153846,0.8846153846153868,-0.8846153846153868,26,cross,500,1980,0.25252525252525254,3.96,0,5,0.7261437133209553,-0.9329019176657585,3a0e4d085ea65fa785f66a1bce96561bfc360430095922cf113b999ef171c867
1,3.0.0,deterministic_synthetic_snapshot,636a86dcd1e54f4eb99f3c9b3f5571b3d5eade536040955e3f830f0ddb67408b,synthetic-community-next,synthetic-community,a7ab8eb08182a09d8d33507e42a6d1b98ec830d5e2db0d13e0a177dd86938c47,260,,68,"[2,3,9,12]",[4],232,231.1153846153846,0.8846153846153868,-0.8846153846153868,26,cross,500,1980,0.25252525252525254,3.96,0,5,0.6732924340802432,-0.9282152704076493,e00b762ccd0b2ffd352848a3bc14f22baaf7a54ef8a1950c6f3092494a5617e3
1,3.0.0,deterministic_synthetic_snapshot,636a86dcd1e54f4eb99f3c9b3f5571b3d5eade536040955e3f830f0ddb67408b,synthetic-community-next,synthetic-community,a7ab8eb08182a09d8d33507e42a6d1b98ec830d5e2db0d13e0a177dd86938c47,260,,69,"[2,3,11,12]",[4],232,231.1153846153846,0.8846153846153868,-0.8846153846153868,26,cross,500,1980,0.25252525252525254,3.96,0,5,0.653245151855504,-0.9262843379945632,a7bd55989c893ff3e2d29a472d2dc454c36bf8b350a9f8c3b0ac0e703614fbbf
1,3.0.0,deterministic_synthetic_snapshot,636a86dcd1e54f4eb99f3c9b3f5571b3d5eade536040955e3f830f0ddb67408b,synthetic-community-next,synthetic-community,a7ab8eb08182a09d8d33507e42a6d1b98ec830d5e2db0d13e0a177dd86938c47,260,,70,"[2,4,6,9]",[4],232,231.1153846153846,0.8846153846153868,-0.8846153846153868,26,cross,500,1980,0.25252525252525254,3.96,0,5,0.9439868273172419,-0.9474834128596366,810cb59927e42ed3c2dfe542101318d200d2ac5b1617e2165e04186b2447bf8a
1,3.0.0,deterministic_synthetic_snapshot,636a86dcd1e54f4eb99f3c9b3f5571b3d5eade536040955e3f830f0ddb67408b,synthetic-community-next,synthetic-community,a7ab8eb08182a09d8d33507e42a6d1b98ec830d5e2db0d13e0a177dd86938c47,260,,71,"[2,6,9,11]",[4],232,231.1153846153846,0.8846153846153868,-0.8846153846153868,26,cross,500,1980,0.25252525252525254,3.96,0,5,0.8492186974121554,-0.9419300860247809,f5d46415e131decd0163a36c10c588a267b757c2f62a40511e2c4a22024af477
1,3.0.0,deterministic_synthetic_snapshot,636a86dcd1e54f4eb99f3c9b3f5571b3d5eade536040955e3f830f0ddb67408b,synthetic-community-next,synthetic-community,a7ab8eb08182a09d8d33507e42a6d1b98ec830d5e2db0d13e0a177dd86938c47,260,,72,"[3,4,11,12]",[4],232,231.1153846153846,0.8846153846153868,-0.8846153846153868,26,cross,500,1980,0.25252525252525254,3.96,0,5,0.8239332106967083,-0.940261396424989,ab59ad65511e288380f1a5a110fc3e7d8b6ce4c1cf65c4792b3caf9975806a8e
1,3.0.0,deterministic_synthetic_snapshot,636a86dcd1e54f4eb99f3c9b3f5571b3d5eade536040955e3f830f0ddb67408b,synthetic-community-next,synthetic-community,a7ab8eb08182a09d8d33507e42a6d1b98ec830d5e2db0d13e0a177dd86938c47,260,,73,"[4,5,7,8]",[4],232,231.1153846153846,0.8846153846153868,-0.8846153846153868,26,cross,500,1980,0.25252525252525254,3.96,0,5,1.3532121378612942,-0.9630906395102735,7dfe41ad032292f4e3b02899dc25fb35fce549d6e4594fecf6e175108ed20683
1,3.0.0,deterministic_synthetic_snapshot,636a86dcd1e54f4eb99f3c9b3f5571b3d5eade536040955e3f830f0ddb67408b,synthetic-community-next,synthetic-community,a7ab8eb08182a09d8d33507e42a6d1b98ec830d5e2db0d13e0a177dd86938c47,260,,74,"[4,5,9,12]",[4],232,231.1153846153846,0.8846153846153868,-0.8846153846153868,26,cross,500,1980,0.25252525252525254,3.96,0,5,0.8239332106967083,-0.940261396424989,169e437a90654f48544c76fa2643bcbf7945064c63804080bd4b189059327cda
1,3.0.0,deterministic_synthetic_snapshot,636a86dcd1e54f4eb99f3c9b3f5571b3d5eade536040955e3f830f0ddb67408b,synthetic-community-next,synthetic-community,a7ab8eb08182a09d8d33507e42a6d1b98ec830d5e2db0d13e0a177dd86938c47,260,,75,"[6,7,9,12]",[4],232,231.1153846153846,0.8846153846153868,-0.8846153846153868,26,cross,500,1980,0.25252525252525254,3.96,0,5,1.1633976697539312,-0.9571430592579175,f454e5056c1cb86a6cc17dcbe2b909d10b8fad8f4b95fcd0770af00a57519b08
1,3.0.0,deterministic_synthetic_snapshot,636a86dcd1e54f4eb99f3c9b3f5571b3d5eade536040955e3f830f0ddb67408b,synthetic-community-next,synthetic-community,a7ab8eb08182a09d8d33507e42a6d1b98ec830d5e2db0d13e0a177dd86938c47,260,,76,"[1,3,6,7]",[1],230,231.1153846153846,1.1153846153846132,-1.1153846153846132,26,cross,500,1980,0.25252525252525254,3.96,0,5,1.504223160181896,-0.9667769346026271,85fbf4253e7ddc69c2bc1f3d59b2eb313492640baf3807c0a9a2db2d48c1e7bb
1,3.0.0,deterministic_synthetic_snapshot,636a86dcd1e54f4eb99f3c9b3f5571b3d5eade536040955e3f830f0ddb67408b,synthetic-community-next,synthetic-community,a7ab8eb08182a09d8d33507e42a6d1b98ec830d5e2db0d13e0a177dd86938c47,260,,77,"[4,8,9,11]",[1],230,231.1153846153846,1.1153846153846132,-1.1153846153846132,26,cross,500,1980,0.25252525252525254,3.96,0,5,0.7994005993482137,-0.9385566945115713,55e4df4fe640d1552cb7c71b7fc66f5c7a6bc35cb0f7e7777a296dfe1c1e4621
1,3.0.0,deterministic_synthetic_snapshot,636a86dcd1e54f4eb99f3c9b3f5571b3d5eade536040955e3f830f0ddb67408b,synthetic-community-next,synthetic-community,a7ab8eb08182a09d8d33507e42a6d1b98ec830d5e2db0d13e0a177dd86938c47,260,,78,"[1,4,10,11]",[1],230,231.1153846153846,1.1153846153846132,-1.1153846153846132,26,cross,500,1980,0.25252525252525254,3.96,0,5,0.6732924340802433,-0.9282152704076493,8b0e68835d859a23400b7d6942caeb6e5d6de78cd2adb7c894d509d918f1eaa8
1,3.0.0,deterministic_synthetic_snapshot,636a86dcd1e54f4eb99f3c9b3f5571b3d5eade536040955e3f830f0ddb67408b,synthetic-community-next,synthetic-community,a7ab8eb08182a09d8d33507e42a6d1b98ec830d5e2db0d13e0a177dd86938c47,260,,79,"[1,5,6,9]",[1],230,231.1153846153846,1.1153846153846132,-1.1153846153846132,26,cross,500,1980,0.25252525252525254,3.96,0,5,0.9439868273172421,-0.9474834128596366,dbecd6aaccf368d4630782ea3a51263437291df60690f3e70c9546251a6b920f
1,3.0.0,deterministic_synthetic_snapshot,636a86dcd1e54f4eb99f3c9b3f5571b3d5eade536040955e3f830f0ddb67408b,synthetic-community-next,synthetic-community,a7ab8eb08182a09d8d33507e42a6d1b98ec830d5e2db0d13e0a177dd86938c47,260,,80,"[3,6,7,9]",[1],230,231.1153846153846,1.1153846153846132,-1.1153846153846132,26,cross,500,1980,0.25252525252525254,3.96,0,5,1.3329139557933751,-0.9625329258259757,87b440abd8c9b9e0a05acb4d3bbcf2f795126ae9fe0ecf0a1ff75d7351fd1a00
1,3.0.0,deterministic_synthetic_snapshot,636a86dcd1e54f4eb99f3c9b3f5571b3d5eade536040955e3f830f0ddb67408b,synthetic-community-next,synthetic-community,a7ab8eb08182a09d8d33507e42a6d1b98ec830d5e2db0d13e0a177dd86938c47,260,,81,"[3,5,6,11]",[1],230,231.1153846153846,1.1153846153846132,-1.1153846153846132,26,cross,500,1980,0.25252525252525254,3.96,0,5,0.88860930386225,-0.9443649726813691,7845b610a1d3a13cdba413db75914e0cfb1488d1f5746dc06881762efcf60525
1,3.0.0,deterministic_synthetic_snapshot,636a86dcd1e54f4eb99f3c9b3f5571b3d5eade536040955e3f830f0ddb67408b,synthetic-community-next,synthetic-community,a7ab8eb08182a09d8d33507e42a6d1b98ec830d5e2db0d13e0a177dd86938c47,260,,82,"[2,5,10,11]",[1],230,231.1153846153846,1.1153846153846132,-1.1153846153846132,26,cross,500,1980,0.25252525252525254,3.96,0,5,0.8492186974121552,-0.9419300860247809,b27a6df0fc4566828631fd12acdbe2d7facb831634572af50352246ee9877a2f
1,3.0.0,deterministic_synthetic_snapshot,636a86dcd1e54f4eb99f3c9b3f5571b3d5eade536040955e3f830f0ddb67408b,synthetic-community-next,synthetic-community,a7ab8eb08182a09d8d33507e42a6d1b98ec830d5e2db0d13e0a177dd86938c47,260,,83,"[2,8,10,11]",[1],230,231.1153846153846,1.1153846153846132,-1.1153846153846132,26,cross,500,1980,0.25252525252525254,3.96,0,5,0.8115742125362577,-0.9394135249659534,9901e57658b617309b3167e77e899924e3becb825bf4c9b732241292f0ff8b16
1,3.0.0,deterministic_synthetic_snapshot,636a86dcd1e54f4eb99f3c9b3f5571b3d5eade536040955e3f830f0ddb67408b,synthetic-community-next,synthetic-community,a7ab8eb08182a09d8d33507e42a6d1b98ec830d5e2db0d13e0a177dd86938c47,260,,84,"[1,2,5,6]",[1],230,231.1153846153846,1.1153846153846132,-1.1153846153846132,26,cross,500,1980,0.25252525252525254,3.96,0,5,1.0493305586228578,-0.9525885028798778,a2f94780d586a43a98dc3c7eacb66b34438bdd0c28ad7f7ea7e461f19367f7cd
1,3.0.0,deterministic_synthetic_snapshot,636a86dcd1e54f4eb99f3c9b3f5571b3d5eade536040955e3f830f0ddb67408b,synthetic-community-next,synthetic-community,a7ab8eb08182a09d8d33507e42a6d1b98ec830d5e2db0d13e0a177dd86938c47,260,,85,"[6,7,8,9]",[1],230,231.1153846153846,1.1153846153846132,-1.1153846153846132,26,cross,500,1980,0.25252525252525254,3.96,0,5,1.9774397056720996,-0.974715941873385,b599c6e7eaf4513bb9454742836796c9d5b6b45ec9586be923f8dd0aef81ddd6
1,3.0.0,deterministic_synthetic_snapshot,636a86dcd1e54f4eb99f3c9b3f5571b3d5eade536040955e3f830f0ddb67408b,synthetic-community-next,synthetic-community,a7ab8eb08182a09d8d33507e42a6d1b98ec830d5e2db0d13e0a177dd86938c47,260,,86,"[5,7,10,12]",[2],230,231.1153846153846,1.1153846153846132,-1.1153846153846132,26,cross,500,1980,0.25252525252525254,3.96,0,5,1.1633976697539312,-0.9571430592579175,1ea0bebeaab311545031f8dce9a72e3abfc750e9c35514d3f84350b53a747319
1,3.0.0,deterministic_synthetic_snapshot,636a86dcd1e54f4eb99f3c9b3f5571b3d5eade536040955e3f830f0ddb67408b,synthetic-community-next,synthetic-community,a7ab8eb08182a09d8d33507e42a6d1b98ec830d5e2db0d13e0a177dd86938c47,260,,87,"[1,4,7,10]",[2],230,231.1153846153846,1.1153846153846132,-1.1153846153846132,26,cross,500,1980,0.25252525252525254,3.96,0,5,2.510532967250205,-0.9800839722361863,0454ecfe84c401b0769e80adafe2ff379ebf2c49ce5361680c3274b384a48b57
1,3.0.0,deterministic_synthetic_snapshot,636a86dcd1e54f4eb99f3c9b3f5571b3d5eade536040955e3f830f0ddb67408b,synthetic-community-next,synthetic-community,a7ab8eb08182a09d8d33507e42a6d1b98ec830d5e2db0d13e0a177dd86938c47,260,,88,"[4,7,10,12]",[2],230,231.1153846153846,1.1153846153846132,-1.1153846153846132,26,cross,500,1980,0.25252525252525254,3.96,0,5,1.181114385536986,-0.9577757436961774,20e1177c2f9d97353c1b89e7e98b30cbc16091f5930357ed4cc9ed17b250e9ad
1,3.0.0,deterministic_synthetic_snapshot,636a86dcd1e54f4eb99f3c9b3f5571b3d5eade536040955e3f830f0ddb67408b,synthetic-community-next,synthetic-community,a7ab8eb08182a09d8d33507e42a6d1b98ec830d5e2db0d13e0a177dd86938c47,260,,89,"[1,8,9,11]",[2],230,231.1153846153846,1.1153846153846132,-1.1153846153846132,26,cross,500,1980,0.25252525252525254,3.96,0,5,0.6434464745776715,-0.9253072829768365,6186a060853a082b94b38e75e1fa2d5f77c12fe51f8a075ff5f881307a53aa23
1,3.0.0,deterministic_synthetic_snapshot,636a86dcd1e54f4eb99f3c9b3f5571b3d5eade536040955e3f830f0ddb67408b,synthetic-community-next,synthetic-community,a7ab8eb08182a09d8d33507e42a6d1b98ec830d5e2db0d13e0a177dd86938c47,260,,90,"[1,9,10,12]",[2],230,231.1153846153846,1.1153846153846132,-1.1153846153846132,26,cross,500,1980,0.25252525252525254,3.96,0,5,0.6149235379601645,-0.9223313433729579,d642d4c862c472fd08dc4eb0313659ac83500d600eb210cdf70baf8b10c9f886
1,3.0.0,deterministic_synthetic_snapshot,636a86dcd1e54f4eb99f3c9b3f5571b3d5eade536040955e3f830f0ddb67408b,synthetic-community-next,synthetic-community,a7ab8eb08182a09d8d33507e42a6d1b98ec830d5e2db0d13e0a177dd86938c47,260,,91,"[7,9,10,12]",[2],230,231.1153846153846,1.1153846153846132,-1.1153846153846132,26,cross,500,1980,0.25252525252525254,3.96,0,5,1.0951487494513283,-0.95452498162876,99e080ed021215816f17dfd8a4bef910cc7cb18d1d00a7720ce13a7b7e992567
1,3.0.0,deterministic_synthetic_snapshot,636a86dcd1e54f4eb99f3c9b3f5571b3d5eade536040955e3f830f0ddb67408b,synthetic-community-next,synthetic-community,a7ab8eb08182a09d8d33507e42a6d1b98ec830d5e2db0d13e0a177dd86938c47,260,,92,"[5,7,8,9]",[3],230,231.1153846153846,1.1153846153846132,-1.1153846153846132,26,cross,500,1980,0.25252525252525254,3.96,0,5,1.2547206254264591,-0.9602210114090314,3648cd946d4533171da7ecf3511ecfa8597238311f5650c6d6231ddaeec45a33
1,3.0.0,deterministic_synthetic_snapshot,636a86dcd1e54f4eb99f3c9b3f5571b3d5eade536040955e3f830f0ddb67408b,synthetic-community-next,synthetic-community,a7ab8eb08182a09d8d33507e42a6d1b98ec830d5e2db0d13e0a177dd86938c47,260,,93,"[1,4,7,11]",[3],230,231.1153846153846,1.1153846153846132,-1.1153846153846132,26,cross,500,1980,0.25252525252525254,3.96,0,5,1.0567841763852357,-0.9529141732312796,a752d487780058ed702114521b77f09dc83c4d1a2f9194b5464c5c79a1d328a9
1,3.0.0,deterministic_synthetic_snapshot,636a86dcd1e54f4eb99f3c9b3f5571b3d5eade536040955e3f830f0ddb67408b,synthetic-community-next,synthetic-community,a7ab8eb08182a09d8d33507e42a6d1b98ec830d5e2db0d13e0a177dd86938c47,260,,94,"[4,6,8,12]",[3],230,231.1153846153846,1.1153846153846132,-1.1153846153846132,26,cross,500,1980,0.25252525252525254,3.96,0,5,0.8239332106967081,-0.9402613964249888,b4b7c4d512ef65a23cd20301e348a6f9b1ac5042a94fe030d952ce51c4e5aef1
1,3.0.0,deterministic_synthetic_snapshot,636a86dcd1e54f4eb99f3c9b3f5571b3d5eade536040955e3f830f0ddb67408b,synthetic-community-next,synthetic-community,a7ab8eb08182a09d8d33507e42a6d1b98ec830d5e2db0d13e0a177dd86938c47,260,,95,"[4,5,11,12]",[3],230,231.1153846153846,1.1153846153846132,-1.1153846153846132,26,cross,500,1980,0.25252525252525254,3.96,0,5,0.7994005993482138,-0.9385566945115713,1e52b5d35e5cdc4acbc0dd566e68b3b1ea4995c389aa215dc9323396886899e3
1,3.0.0,deterministic_synthetic_snapshot,636a86dcd1e54f4eb99f3c9b3f5571b3d5eade536040955e3f830f0ddb67408b,synthetic-community-next,synthetic-community,a7ab8eb08182a09d8d33507e42a6d1b98ec830d5e2db0d13e0a177dd86938c47,260,,96,"[2,6,8,10]",[3],230,231.1153846153846,1.1153846153846132,-1.1153846153846132,26,cross,500,1980,0.25252525252525254,3.96,0,5,0.8752801643043162,-0.9435624666677364,2e482f06cab0c8214575ec83543ae64dfa0c99c342ae235495a075c17fe9505b
1,3.0.0,deterministic_synthetic_snapshot,636a86dcd1e54f4eb99f3c9b3f5571b3d5eade536040955e3f830f0ddb67408b,synthetic-community-next,synthetic-community,a7ab8eb08182a09d8d33507e42a6d1b98ec830d5e2db0d13e0a177dd86938c47,260,,97,"[1,2,7,12]",[3],230,231.1153846153846,1.1153846153846132,-1.1153846153846132,26,cross,500,1980,0.25252525252525254,3.96,0,5,1.0728773364317115,-0.9536029658347127,183fb196b23e8b0664eecb84357adbc8f16cdeaf43072fd3c7638316fe12abb2
1,3.0.0,deterministic_synthetic_snapshot,636a86dcd1e54f4eb99f3c9b3f5571b3d5eade536040955e3f830f0ddb67408b,synthetic-community-next,synthetic-community,a7ab8eb08182a09d8d33507e42a6d1b98ec830d5e2db0d13e0a177dd86938c47,260,,98,"[7,8,11,12]",[3],230,231.1153846153846,1.1153846153846132,-1.1153846153846132,26,cross,500,1980,0.25252525252525254,3.96,0,5,1.0951487494513283,-0.95452498162876,fac65e827731efe0d61fb80e28d57fc83e5526fbc55254d93cca50dfee289323
1,3.0.0,deterministic_synthetic_snapshot,636a86dcd1e54f4eb99f3c9b3f5571b3d5eade536040955e3f830f0ddb67408b,synthetic-community-next,synthetic-community,a7ab8eb08182a09d8d33507e42a6d1b98ec830d5e2db0d13e0a177dd86938c47,260,,99,"[1,4,5,12]",[4],230,231.1153846153846,1.1153846153846132,-1.1153846153846132,26,cross,500,1980,0.25252525252525254,3.96,0,5,0.715251557621141,-0.9319810986150247,9d72efd2db7f479f9e6f93b0b0cdaa64ddf3136679727288c88ba0459f77cbff
1,3.0.0,deterministic_synthetic_snapshot,636a86dcd1e54f4eb99f3c9b3f5571b3d5eade536040955e3f830f0ddb67408b,synthetic-community-next,synthetic-community,a7ab8eb08182a09d8d33507e42a6d1b98ec830d5e2db0d13e0a177dd86938c47,260,,100,"[1,4,6,11]",[4],230,231.1153846153846,1.1153846153846132,-1.1153846153846132,26,cross,500,1980,0.25252525252525254,3.96,0,5,0.715251557621141,-0.9319810986150247,9238efd7a799bab310d3bc72a352c70bbb856d4883ffff2d3f1c422b9c562b31
1,3.0.0,deterministic_synthetic_snapshot,636a86dcd1e54f4eb99f3c9b3f5571b3d5eade536040955e3f830f0ddb67408b,synthetic-community-next,synthetic-community,a7ab8eb08182a09d8d33507e42a6d1b98ec830d5e2db0d13e0a177dd86938c47,260,,101,"[1,4,7,9]",[4],230,231.1153846153846,1.1153846153846132,-1.1153846153846132,26,cross,500,1980,0.25252525252525254,3.96,0,5,1.4159802409758626,-0.9647164481155364,bccde865085fb2dbbd767b957b1f950a35c41a38b2fbffc51ed4ef2bbc6dde2b
1,3.0.0,deterministic_synthetic_snapshot,636a86dcd1e54f4eb99f3c9b3f5571b3d5eade536040955e3f830f0ddb67408b,synthetic-community-next,synthetic-community,a7ab8eb08182a09d8d33507e42a6d1b98ec830d5e2db0d13e0a177dd86938c47,260,,102,"[2,4,5,6]",[4],230,231.1153846153846,1.1153846153846132,-1.1153846153846132,26,cross,500,1980,0.25252525252525254,3.96,0,5,1.0028154401212641,-0.9504552727614592,a5b7333df1c95e91fdb9bae5c4ec4b90116a820f18dba3cc5f258cb7d44033dc
1,3.0.0,deterministic_synthetic_snapshot,636a86dcd1e54f4eb99f3c9b3f5571b3d5eade536040955e3f830f0ddb67408b,synthetic-community-next,synthetic-community,a7ab8eb08182a09d8d33507e42a6d1b98ec830d5e2db0d13e0a177dd86938c47,260,,103,"[2,5,7,10]",[4],230,231.1153846153846,1.1153846153846132,-1.1153846153846132,26,cross,500,1980,0.25252525252525254,3.96,0,5,1.3532121378612942,-0.9630906395102735,48a0d8de7d2d021a9353d4f231d528a5c64af4406543b058217129c8bf1555d0
1,3.0.0,deterministic_synthetic_snapshot,636a86dcd1e54f4eb99f3c9b3f5571b3d5eade536040955e3f830f0ddb67408b,synthetic-community-next,synthetic-community,a7ab8eb08182a09d8d33507e42a6d1b98ec830d5e2db0d13e0a177dd86938c47,260,,104,"[2,5,9,12]",[4],230,231.1153846153846,1.1153846153846132,-1.1153846153846132,26,cross,500,1980,0.25252525252525254,3.96,0,5,0.653245151855504,-0.9262843379945632,c6328ed36c0944a143d246a0f95891f4685a8ccfe891a1559b5ec34d1471dc04
1,3.0.0,deterministic_synthetic_snapshot,636a86dcd1e54f4eb99f3c9b3f5571b3d5eade536040955e3f830f0ddb67408b,synthetic-community-next,synthetic-community,a7ab8eb08182a09d8d33507e42a6d1b98ec830d5e2db0d13e0a177dd86938c47,260,,105,"[2,9,11,12]",[4],230,231.1153846153846,1.1153846153846132,-1.1153846153846132,26,cross,500,1980,0.25252525252525254,3.96,0,5,0.5966141896174005,-0.9203114872752393,1c632c797d70ba09b38c59bd922b19de285bbf8c4b47c2b88e2a11ce30e8b10a
1,3.0.0,deterministic_synthetic_snapshot,636a86dcd1e54f4eb99f3c9b3f5571b3d5eade536040955e3f830f0ddb67408b,synthetic-community-next,synthetic-community,a7ab8eb08182a09d8d33507e42a6d1b98ec830d5e2db0d13e0a177dd86938c47,260,,106,"[3,4,6,11]",[4],230,231.1153846153846,1.1153846153846132,-1.1153846153846132,26,cross,500,1980,0.25252525252525254,3.96,0,5,0.9021414252408632,-0.9451583302141527,afc31af3083bb7e5d77314a63de77ff3afc5ac74abffeea769b610873bde9469
1,3.0.0,deterministic_synthetic_snapshot,636a86dcd1e54f4eb99f3c9b3f5571b3d5eade536040955e3f830f0ddb67408b,synthetic-community-next,synthetic-community,a7ab8eb08182a09d8d33507e42a6d1b98ec830d5e2db0d13e0a177dd86938c47,260,,107,"[4,6,7,8]",[4],230,231.1153846153846,1.1153846153846132,-1.1153846153846132,26,cross,500,1980,0.25252525252525254,3.96,0,5,1.332913955793375,-0.9625329258259757,ef02a11ce0a77480a6b5ac8c17a31041b35b609d44a28bd7cbb3e960c4ebcbaf
1,3.0.0,deterministic_synthetic_snapshot,636a86dcd1e54f4eb99f3c9b3f5571b3d5eade536040955e3f830f0ddb67408b,synthetic-community-next,synthetic-community,a7ab8eb08182a09d8d33507e42a6d1b98ec830d5e2db0d13e0a177dd86938c47,260,,108,"[4,6,7,10]",[4],230,231.1153846153846,1.1153846153846132,-1.1153846153846132,26,cross,500,1980,0.25252525252525254,3.96,0,5,1.2932264427596272,-0.9613933387717912,7c6671f630a2db2e509774b8baa8ad239636551d30f6126de70470905b0f8ea3
1,3.0.0,deterministic_synthetic_snapshot,636a86dcd1e54f4eb99f3c9b3f5571b3d5eade536040955e3f830f0ddb67408b,synthetic-community-next,synthetic-community,a7ab8eb08182a09d8d33507e42a6d1b98ec830d5e2db0d13e0a177dd86938c47,260,,109,"[1,2,5,7]",[4],230,231.1153846153846,1.1153846153846132,-1.1153846153846132,26,cross,500,1980,0.25252525252525254,3.96,0,5,1.5503859003652722,-0.9677627851733214,d8e77315aae59b85679ad1dad4b7ef6264cf576b4de03070ffb7b4923a995828
1,3.0.0,deterministic_synthetic_snapshot,636a86dcd1e54f4eb99f3c9b3f5571b3d5eade536040955e3f830f0ddb67408b,synthetic-community-next,synthetic-community,a7ab8eb08182a09d8d33507e42a6d1b98ec830d5e2db0d13e0a177dd86938c47,260,,110,"[1,2,7,12]",[4],230,231.1153846153846,1.1153846153846132,-1.1153846153846132,26,cross,500,1980,0.25252525252525254,3.96,0,5,1.0728773364317115,-0.9536029658347127,c38130e6d1d9227306c2f73d6999999b153d58aa9194952fb1c3e44919a6d985
1,3.0.0,deterministic_synthetic_snapshot,636a86dcd1e54f4eb99f3c9b3f5571b3d5eade536040955e3f830f0ddb67408b,synthetic-community-next,synthetic-community,a7ab8eb08182a09d8d33507e42a6d1b98ec830d5e2db0d13e0a177dd86938c47,260,,111,"[1,3,6,9]",[1],233,231.1153846153846,1.8846153846153868,-1.8846153846153868,26,cross,500,1980,0.25252525252525254,3.96,0,5,0.9729566103916536,-0.9489876341167178,3b3f841e48232f80e737134a52196f2a9099e89edfdbe97a8544bc9d34f021d6
1,3.0.0,deterministic_synthetic_snapshot,636a86dcd1e54f4eb99f3c9b3f5571b3d5eade536040955e3f830f0ddb67408b,synthetic-community-next,synthetic-community,a7ab8eb08182a09d8d33507e42a6d1b98ec830d5e2db0d13e0a177dd86938c47,260,,112,"[5,8,11,12]",[1],233,231.1153846153846,1.8846153846153868,-1.8846153846153868,26,cross,500,1980,0.25252525252525254,3.96,0,5,0.7525050027580054,-0.9350408910894134,ccfcd2f69826f7f57e98314aa77d8d2fef14ebda344c64d474f92120e77817de
1,3.0.0,deterministic_synthetic_snapshot,636a86dcd1e54f4eb99f3c9b3f5571b3d5eade536040955e3f830f0ddb67408b,synthetic-community-next,synthetic-community,a7ab8eb08182a09d8d33507e42a6d1b98ec830d5e2db0d13e0a177dd86938c47,260,,113,"[1,5,6,11]",[1],233,231.1153846153846,1.8846153846153868,-1.8846153846153868,26,cross,500,1980,0.25252525252525254,3.96,0,5,0.7045227842568239,-0.9310519231148273,cb0eca9348c845c72a5c7b877518250f255806b30090ec35ae69d1af346a1e3d
1,3.0.0,deterministic_synthetic_snapshot,636a86dcd1e54f4eb99f3c9b3f5571b3d5eade536040955e3f830f0ddb67408b,synthetic-community-next,synthetic-community,a7ab8eb08182a09d8d33507e42a6d1b98ec830d5e2db0d13e0a177dd86938c47,260,,114,"[1,8,11,12]",[1],233,231.1153846153846,1.8846153846153868,-1.8846153846153868,26,cross,500,1980,0.25252525252525254,3.96,0,5,0.6149235379601645,-0.9223313433729579,d4c6f8ac9ae1b4ceec3e83d2a114ca80272b73464e5025de16a9b830b1fd125f
1,3.0.0,deterministic_synthetic_snapshot,636a86dcd1e54f4eb99f3c9b3f5571b3d5eade536040955e3f830f0ddb67408b,synthetic-community-next,synthetic-community,a7ab8eb08182a09d8d33507e42a6d1b98ec830d5e2db0d13e0a177dd86938c47,260,,115,"[2,3,6,9]",[1],233,231.1153846153846,1.8846153846153868,-1.8846153846153868,26,cross,500,1980,0.25252525252525254,3.96,0,5,0.9583622612357787,-0.9482401032687121,2a4dc9fa28c3a9d27bfc1a59698860fb3904c38deb9c38a3304280bf4b18d43a
1,3.0.0,deterministic_synthetic_snapshot,636a86dcd1e54f4eb99f3c9b3f5571b3d5eade536040955e3f830f0ddb67408b,synthetic-community-next,synthetic-community,a7ab8eb08182a09d8d33507e42a6d1b98ec830d5e2db0d13e0a177dd86938c47,260,,116,"[3,4,8,11]",[1],233,231.1153846153846,1.8846153846153868,-1.8846153846153868,26,cross,500,1980,0.25252525252525254,3.96,0,5,0.8752801643043162,-0.9435624666677364,b5855998c5c6951ccf3a60ae473a7ef36baf1c0091a5a03a6d8f6e2be96cadaa
1,3.0.0,deterministic_synthetic_snapshot,636a86dcd1e54f4eb99f3c9b3f5571b3d5eade536040955e3f830f0ddb67408b,synthetic-community-next,synthetic-community,a7ab8eb08182a09d8d33507e42a6d1b98ec830d5e2db0d13e0a177dd86938c47,260,,117,"[3,4,6,7]",[1],233,231.1153846153846,1.8846153846153868,-1.8846153846153868,26,cross,500,1980,0.25252525252525254,3.96,0,5,1.437543391853668,-0.9652428885730021,7083193065926fd11930e65a333c5e99a16a5ac55e83dc8f0a7e259a0059a58a
1,3.0.0,deterministic_synthetic_snapshot,636a86dcd1e54f4eb99f3c9b3f5571b3d5eade536040955e3f830f0ddb67408b,synthetic-community-next,synthetic-community,a7ab8eb08182a09d8d33507e42a6d1b98ec830d5e2db0d13e0a177dd86938c47,260,,118,"[1,2,3,4]",[2],233,231.1153846153846,1.8846153846153868,-1.8846153846153868,26,cross,500,1980,0.25252525252525254,3.96,0,5,1.7835585930258933,-0.9719695904094502,f4f9731989ac968cd79a1d83a80fde1af3cf8344825fc39c10b9fa0c456d2cab
1,3.0.0,deterministic_synthetic_snapshot,636a86dcd1e54f4eb99f3c9b3f5571b3d5eade536040955e3f830f0ddb67408b,synthetic-community-next,synthetic-community,a7ab8eb08182a09d8d33507e42a6d1b98ec830d5e2db0d13e0a177dd86938c47,260,,119,"[1,3,9,10]",[2],233,231.1153846153846,1.8846153846153868,-1.8846153846153868,26,cross,500,1980,0.25252525252525254,3.96,0,5,0.9158796195338711,-0.9459425267442407,5e7d71d5f28882b7a638cf5604a12ce97177c933f3ce204d531e8ae866d5563e
1,3.0.0,deterministic_synthetic_snapshot,636a86dcd1e54f4eb99f3c9b3f5571b3d5eade536040955e3f830f0ddb67408b,synthetic-community-next,synthetic-community,a7ab8eb08182a09d8d33507e42a6d1b98ec830d5e2db0d13e0a177dd86938c47,260,,120,"[5,8,9,11]",[2],233,231.1153846153846,1.8846153846153868,-1.8846153846153868,26,cross,500,1980,0.25252525252525254,3.96,0,5,0.7874095903579907,-0.9376909562124826,22ed1129bba23bd6641aa8ae6155fcf634fadcccc2befc12ebb098e498cd382b
1,3.0.0,deterministic_synthetic_snapshot,636a86dcd1e54f4eb99f3c9b3f5571b3d5eade536040955e3f830f0ddb67408b,synthetic-community-next,synthetic-community,a7ab8eb08182a09d8d33507e42a6d1b98ec830d5e2db0d13e0a177dd86938c47,260,,121,"[1,4,6,10]",[2],233,231.1153846153846,1.8846153846153868,-1.8846153846153868,26,cross,500,1980,0.25252525252525254,3.96,0,5,0.9439868273172419,-0.9474834128596366,93ab06e914c526098924fe18a025c1b0e3649d47ba9c9dcec9c6a804c35d334d
1,3.0.0,deterministic_synthetic_snapshot,636a86dcd1e54f4eb99f3c9b3f5571b3d5eade536040955e3f830f0ddb67408b,synthetic-community-next,synthetic-community,a7ab8eb08182a09d8d33507e42a6d1b98ec830d5e2db0d13e0a177dd86938c47,260,,122,"[4,10,11,12]",[2],233,231.1153846153846,1.8846153846153868,-1.8846153846153868,26,cross,500,1980,0.25252525252525254,3.96,0,5,0.741217427716635,-0.9341401467552315,75a6ca940496fa9d35a71ba0da520865e3f2e18cdf2b90620cb2d17082b64510
1,3.0.0,deterministic_synthetic_snapshot,636a86dcd1e54f4eb99f3c9b3f5571b3d5eade536040955e3f830f0ddb67408b,synthetic-community-next,synthetic-community,a7ab8eb08182a09d8d33507e42a6d1b98ec830d5e2db0d13e0a177dd86938c47,260,,123,"[1,5,11,12]",[2],233,231.1153846153846,1.8846153846153868,-1.8846153846153868,26,cross,500,1980,0.25252525252525254,3.96,0,5,0.6434464745776715,-0.9253072829768365,8ebd0cbff9ead22c7e5c9626597f0f04c4a7d13197ed72486a5e63b38f238a64
1,3.0.0,deterministic_synthetic_snapshot,636a86dcd1e54f4eb99f3c9b3f5571b3d5eade536040955e3f830f0ddb67408b,synthetic-community-next,synthetic-community,a7ab8eb08182a09d8d33507e42a6d1b98ec830d5e2db0d13e0a177dd86938c47,260,,124,"[4,5,10,12]",[2],233,231.1153846153846,1.8846153846153868,-1.8846153846153868,26,cross,500,1980,0.25252525252525254,3.96,0,5,0.8115742125362576,-0.9394135249659534,73dee27dae271500f85888072d2dab8c8521f9f633d1d157546e2e8103638d0b
1,3.0.0,deterministic_synthetic_snapshot,636a86dcd1e54f4eb99f3c9b3f5571b3d5eade536040955e3f830f0ddb67408b,synthetic-community-next,synthetic-community,a7ab8eb08182a09d8d33507e42a6d1b98ec830d5e2db0d13e0a177dd86938c47,260,,125,"[3,7,9,10]",[2],233,231.1153846153846,1.8846153846153868,-1.8846153846153868,26,cross,500,1980,0.25252525252525254,3.96,0,5,1.2547206254264591,-0.9602210114090314,25b1019c98a36450630745dfff48e5de84004710ffd5685e1205ccc000548e77
1,3.0.0,deterministic_synthetic_snapshot,636a86dcd1e54f4eb99f3c9b3f5571b3d5eade536040955e3f830f0ddb67408b,synthetic-community-next,synthetic-community,a7ab8eb08182a09d8d33507e42a6d1b98ec830d5e2db0d13e0a177dd86938c47,260,,126,"[2,4,8,10]",[2],233,231.1153846153846,1.8846153846153868,-1.8846153846153868,26,cross,500,1980,0.25252525252525254,3.96,0,5,0.9021414252408628,-0.9451583302141527,bb6e4f2236b9a0ffbd3562986d92e865ecad37d6796941cce17777792321b7fd
1,3.0.0,deterministic_synthetic_snapshot,636a86dcd1e54f4eb99f3c9b3f5571b3d5eade536040955e3f830f0ddb67408b,synthetic-community-next,synthetic-community,a7ab8eb08182a09d8d33507e42a6d1b98ec830d5e2db0d13e0a177dd86938c47,260,,127,"[2,5,8,10]",[2],233,231.1153846153846,1.8846153846153868,-1.8846153846153868,26,cross,500,1980,0.25252525252525254,3.96,0,5,0.8886093038622499,-0.9443649726813691,3337688bf9f9faa97fa8d1631be2b75bc6a6b1fb02d8f6004a5c72a91dae8a0d
1,3.0.0,deterministic_synthetic_snapshot,636a86dcd1e54f4eb99f3c9b3f5571b3d5eade536040955e3f830f0ddb67408b,synthetic-community-next,synthetic-community,a7ab8eb08182a09d8d33507e42a6d1b98ec830d5e2db0d13e0a177dd86938c47,260,,128,"[2,5,10,12]",[2],233,231.1153846153846,1.8846153846153868,-1.8846153846153868,26,cross,500,1980,0.25252525252525254,3.96,0,5,0.6434464745776713,-0.9253072829768365,23de59c5b2e0788988e6863e17c1693cc89c3cf360992743748bb2f4cf5c378e
1,3.0.0,deterministic_synthetic_snapshot,636a86dcd1e54f4eb99f3c9b3f5571b3d5eade536040955e3f830f0ddb67408b,synthetic-community-next,synthetic-community,a7ab8eb08182a09d8d33507e42a6d1b98ec830d5e2db0d13e0a177dd86938c47,260,,129,"[5,7,11,12]",[3],233,231.1153846153846,1.8846153846153868,-1.8846153846153868,26,cross,500,1980,0.25252525252525254,3.96,0,5,1.1459467047076222,-0.9565016987594464,610df4a6ee01cb44929fd3e94448f2aab9ab8a51a6ded0f9214614f69101ab22
1,3.0.0,deterministic_synthetic_snapshot,636a86dcd1e54f4eb99f3c9b3f5571b3d5eade536040955e3f830f0ddb67408b,synthetic-community-next,synthetic-community,a7ab8eb08182a09d8d33507e42a6d1b98ec830d5e2db0d13e0a177dd86938c47,260,,130,"[1,4,6,7]",[3],233,231.1153846153846,1.8846153846153868,-1.8846153846153868,26,cross,500,1980,0.25252525252525254,3.96,0,5,1.4816598127791674,-0.9662730440032272,3520d67dc38354552fff6ca44395917363687ac52a057e0d2fee47525b708285
1,3.0.0,deterministic_synthetic_snapshot,636a86dcd1e54f4eb99f3c9b3f5571b3d5eade536040955e3f830f0ddb67408b,synthetic-community-next,synthetic-community,a7ab8eb08182a09d8d33507e42a6d1b98ec830d5e2db0d13e0a177dd86938c47,260,,131,"[1,5,6,7]",[3],233,231.1153846153846,1.8846153846153868,-1.8846153846153868,26,cross,500,1980,0.25252525252525254,3.96,0,5,1.4594349155874802,-0.9657617247150054,e52c20394eb12c88442a7942142e89db4538936900ffb04cbea26dbff663ec15
1,3.0.0,deterministic_synthetic_snapshot,636a86dcd1e54f4eb99f3c9b3f5571b3d5eade536040955e3f830f0ddb67408b,synthetic-community-next,synthetic-community,a7ab8eb08182a09d8d33507e42a6d1b98ec830d5e2db0d13e0a177dd86938c47,260,,132,"[2,4,5,9]",[3],233,231.1153846153846,1.8846153846153868,-1.8846153846153868,26,cross,500,1980,0.25252525252525254,3.96,0,5,0.9583622612357787,-0.9482401032687121,debbd11c76d73c5b8310363b2a44127551764d868e9b57bb28620b3594c94fad
1,3.0.0,deterministic_synthetic_snapshot,636a86dcd1e54f4eb99f3c9b3f5571b3d5eade536040955e3f830f0ddb67408b,synthetic-community-next,synthetic-community,a7ab8eb08182a09d8d33507e42a6d1b98ec830d5e2db0d13e0a177dd86938c47,260,,133,"[2,4,7,10]",[3],233,231.1153846153846,1.8846153846153868,-1.8846153846153868,26,cross,500,1980,0.25252525252525254,3.96,0,5,1.3738194293008064,-0.9636404086987961,29e24f5a1261c0a82d8b34efb2125abd3e660bbbc923d89505f14df1fa68f695
1,3.0.0,deterministic_synthetic_snapshot,636a86dcd1e54f4eb99f3c9b3f5571b3d5eade536040955e3f830f0ddb67408b,synthetic-community-next,synthetic-community,a7ab8eb08182a09d8d33507e42a6d1b98ec830d5e2db0d13e0a177dd86938c47,260,,134,"[2,4,9,11]",[3],233,231.1153846153846,1.8846153846153868,-1.8846153846153868,26,cross,500,1980,0.25252525252525254,3.96,0,5,0.8752801643043162,-0.9435624666677364,5c80d85818bbb0ebcf29d030975261711a9bdd034496a2881cb8b7c1e08a73dd
1,3.0.0,deterministic_synthetic_snapshot,636a86dcd1e54f4eb99f3c9b3f5571b3d5eade536040955e3f830f0ddb67408b,synthetic-community-next,synthetic-community,a7ab8eb08182a09d8d33507e42a6d1b98ec830d5e2db0d13e0a177dd86938c47,260,,135,"[2,5,9,12]",[3],233,231.1153846153846,1.8846153846153868,-1.8846153846153868,26,cross,500,1980,0.25252525252525254,3.96,0,5,0.653245151855504,-0.9262843379945632,fb8df9d70a733f15baad43a5f96670daa497021ee17aaaefac48328a77a52165
1,3.0.0,deterministic_synthetic_snapshot,636a86dcd1e54f4eb99f3c9b3f5571b3d5eade536040955e3f830f0ddb67408b,synthetic-community-next,synthetic-community,a7ab8eb08182a09d8d33507e42a6d1b98ec830d5e2db0d13e0a177dd86938c47,260,,136,"[1,2,6,9]",[3],233,231.1153846153846,1.8846153846153868,-1.8846153846153868,26,cross,500,1980,0.25252525252525254,3.96,0,5,0.9877732085194453,-0.9497260181322209,e41b8e658e936c07cb63dd0d9cc36fa05e16e9d5eaebb7e6d67ac211a99a9087
1,3.0.0,deterministic_synthetic_snapshot,636a86dcd1e54f4eb99f3c9b3f5571b3d5eade536040955e3f830f0ddb67408b,synthetic-community-next,synthetic-community,a7ab8eb08182a09d8d33507e42a6d1b98ec830d5e2db0d13e0a177dd86938c47,260,,137,"[6,9,11,12]",[3],233,231.1153846153846,1.8846153846153868,-1.8846153846153868,26,cross,500,1980,0.25252525252525254,3.96,0,5,0.7300991663008857,-0.933230835734046,6cdb1e4149943a944ab9d67ea7d00d00c8d6b445d6918499dc822ef4c7322944
1,3.0.0,deterministic_synthetic_snapshot,636a86dcd1e54f4eb99f3c9b3f5571b3d5eade536040955e3f830f0ddb67408b,synthetic-community-next,synthetic-community,a7ab8eb08182a09d8d33507e42a6d1b98ec830d5e2db0d13e0a177dd86938c47,260,,138,"[7,8,9,11]",[3],233,231.1153846153846,1.8846153846153868,-1.8846153846153868,26,cross,500,1980,0.25252525252525254,3.96,0,5,1.1459467047076222,-0.9565016987594464,b74fcbba3365915e80ed40e63ee3202c6ebd54f352eba3096f4d152e685fd209
1,3.0.0,deterministic_synthetic_snapshot,636a86dcd1e54f4eb99f3c9b3f5571b3d5eade536040955e3f830f0ddb67408b,synthetic-community-next,synthetic-community,a7ab8eb08182a09d8d33507e42a6d1b98ec830d5e2db0d13e0a177dd86938c47,260,,139,"[1,4,6,12]",[4],233,231.1153846153846,1.8846153846153868,-1.8846153846153868,26,cross,500,1980,0.25252525252525254,3.96,0,5,0.7045227842568238,-0.9310519231148273,db9727c0fa8c3e12489080ecb35f944b88a4db3d900f1e526855820575805114
1,3.0.0,deterministic_synthetic_snapshot,636a86dcd1e54f4eb99f3c9b3f5571b3d5eade536040955e3f830f0ddb67408b,synthetic-community-next,synthetic-community,a7ab8eb08182a09d8d33507e42a6d1b98ec830d5e2db0d13e0a177dd86938c47,260,,140,"[2,3,4,9]",[4],233,231.1153846153846,1.8846153846153868,-1.8846153846153868,26,cross,500,1980,0.25252525252525254,3.96,0,5,0.9877732085194452,-0.9497260181322209,c2d2c14d086f7aad5aca4863d81d11407cc81cc34b333df68d4df866e838febe
1,3.0.0,deterministic_synthetic_snapshot,636a86dcd1e54f4eb99f3c9b3f5571b3d5eade536040955e3f830f0ddb67408b,synthetic-community-next,synthetic-community,a7ab8eb08182a09d8d33507e42a6d1b98ec830d5e2db0d13e0a177dd86938c47,260,,141,"[1,2,10,12]",[1],229,231.1153846153846,2.115384615384613,-2.115384615384613,26,cross,500,1980,0.25252525252525254,3.96,0,5,0.683545618355577,-0.9291689022694,404d5ccb694d58f3bd2eb70d111c0283dc85a915299db2454f1cecac92b57e2b
1,3.0.0,deterministic_synthetic_snapshot,636a86dcd1e54f4eb99f3c9b3f5571b3d5eade536040955e3f830f0ddb67408b,synthetic-community-next,synthetic-community,a7ab8eb08182a09d8d33507e42a6d1b98ec830d5e2db0d13e0a177dd86938c47,260,,142,"[1,3,4,6]",[1],229,231.1153846153846,2.115384615384613,-2.115384615384613,26,cross,500,1980,0.25252525252525254,3.96,0,5,1.0493305586228576,-0.9525885028798778,5056c855c64fe9d7b3b392e71915e4455d62813ae31b860a8935e177f4044524
1,3.0.0,deterministic_synthetic_snapshot,636a86dcd1e54f4eb99f3c9b3f5571b3d5eade536040955e3f830f0ddb67408b,synthetic-community-next,synthetic-community,a7ab8eb08182a09d8d33507e42a6d1b98ec830d5e2db0d13e0a177dd86938c47,260,,143,"[1,4,7,8]",[1],229,231.1153846153846,2.115384615384613,-2.115384615384613,26,cross,500,1980,0.25252525252525254,3.96,0,5,1.437543391853668,-0.9652428885730021,5444957541aebdf39a2bb98f52e335172f6354f1f67cd56087f9e2bc400c616f
1,3.0.0,deterministic_synthetic_snapshot,636a86dcd1e54f4eb99f3c9b3f5571b3d5eade536040955e3f830f0ddb67408b,synthetic-community-next,synthetic-community,a7ab8eb08182a09d8d33507e42a6d1b98ec830d5e2db0d13e0a177dd86938c47,260,,144,"[1,7,8,12]",[1],229,231.1153846153846,2.115384615384613,-2.115384615384613,26,cross,500,1980,0.25252525252525254,3.96,0,5,0.9798677277832558,-0.9493345760579841,fcb885e228b4d06d661b019fcf93b16ef5cbfd66aa21c599253376c4f1159703
1,3.0.0,deterministic_synthetic_snapshot,636a86dcd1e54f4eb99f3c9b3f5571b3d5eade536040955e3f830f0ddb67408b,synthetic-community-next,synthetic-community,a7ab8eb08182a09d8d33507e42a6d1b98ec830d5e2db0d13e0a177dd86938c47,260,,145,"[2,3,4,6]",[1],229,231.1153846153846,2.115384615384613,-2.115384615384613,26,cross,500,1980,0.25252525252525254,3.96,0,5,1.0335906002435147,-0.9518864864744587,868a794c6205713b933f2e1beda712677170fc4ec4f7e02e5fdd2720695bcae8
1,3.0.0,deterministic_synthetic_snapshot,636a86dcd1e54f4eb99f3c9b3f5571b3d5eade536040955e3f830f0ddb67408b,synthetic-community-next,synthetic-community,a7ab8eb08182a09d8d33507e42a6d1b98ec830d5e2db0d13e0a177dd86938c47,260,,146,"[2,3,8,9]",[1],229,231.1153846153846,2.115384615384613,-2.115384615384613,26,cross,500,1980,0.25252525252525254,3.96,0,5,0.9298270249074835,-0.9467175549983096,2bc3ab2a27e5b190aece265dc9fd4f55b525315c83c89baaa0bbd1d359161f94
1,3.0.0,deterministic_synthetic_snapshot,636a86dcd1e54f4eb99f3c9b3f5571b3d5eade536040955e3f830f0ddb67408b,synthetic-community-next,synthetic-community,a7ab8eb08182a09d8d33507e42a6d1b98ec830d5e2db0d13e0a177dd86938c47,260,,147,"[3,5,6,7]",[1],229,231.1153846153846,2.115384615384613,-2.115384615384613,26,cross,500,1980,0.25252525252525254,3.96,0,5,1.4159802409758626,-0.9647164481155364,cbd55a2bc14239868dd1ff26ab43d368ec7e53d0ce10d4b239cd32103805f889
1,3.0.0,deterministic_synthetic_snapshot,636a86dcd1e54f4eb99f3c9b3f5571b3d5eade536040955e3f830f0ddb67408b,synthetic-community-next,synthetic-community,a7ab8eb08182a09d8d33507e42a6d1b98ec830d5e2db0d13e0a177dd86938c47,260,,148,"[7,8,10,11]",[1],229,231.1153846153846,2.115384615384613,-2.115384615384613,26,cross,500,1980,0.25252525252525254,3.96,0,5,1.1287575041370077,-0.9558516026930197,1fb806deb865408c872c695a8cb1c51c9b3491b3a44f613542f64c6a3c4672ce
1,3.0.0,deterministic_synthetic_snapshot,636a86dcd1e54f4eb99f3c9b3f5571b3d5eade536040955e3f830f0ddb67408b,synthetic-community-next,synthetic-community,a7ab8eb08182a09d8d33507e42a6d1b98ec830d5e2db0d13e0a177dd86938c47,260,,149,"[1,3,4,7]",[2],229,231.1153846153846,2.115384615384613,-2.115384615384613,26,cross,500,1980,0.25252525252525254,3.96,0,5,1.550385900365272,-0.9677627851733214,1ba0cce3e2b06d2fece359e25b25619cf6bd0a24134ea78d0e8c939ebb66e889
1,3.0.0,deterministic_synthetic_snapshot,636a86dcd1e54f4eb99f3c9b3f5571b3d5eade536040955e3f830f0ddb67408b,synthetic-community-next,synthetic-community,a7ab8eb08182a09d8d33507e42a6d1b98ec830d5e2db0d13e0a177dd86938c47,260,,150,"[1,4,8,9]",[2],229,231.1153846153846,2.115384615384613,-2.115384615384613,26,cross,500,1980,0.25252525252525254,3.96,0,5,0.9298270249074835,-0.9467175549983096,5ede46de7c279053ed4a9288cc5ab64c3a658a085872d0cf3abf30885c4f1ce9
1,3.0.0,deterministic_synthetic_snapshot,636a86dcd1e54f4eb99f3c9b3f5571b3d5eade536040955e3f830f0ddb67408b,synthetic-community-next,synthetic-community,a7ab8eb08182a09d8d33507e42a6d1b98ec830d5e2db0d13e0a177dd86938c47,260,,151,"[1,4,10,11]",[2],229,231.1153846153846,2.115384615384613,-2.115384615384613,26,cross,500,1980,0.25252525252525254,3.96,0,5,0.6732924340802433,-0.9282152704076493,693f821e2d665b98ed2440f20f5ef2fcdd260edd6e17ab74708ddc2e8b337211
1,3.0.0,deterministic_synthetic_snapshot,636a86dcd1e54f4eb99f3c9b3f5571b3d5eade536040955e3f830f0ddb67408b,synthetic-community-next,synthetic-community,a7ab8eb08182a09d8d33507e42a6d1b98ec830d5e2db0d13e0a177dd86938c47,260,,152,"[4,8,9,10]",[2],229,231.1153846153846,2.115384615384613,-2.115384615384613,26,cross,500,1980,0.25252525252525254,3.96,0,5,0.8115742125362576,-0.9394135249659534,852424be6fb0af2ab53d39c4cd57cdfec4fda0c9f83362b382cbc09d3e1c231e
1,3.0.0,deterministic_synthetic_snapshot,636a86dcd1e54f4eb99f3c9b3f5571b3d5eade536040955e3f830f0ddb67408b,synthetic-community-next,synthetic-community,a7ab8eb08182a09d8d33507e42a6d1b98ec830d5e2db0d13e0a177dd86938c47,260,,153,"[1,5,9,11]",[2],229,231.1153846153846,2.115384615384613,-2.115384615384613,26,cross,500,1980,0.25252525252525254,3.96,0,5,0.6732924340802433,-0.9282152704076493,bde6d8d1a847d0f81f4e3cc45a457c0cae7647ce62e2ec255f8e2af95afcc893
1,3.0.0,deterministic_synthetic_snapshot,636a86dcd1e54f4eb99f3c9b3f5571b3d5eade536040955e3f830f0ddb67408b,synthetic-community-next,synthetic-community,a7ab8eb08182a09d8d33507e42a6d1b98ec830d5e2db0d13e0a177dd86938c47,260,,154,"[2,3,4,10]",[2],229,231.1153846153846,2.115384615384613,-2.115384615384613,26,cross,500,1980,0.25252525252525254,3.96,0,5,0.9729566103916533,-0.9489876341167178,9176b0220562180b67a7e440c25dc212a52ec1490f95ad9fd7826134556cdec9
1,3.0.0,deterministic_synthetic_snapshot,636a86dcd1e54f4eb99f3c9b3f5571b3d5eade536040955e3f830f0ddb67408b,synthetic-community-next,synthetic-community,a7ab8eb08182a09d8d33507e42a6d1b98ec830d5e2db0d13e0a177dd86938c47,260,,155,"[2,3,8,10]",[2],229,231.1153846153846,2.115384615384613,-2.115384615384613,26,cross,500,1980,0.25252525252525254,3.96,0,5,0.9158796195338711,-0.9459425267442407,7a4842b3c10233aaacd1c3b09760e749522a8c6290e732be11594b5ea406d064
1,3.0.0,deterministic_synthetic_snapshot,636a86dcd1e54f4eb99f3c9b3f5571b3d5eade536040955e3f830f0ddb67408b,synthetic-community-next,synthetic-community,a7ab8eb08182a09d8d33507e42a6d1b98ec830d5e2db0d13e0a177dd86938c47,260,,156,"[3,8,9,10]",[2],229,231.1153846153846,2.115384615384613,-2.115384615384613,26,cross,500,1980,0.25252525252525254,3.96,0,5,0.8239332106967083,-0.940261396424989,07e33f1f1bdbc7f12c0f611ddaf1220ad488f3969c207e19196f1679fda83c9a
1,3.0.0,deterministic_synthetic_snapshot,636a86dcd1e54f4eb99f3c9b3f5571b3d5eade536040955e3f830f0ddb67408b,synthetic-community-next,synthetic-community,a7ab8eb08182a09d8d33507e42a6d1b98ec830d5e2db0d13e0a177dd86938c47,260,,157,"[3,4,8,9]",[2],229,231.1153846153846,2.115384615384613,-2.115384615384613,26,cross,500,1980,0.25252525252525254,3.96,0,5,0.9021414252408628,-0.9451583302141527,b69c2be53ed69ca755b7c12ae9557f7b4266779fe86e91ce4ca9b35c36fa5d33
1,3.0.0,deterministic_synthetic_snapshot,636a86dcd1e54f4eb99f3c9b3f5571b3d5eade536040955e3f830f0ddb67408b,synthetic-community-next,synthetic-community,a7ab8eb08182a09d8d33507e42a6d1b98ec830d5e2db0d13e0a177dd86938c47,260,,158,"[3,5,7,8]",[2],229,231.1153846153846,2.115384615384613,-2.115384615384613,26,cross,500,1980,0.25252525252525254,3.96,0,5,1.3738194293008064,-0.9636404086987961,c95b36e681e9287b160273554f6b3b5ca9d393f36a563561a11070defe93deeb
1,3.0.0,deterministic_synthetic_snapshot,636a86dcd1e54f4eb99f3c9b3f5571b3d5eade536040955e3f830f0ddb67408b,synthetic-community-next,synthetic-community,a7ab8eb08182a09d8d33507e42a6d1b98ec830d5e2db0d13e0a177dd86938c47,260,,159,"[3,5,8,9]",[2],229,231.1153846153846,2.115384615384613,-2.115384615384613,26,cross,500,1980,0.25252525252525254,3.96,0,5,0.88860930386225,-0.9443649726813691,8f2ebeccb701886dbf7b0aac8439159e8f9b1c76e5c4b1bd9f854ca5f7bbc651
1,3.0.0,deterministic_synthetic_snapshot,636a86dcd1e54f4eb99f3c9b3f5571b3d5eade536040955e3f830f0ddb67408b,synthetic-community-next,synthetic-community,a7ab8eb08182a09d8d33507e42a6d1b98ec830d5e2db0d13e0a177dd86938c47,260,,160,"[1,2,6,8]",[2],229,231.1153846153846,2.115384615384613,-2.115384615384613,26,cross,500,1980,0.25252525252525254,3.96,0,5,1.0028154401212641,-0.9504552727614592,27d14907f051518e0a44404a411cbeefdfc788d7f9338c0a78aef0bb5e4de91b
1,3.0.0,deterministic_synthetic_snapshot,636a86dcd1e54f4eb99f3c9b3f5571b3d5eade536040955e3f830f0ddb67408b,synthetic-community-next,synthetic-community,a7ab8eb08182a09d8d33507e42a6d1b98ec830d5e2db0d13e0a177dd86938c47,260,,161,"[4,7,10,11]",[3],229,231.1153846153846,2.115384615384613,-2.115384615384613,26,cross,500,1980,0.25252525252525254,3.96,0,5,1.1991008990223206,-0.9583998145483417,eee96c2e444489191c546ea64d4b6fd5be6d8bbb53e3fa9200c65e44ed7ca045
1,3.0.0,deterministic_synthetic_snapshot,636a86dcd1e54f4eb99f3c9b3f5571b3d5eade536040955e3f830f0ddb67408b,synthetic-community-next,synthetic-community,a7ab8eb08182a09d8d33507e42a6d1b98ec830d5e2db0d13e0a177dd86938c47,260,,162,"[2,5,11,12]",[3],229,231.1153846153846,2.115384615384613,-2.115384615384613,26,cross,500,1980,0.25252525252525254,3.96,0,5,0.6337947774590064,-0.9243226743732955,a483d737439d3151a43e40f91097abf72106a4d2bfeef170fd1a9ba587dbec84
1,3.0.0,deterministic_synthetic_snapshot,636a86dcd1e54f4eb99f3c9b3f5571b3d5eade536040955e3f830f0ddb67408b,synthetic-community-next,synthetic-community,a7ab8eb08182a09d8d33507e42a6d1b98ec830d5e2db0d13e0a177dd86938c47,260,,163,"[2,8,11,12]",[3],229,231.1153846153846,2.115384615384613,-2.115384615384613,26,cross,500,1980,0.25252525252525254,3.96,0,5,0.605699684890762,-0.9213249066073382,2974fc02247006d2f055f5ddb3e64e61780dc4592cdeeb52c9152d0bc622a522
1,3.0.0,deterministic_synthetic_snapshot,636a86dcd1e54f4eb99f3c9b3f5571b3d5eade536040955e3f830f0ddb67408b,synthetic-community-next,synthetic-community,a7ab8eb08182a09d8d33507e42a6d1b98ec830d5e2db0d13e0a177dd86938c47,260,,164,"[2,9,11,12]",[3],229,231.1153846153846,2.115384615384613,-2.115384615384613,26,cross,500,1980,0.25252525252525254,3.96,0,5,0.5966141896174005,-0.9203114872752393,226fa5dd5571813643c7872c4133526d9544315ab90e1dedf0132afd043d8600
1,3.0.0,deterministic_synthetic_snapshot,636a86dcd1e54f4eb99f3c9b3f5571b3d5eade536040955e3f830f0ddb67408b,synthetic-community-next,synthetic-community,a7ab8eb08182a09d8d33507e42a6d1b98ec830d5e2db0d13e0a177dd86938c47,260,,165,"[1,2,3,11]",[4],229,231.1153846153846,2.115384615384613,-2.115384615384613,26,cross,500,1980,0.25252525252525254,3.96,0,5,0.7713964924009725,-0.9364998553133947,bd80cad1545ec33102691077e987c4632af49977af2663f5acfcfc2454cb3b97
1,3.0.0,deterministic_synthetic_snapshot,636a86dcd1e54f4eb99f3c9b3f5571b3d5eade536040955e3f830f0ddb67408b,synthetic-community-next,synthetic-community,a7ab8eb08182a09d8d33507e42a6d1b98ec830d5e2db0d13e0a177dd86938c47,260,,166,"[1,2,4,5]",[4],229,231.1153846153846,2.115384615384613,-2.115384615384613,26,cross,500,1980,0.25252525252525254,3.96,0,5,1.081533209949092,-0.9539655296716195,0be4fa625a01f1080e0ec36ae5e1910212e1e91b94283a80d6dcbe6bf02131fe
1,3.0.0,deterministic_synthetic_snapshot,636a86dcd1e54f4eb99f3c9b3f5571b3d5eade536040955e3f830f0ddb67408b,synthetic-community-next,synthetic-community,a7ab8eb08182a09d8d33507e42a6d1b98ec830d5e2db0d13e0a177dd86938c47,260,,167,"[5,7,8,11]",[4],229,231.1153846153846,2.115384615384613,-2.115384615384613,26,cross,500,1980,0.25252525252525254,3.96,0,5,1.2173613188043866,-0.9590153370922418,99df566b5865b3a39f41dfdce36c5ab002297f71e8a0fd0674e0e616ba3b3309
1,3.0.0,deterministic_synthetic_snapshot,636a86dcd1e54f4eb99f3c9b3f5571b3d5eade536040955e3f830f0ddb67408b,synthetic-community-next,synthetic-community,a7ab8eb08182a09d8d33507e42a6d1b98ec830d5e2db0d13e0a177dd86938c47,260,,168,"[6,7,8,9]",[4],229,231.1153846153846,2.115384615384613,-2.115384615384613,26,cross,500,1980,0.25252525252525254,3.96,0,5,1.9774397056720996,-0.974715941873385,7d67ae2083b364f7a576ef8a734081774a4175874229a1f1b6fd8809a6247328
1,3.0.0,deterministic_synthetic_snapshot,636a86dcd1e54f4eb99f3c9b3f5571b3d5eade536040955e3f830f0ddb67408b,synthetic-community-next,synthetic-community,a7ab8eb08182a09d8d33507e42a6d1b98ec830d5e2db0d13e0a177dd86938c47,260,,169,"[1,4,7,12]",[4],229,231.1153846153846,2.115384615384613,-2.115384615384613,26,cross,500,1980,0.25252525252525254,3.96,0,5,1.040932413739457,-0.9522163833983659,2dbe5a1daa6ad0d2223d0d874e3087e7dca4f5e9edf156bb4aad056554acc94d
1,3.0.0,deterministic_synthetic_snapshot,636a86dcd1e54f4eb99f3c9b3f5571b3d5eade536040955e3f830f0ddb67408b,synthetic-community-next,synthetic-community,a7ab8eb08182a09d8d33507e42a6d1b98ec830d5e2db0d13e0a177dd86938c47,260,,170,"[4,7,9,12]",[4],229,231.1153846153846,2.115384615384613,-2.115384615384613,26,cross,500,1980,0.25252525252525254,3.96,0,5,1.1991008990223206,-0.9583998145483417,a2821d2f4501a349d1b4b95d038da17dba46700578ebcd019d806bd7713cb78b
1,3.0.0,deterministic_synthetic_snapshot,636a86dcd1e54f4eb99f3c9b3f5571b3d5eade536040955e3f830f0ddb67408b,synthetic-community-next,synthetic-community,a7ab8eb08182a09d8d33507e42a6d1b98ec830d5e2db0d13e0a177dd86938c47,260,,171,"[2,4,8,9]",[4],229,231.1153846153846,2.115384615384613,-2.115384615384613,26,cross,500,1980,0.25252525252525254,3.96,0,5,0.915879619533871,-0.9459425267442407,551cbe5d92196d616cd0115d320dc87e4f2a4a1362437a69698c200b0efc2f8f
1,3.0.0,deterministic_synthetic_snapshot,636a86dcd1e54f4eb99f3c9b3f5571b3d5eade536040955e3f830f0ddb67408b,synthetic-community-next,synthetic-community,a7ab8eb08182a09d8d33507e42a6d1b98ec830d5e2db0d13e0a177dd86938c47,260,,172,"[2,8,9,11]",[4],229,231.1153846153846,2.115384615384613,-2.115384615384613,26,cross,500,1980,0.25252525252525254,3.96,0,5,0.8239332106967083,-0.940261396424989,f202cd2a7b1869f08ba84c0d5ec0bcc9b2e5ced71e112cb9e0e532bb1387c05f
1,3.0.0,deterministic_synthetic_snapshot,636a86dcd1e54f4eb99f3c9b3f5571b3d5eade536040955e3f830f0ddb67408b,synthetic-community-next,synthetic-community,a7ab8eb08182a09d8d33507e42a6d1b98ec830d5e2db0d13e0a177dd86938c47,260,,173,"[4,6,8,11]",[4],229,231.1153846153846,2.115384615384613,-2.115384615384613,26,cross,500,1980,0.25252525252525254,3.96,0,5,0.8364804169509727,-0.9411002633986193,190096164affcd7ee51bba2d343e92fcc3f48f34f3919eece03bca6aab910549
1,3.0.0,deterministic_synthetic_snapshot,636a86dcd1e54f4eb99f3c9b3f5571b3d5eade536040955e3f830f0ddb67408b,synthetic-community-next,synthetic-community,a7ab8eb08182a09d8d33507e42a6d1b98ec830d5e2db0d13e0a177dd86938c47,260,,174,"[1,2,9,11]",[4],229,231.1153846153846,2.115384615384613,-2.115384615384613,26,cross,500,1980,0.25252525252525254,3.96,0,5,0.7045227842568239,-0.9310519231148273,56cd49f5cab41eb1d67cba2dfcbc0cc74719113c84121e328bba47fcb5181803
1,3.0.0,deterministic_synthetic_snapshot,636a86dcd1e54f4eb99f3c9b3f5571b3d5eade536040955e3f830f0ddb67408b,synthetic-community-next,synthetic-community,a7ab8eb08182a09d8d33507e42a6d1b98ec830d5e2db0d13e0a177dd86938c47,260,,175,"[1,2,10,11]",[1],234,231.1153846153846,2.884615384615387,-2.884615384615387,26,cross,500,1980,0.25252525252525254,3.96,0,5,0.6939549424929716,-0.9301144896615852,435a8a3770ffccf6f7f73078ba844a33c36f9e2c5e071e6bcbc9e299be5ddb96
1,3.0.0,deterministic_synthetic_snapshot,636a86dcd1e54f4eb99f3c9b3f5571b3d5eade536040955e3f830f0ddb67408b,synthetic-community-next,synthetic-community,a7ab8eb08182a09d8d33507e42a6d1b98ec830d5e2db0d13e0a177dd86938c47,260,,176,"[1,3,4,5]",[1],234,231.1153846153846,2.884615384615387,-2.884615384615387,26,cross,500,1980,0.25252525252525254,3.96,0,5,1.0653102117998554,-0.9532815042645874,e49f5c820f924c86fe624cde5d4d33641045f8d9eaec308190c4af186e1e2f9b
1,3.0.0,deterministic_synthetic_snapshot,636a86dcd1e54f4eb99f3c9b3f5571b3d5eade536040955e3f830f0ddb67408b,synthetic-community-next,synthetic-community,a7ab8eb08182a09d8d33507e42a6d1b98ec830d5e2db0d13e0a177dd86938c47,260,,177,"[1,3,7,9]",[1],234,231.1153846153846,2.884615384615387,-2.884615384615387,26,cross,500,1980,0.25252525252525254,3.96,0,5,1.437543391853668,-0.9652428885730021,d76ac973e0e74ead49d470b83d947fffbd426877fb98f26dd9ed8a41e334eeb8
1,3.0.0,deterministic_synthetic_snapshot,636a86dcd1e54f4eb99f3c9b3f5571b3d5eade536040955e3f830f0ddb67408b,synthetic-community-next,synthetic-community,a7ab8eb08182a09d8d33507e42a6d1b98ec830d5e2db0d13e0a177dd86938c47,260,,178,"[5,6,7,8]",[1],234,231.1153846153846,2.884615384615387,-2.884615384615387,26,cross,500,1980,0.25252525252525254,3.96,0,5,2.1006723943303585,-0.976198684735474,a5c5220468e587a404bcfa2fe4a63d04c3dcb3e58e5a5370c91b482130300356
1,3.0.0,deterministic_synthetic_snapshot,636a86dcd1e54f4eb99f3c9b3f5571b3d5eade536040955e3f830f0ddb67408b,synthetic-community-next,synthetic-community,a7ab8eb08182a09d8d33507e42a6d1b98ec830d5e2db0d13e0a177dd86938c47,260,,179,"[4,6,10,11]",[1],234,231.1153846153846,2.884615384615387,-2.884615384615387,26,cross,500,1980,0.25252525252525254,3.96,0,5,0.8115742125362577,-0.9394135249659534,bbc7f478487956be85915ed5f397a9270ba6a64a55927519ea84b96c0aa38d8b
1,3.0.0,deterministic_synthetic_snapshot,636a86dcd1e54f4eb99f3c9b3f5571b3d5eade536040955e3f830f0ddb67408b,synthetic-community-next,synthetic-community,a7ab8eb08182a09d8d33507e42a6d1b98ec830d5e2db0d13e0a177dd86938c47,260,,180,"[4,6,7,8]",[1],234,231.1153846153846,2.884615384615387,-2.884615384615387,26,cross,500,1980,0.25252525252525254,3.96,0,5,1.332913955793375,-0.9625329258259757,b4b7a9dd7a77498ebb98d3b4300464568172896e55493dec5cf20f0250e9f617
1,3.0.0,deterministic_synthetic_snapshot,636a86dcd1e54f4eb99f3c9b3f5571b3d5eade536040955e3f830f0ddb67408b,synthetic-community-next,synthetic-community,a7ab8eb08182a09d8d33507e42a6d1b98ec830d5e2db0d13e0a177dd86938c47,260,,181,"[3,6,9,11]",[1],234,231.1153846153846,2.884615384615387,-2.884615384615387,26,cross,500,1980,0.25252525252525254,3.96,0,5,0.836480416950973,-0.9411002633986193,1989381db2ec805f4e273de8ff247a4bdc96283a775b310570d89dab7852d122
1,3.0.0,deterministic_synthetic_snapshot,636a86dcd1e54f4eb99f3c9b3f5571b3d5eade536040955e3f830f0ddb67408b,synthetic-community-next,synthetic-community,a7ab8eb08182a09d8d33507e42a6d1b98ec830d5e2db0d13e0a177dd86938c47,260,,182,"[3,7,9,12]",[1],234,231.1153846153846,2.884615384615387,-2.884615384615387,26,cross,500,1980,0.25252525252525254,3.96,0,5,1.2173613188043864,-0.9590153370922418,9330936e31355fb0c35595672445f1bc61b9fdf8647fe88d970fcb2bec8427b2
1,3.0.0,deterministic_synthetic_snapshot,636a86dcd1e54f4eb99f3c9b3f5571b3d5eade536040955e3f830f0ddb67408b,synthetic-community-next,synthetic-community,a7ab8eb08182a09d8d33507e42a6d1b98ec830d5e2db0d13e0a177dd86938c47,260,,183,"[2,6,10,11]",[1],234,231.1153846153846,2.884615384615387,-2.884615384615387,26,cross,500,1980,0.25252525252525254,3.96,0,5,0.836480416950973,-0.9411002633986193,bbd6504552251c902e702ca68c1724bd30911e271709f7f49f8d0e1d433dd2ed
1,3.0.0,deterministic_synthetic_snapshot,636a86dcd1e54f4eb99f3c9b3f5571b3d5eade536040955e3f830f0ddb67408b,synthetic-community-next,synthetic-community,a7ab8eb08182a09d8d33507e42a6d1b98ec830d5e2db0d13e0a177dd86938c47,260,,184,"[2,10,11,12]",[1],234,231.1153846153846,2.884615384615387,-2.884615384615387,26,cross,500,1980,0.25252525252525254,3.96,0,5,0.5876649767731394,-0.9192912397828685,97a52b753b5c76afadf64848f1807d480b77bb5f6965e84f00c00718ca912d2c
1,3.0.0,deterministic_synthetic_snapshot,636a86dcd1e54f4eb99f3c9b3f5571b3d5eade536040955e3f830f0ddb67408b,synthetic-community-next,synthetic-community,a7ab8eb08182a09d8d33507e42a6d1b98ec830d5e2db0d13e0a177dd86938c47,260,,185,"[1,2,3,6]",[2],234,231.1153846153846,2.884615384615387,-2.884615384615387,26,cross,500,1980,0.25252525252525254,3.96,0,5,1.0815332099490922,-0.9539655296716195,25e68cfc65f81aa748fcfe3ac7fd74615ec3e3936b6b48172a5d76e61bf494c4
1,3.0.0,deterministic_synthetic_snapshot,636a86dcd1e54f4eb99f3c9b3f5571b3d5eade536040955e3f830f0ddb67408b,synthetic-community-next,synthetic-community,a7ab8eb08182a09d8d33507e42a6d1b98ec830d5e2db0d13e0a177dd86938c47,260,,186,"[1,3,5,9]",[2],234,231.1153846153846,2.884615384615387,-2.884615384615387,26,cross,500,1980,0.25252525252525254,3.96,0,5,0.9877732085194453,-0.9497260181322209,a0544df436f28d34fffbb1fcb85d19f87db60f7177460d4bf5c441865e6ee77f
1,3.0.0,deterministic_synthetic_snapshot,636a86dcd1e54f4eb99f3c9b3f5571b3d5eade536040955e3f830f0ddb67408b,synthetic-community-next,synthetic-community,a7ab8eb08182a09d8d33507e42a6d1b98ec830d5e2db0d13e0a177dd86938c47,260,,187,"[1,3,8,9]",[2],234,231.1153846153846,2.884615384615387,-2.884615384615387,26,cross,500,1980,0.25252525252525254,3.96,0,5,0.9439868273172421,-0.9474834128596366,635f7f3d88e7ec8ba36b9240299316e91480e51649031e4746d96a5b2eac8176
1,3.0.0,deterministic_synthetic_snapshot,636a86dcd1e54f4eb99f3c9b3f5571b3d5eade536040955e3f830f0ddb67408b,synthetic-community-next,synthetic-community,a7ab8eb08182a09d8d33507e42a6d1b98ec830d5e2db0d13e0a177dd86938c47,260,,188,"[5,6,8,10]",[2],234,231.1153846153846,2.884615384615387,-2.884615384615387,26,cross,500,1980,0.25252525252525254,3.96,0,5,0.836480416950973,-0.9411002633986193,32eea5a499849e345ca743fe845a92716d2a03bc041fd4a35bca662232dfb0d4
1,3.0.0,deterministic_synthetic_snapshot,636a86dcd1e54f4eb99f3c9b3f5571b3d5eade536040955e3f830f0ddb67408b,synthetic-community-next,synthetic-community,a7ab8eb08182a09d8d33507e42a6d1b98ec830d5e2db0d13e0a177dd86938c47,260,,189,"[4,6,8,10]",[2],234,231.1153846153846,2.884615384615387,-2.884615384615387,26,cross,500,1980,0.25252525252525254,3.96,0,5,1.5285936553418793,-0.9673047113815219,93ef2899e44ce178a5092ebdcab524267ba20e14b02860d313e82c8c78b9b5db
1,3.0.0,deterministic_synthetic_snapshot,636a86dcd1e54f4eb99f3c9b3f5571b3d5eade536040955e3f830f0ddb67408b,synthetic-community-next,synthetic-community,a7ab8eb08182a09d8d33507e42a6d1b98ec830d5e2db0d13e0a177dd86938c47,260,,190,"[4,7,8,10]",[2],234,231.1153846153846,2.884615384615387,-2.884615384615387,26,cross,500,1980,0.25252525252525254,3.96,0,5,1.2547206254264591,-0.9602210114090314,1fc354a82e1a30b3316d73303505a818375709e3885daac38b7f39c18a88dc3b
1,3.0.0,deterministic_synthetic_snapshot,636a86dcd1e54f4eb99f3c9b3f5571b3d5eade536040955e3f830f0ddb67408b,synthetic-community-next,synthetic-community,a7ab8eb08182a09d8d33507e42a6d1b98ec830d5e2db0d13e0a177dd86938c47,260,,191,"[4,8,10,11]",[2],234,231.1153846153846,2.884615384615387,-2.884615384615387,26,cross,500,1980,0.25252525252525254,3.96,0,5,0.7874095903579905,-0.9376909562124824,18e1f84b5ffa76459b4f6cf74b0ab02a5b555267f541823ee5f601020ddb6f4f
1,3.0.0,deterministic_synthetic_snapshot,636a86dcd1e54f4eb99f3c9b3f5571b3d5eade536040955e3f830f0ddb67408b,synthetic-community-next,synthetic-community,a7ab8eb08182a09d8d33507e42a6d1b98ec830d5e2db0d13e0a177dd86938c47,260,,192,"[2,3,6,10]",[2],234,231.1153846153846,2.884615384615387,-2.884615384615387,26,cross,500,1980,0.25252525252525254,3.96,0,5,0.9439868273172419,-0.9474834128596366,2a4d19d91ecf25ecef5ba60f6d3d709b0104f78f561ea6944c34b2780f27d7ab
1,3.0.0,deterministic_synthetic_snapshot,636a86dcd1e54f4eb99f3c9b3f5571b3d5eade536040955e3f830f0ddb67408b,synthetic-community-next,synthetic-community,a7ab8eb08182a09d8d33507e42a6d1b98ec830d5e2db0d13e0a177dd86938c47,260,,193,"[7,10,11,12]",[2],234,231.1153846153846,2.884615384615387,-2.884615384615387,26,cross,500,1980,0.25252525252525254,3.96,0,5,1.062540695436415,-0.9531627854608968,485c37a7982eefbcc0c270d673b58b11b92c49ebca662acc1cfc3ef7d636228b
1,3.0.0,deterministic_synthetic_snapshot,636a86dcd1e54f4eb99f3c9b3f5571b3d5eade536040955e3f830f0ddb67408b,synthetic-community-next,synthetic-community,a7ab8eb08182a09d8d33507e42a6d1b98ec830d5e2db0d13e0a177dd86938c47,260,,194,"[5,6,11,12]",[3],234,231.1153846153846,2.884615384615387,-2.884615384615387,26,cross,500,1980,0.25252525252525254,3.96,0,5,0.7755984465026208,-0.936816366903339,2c5d7fffb0b30d1a22e1e19d8aac3d7af7ccede5c712b50dd8718e5e02393647
1,3.0.0,deterministic_synthetic_snapshot,636a86dcd1e54f4eb99f3c9b3f5571b3d5eade536040955e3f830f0ddb67408b,synthetic-community-next,synthetic-community,a7ab8eb08182a09d8d33507e42a6d1b98ec830d5e2db0d13e0a177dd86938c47,260,,195,"[4,6,7,10]",[3],234,231.1153846153846,2.884615384615387,-2.884615384615387,26,cross,500,1980,0.25252525252525254,3.96,0,5,1.2932264427596272,-0.9613933387717912,1d95ef8d0a7a3ab9306d3cbb3e1f45d14b62b05248dcf22d25f1de0c3268d310
1,3.0.0,deterministic_synthetic_snapshot,636a86dcd1e54f4eb99f3c9b3f5571b3d5eade536040955e3f830f0ddb67408b,synthetic-community-next,synthetic-community,a7ab8eb08182a09d8d33507e42a6d1b98ec830d5e2db0d13e0a177dd86938c47,260,,196,"[4,6,8,11]",[3],234,231.1153846153846,2.884615384615387,-2.884615384615387,26,cross,500,1980,0.25252525252525254,3.96,0,5,0.8364804169509727,-0.9411002633986193,e17663d6f4df81aee31f92178bffb0a17b13ef36fae7d6758839ceef48257309
1,3.0.0,deterministic_synthetic_snapshot,636a86dcd1e54f4eb99f3c9b3f5571b3d5eade536040955e3f830f0ddb67408b,synthetic-community-next,synthetic-community,a7ab8eb08182a09d8d33507e42a6d1b98ec830d5e2db0d13e0a177dd86938c47,260,,197,"[4,7,9,11]",[3],234,231.1153846153846,2.884615384615387,-2.884615384615387,26,cross,500,1980,0.25252525252525254,3.96,0,5,1.2173613188043866,-0.9590153370922418,1af90c0eee139f4d9a1c886b8c710a8dd2ead55b3fc945683574a54799de23c0
1,3.0.0,deterministic_synthetic_snapshot,636a86dcd1e54f4eb99f3c9b3f5571b3d5eade536040955e3f830f0ddb67408b,synthetic-community-next,synthetic-community,a7ab8eb08182a09d8d33507e42a6d1b98ec830d5e2db0d13e0a177dd86938c47,260,,198,"[1,6,7,8]",[3],234,231.1153846153846,2.884615384615387,-2.884615384615387,26,cross,500,1980,0.25252525252525254,3.96,0,5,1.394740537361225,-0.9641823167126158,7a6fb9e570aaf4d644fa282beef64b4cf1b7b9f32a053f5f3b1227ba45e31a16
1,3.0.0,deterministic_synthetic_snapshot,636a86dcd1e54f4eb99f3c9b3f5571b3d5eade536040955e3f830f0ddb67408b,synthetic-community-next,synthetic-community,a7ab8eb08182a09d8d33507e42a6d1b98ec830d5e2db0d13e0a177dd86938c47,260,,199,"[2,4,5,6]",[3],234,231.1153846153846,2.884615384615387,-2.884615384615387,26,cross,500,1980,0.25252525252525254,3.96,0,5,1.0028154401212641,-0.9504552727614592,67643231551e4c073491637580ef71520744a14dac53cf02c3994c2973efebf9
1,3.0.0,deterministic_synthetic_snapshot,636a86dcd1e54f4eb99f3c9b3f5571b3d5eade536040955e3f830f0ddb67408b,synthetic-community-next,synthetic-community,a7ab8eb08182a09d8d33507e42a6d1b98ec830d5e2db0d13e0a177dd86938c47,260,,200,"[2,4,6,9]",[3],234,231.1153846153846,2.884615384615387,-2.884615384615387,26,cross,500,1980,0.25252525252525254,3.96,0,5,0.9439868273172419,-0.9474834128596366,b1353da0459e797493411cb3ed36e6cda2330fb0ddabf5ef4c797337c6d67783
1,3.0.0,deterministic_synthetic_snapshot,636a86dcd1e54f4eb99f3c9b3f5571b3d5eade536040955e3f830f0ddb67408b,synthetic-community-next,synthetic-community,a7ab8eb08182a09d8d33507e42a6d1b98ec830d5e2db0d13e0a177dd86938c47,260,,201,"[2,4,8,11]",[3],234,231.1153846153846,2.884615384615387,-2.884615384615387,26,cross,500,1980,0.25252525252525254,3.96,0,5,0.8886093038622499,-0.9443649726813691,78e04cef38db317863431caf5cb5f323e0042ac773cfc0e08e6f84bb72602665
1,3.0.0,deterministic_synthetic_snapshot,636a86dcd1e54f4eb99f3c9b3f5571b3d5eade536040955e3f830f0ddb67408b,synthetic-community-next,synthetic-community,a7ab8eb08182a09d8d33507e42a6d1b98ec830d5e2db0d13e0a177dd86938c47,260,,202,"[2,4,9,12]",[3],234,231.1153846153846,2.884615384615387,-2.884615384615387,26,cross,500,1980,0.25252525252525254,3.96,0,5,0.6631930475690395,-0.9272537089299321,ceed9841d030821e19435ddcf756f448cc9930919f7845e9057b829a2d8cd6f0
1,3.0.0,deterministic_synthetic_snapshot,636a86dcd1e54f4eb99f3c9b3f5571b3d5eade536040955e3f830f0ddb67408b,synthetic-community-next,synthetic-community,a7ab8eb08182a09d8d33507e42a6d1b98ec830d5e2db0d13e0a177dd86938c47,260,,203,"[2,5,7,10]",[3],234,231.1153846153846,2.884615384615387,-2.884615384615387,26,cross,500,1980,0.25252525252525254,3.96,0,5,1.3532121378612942,-0.9630906395102735,b8043c4f4b8bfdba010e0a3990db381a1971f72e73ec60253e873b58c0dd6462
1,3.0.0,deterministic_synthetic_snapshot,636a86dcd1e54f4eb99f3c9b3f5571b3d5eade536040955e3f830f0ddb67408b,synthetic-community-next,synthetic-community,a7ab8eb08182a09d8d33507e42a6d1b98ec830d5e2db0d13e0a177dd86938c47,260,,204,"[1,2,3,9]",[4],234,231.1153846153846,2.884615384615387,-2.884615384615387,26,cross,500,1980,0.25252525252525254,3.96,0,5,1.033590600243515,-0.9518864864744587,6395ada33f507e57f9048046e73f941ee7fd2b1fa7eb732528e58c081a198e13
1,3.0.0,deterministic_synthetic_snapshot,636a86dcd1e54f4eb99f3c9b3f5571b3d5eade536040955e3f830f0ddb67408b,synthetic-community-next,synthetic-community,a7ab8eb08182a09d8d33507e42a6d1b98ec830d5e2db0d13e0a177dd86938c47,260,,205,"[5,6,7,12]",[4],234,231.1153846153846,2.884615384615387,-2.884615384615387,26,cross,500,1980,0.25252525252525254,3.96,0,5,1.2358998160450625,-0.9596223792466766,fa32e6325851cb26c5d50723bbc6d1d6bed145047772be5e7c8fafdc377fceda
1,3.0.0,deterministic_synthetic_snapshot,636a86dcd1e54f4eb99f3c9b3f5571b3d5eade536040955e3f830f0ddb67408b,synthetic-community-next,synthetic-community,a7ab8eb08182a09d8d33507e42a6d1b98ec830d5e2db0d13e0a177dd86938c47,260,,206,"[2,3,9,11]",[4],234,231.1153846153846,2.884615384615387,-2.884615384615387,26,cross,500,1980,0.25252525252525254,3.96,0,5,0.88860930386225,-0.9443649726813691,22a97e5c37f23e6e00689c4d6b1f631563b9cdddb7e2db9f5c85c48af86763c2
1,3.0.0,deterministic_synthetic_snapshot,636a86dcd1e54f4eb99f3c9b3f5571b3d5eade536040955e3f830f0ddb67408b,synthetic-community-next,synthetic-community,a7ab8eb08182a09d8d33507e42a6d1b98ec830d5e2db0d13e0a177dd86938c47,260,,207,"[2,6,7,8]",[4],234,231.1153846153846,2.884615384615387,-2.884615384615387,26,cross,500,1980,0.25252525252525254,3.96,0,5,1.3738194293008064,-0.9636404086987961,70d0a9769ff443aa9ee211adee2b104205d2d937a9954764ee183b5dbc25ca80
1,3.0.0,deterministic_synthetic_snapshot,636a86dcd1e54f4eb99f3c9b3f5571b3d5eade536040955e3f830f0ddb67408b,synthetic-community-next,synthetic-community,a7ab8eb08182a09d8d33507e42a6d1b98ec830d5e2db0d13e0a177dd86938c47,260,,208,"[2,6,7,10]",[4],234,231.1153846153846,2.884615384615387,-2.884615384615387,26,cross,500,1980,0.25252525252525254,3.96,0,5,1.332913955793375,-0.9625329258259757,d486291198f86f6caf395be290f14e2bd62c7ce0b86dfab7339ca635c12a9020
1,3.0.0,deterministic_synthetic_snapshot,636a86dcd1e54f4eb99f3c9b3f5571b3d5eade536040955e3f830f0ddb67408b,synthetic-community-next,synthetic-community,a7ab8eb08182a09d8d33507e42a6d1b98ec830d5e2db0d13e0a177dd86938c47,260,,209,"[2,6,9,12]",[4],234,231.1153846153846,2.884615384615387,-2.884615384615387,26,cross,500,1980,0.25252525252525254,3.96,0,5,0.6434464745776715,-0.9253072829768365,d73a1dd8742ac35c64081557f37840234a87fca01085b6e40100f14122641198
1,3.0.0,deterministic_synthetic_snapshot,636a86dcd1e54f4eb99f3c9b3f5571b3d5eade536040955e3f830f0ddb67408b,synthetic-community-next,synthetic-community,a7ab8eb08182a09d8d33507e42a6d1b98ec830d5e2db0d13e0a177dd86938c47,260,,210,"[2,7,8,10]",[4],234,231.1153846153846,2.884615384615387,-2.884615384615387,26,cross,500,1980,0.25252525252525254,3.96,0,5,1.2932264427596272,-0.9613933387717912,7241add293c2e3a23f1a877796fc0c806968742e708c090af89e400265287b58
1,3.0.0,deterministic_synthetic_snapshot,636a86dcd1e54f4eb99f3c9b3f5571b3d5eade536040955e3f830f0ddb67408b,synthetic-community-next,synthetic-community,a7ab8eb08182a09d8d33507e42a6d1b98ec830d5e2db0d13e0a177dd86938c47,260,,211,"[1,2,3,6]",[1],228,231.1153846153846,3.115384615384613,-3.115384615384613,26,cross,500,1980,0.25252525252525254,3.96,0,5,1.0815332099490922,-0.9539655296716195,7008899743ae94945f8b6152dc644c8d62c26ff3839557a528924922c652465d
1,3.0.0,deterministic_synthetic_snapshot,636a86dcd1e54f4eb99f3c9b3f5571b3d5eade536040955e3f830f0ddb67408b,synthetic-community-next,synthetic-community,a7ab8eb08182a09d8d33507e42a6d1b98ec830d5e2db0d13e0a177dd86938c47,260,,212,"[1,3,5,11]",[1],228,231.1153846153846,3.115384615384613,-3.115384615384613,26,cross,500,1980,0.25252525252525254,3.96,0,5,0.7372017394121374,-0.9338142873418813,21108787f2dd5e92e128a4d46d4fa591977cb9819e73e05ec80a3b38d628a04d
1,3.0.0,deterministic_synthetic_snapshot,636a86dcd1e54f4eb99f3c9b3f5571b3d5eade536040955e3f830f0ddb67408b,synthetic-community-next,synthetic-community,a7ab8eb08182a09d8d33507e42a6d1b98ec830d5e2db0d13e0a177dd86938c47,260,,213,"[4,7,8,9]",[1],228,231.1153846153846,3.115384615384613,-3.115384615384613,26,cross,500,1980,0.25252525252525254,3.96,0,5,1.2738280461182327,-0.9608113062937074,616134e0336aefc6a3e22568c4213eddc53a47089e10c4eca7337bf91fb9f2e5
1,3.0.0,deterministic_synthetic_snapshot,636a86dcd1e54f4eb99f3c9b3f5571b3d5eade536040955e3f830f0ddb67408b,synthetic-community-next,synthetic-community,a7ab8eb08182a09d8d33507e42a6d1b98ec830d5e2db0d13e0a177dd86938c47,260,,214,"[4,5,10,12]",[1],228,231.1153846153846,3.115384615384613,-3.115384615384613,26,cross,500,1980,0.25252525252525254,3.96,0,5,0.8115742125362576,-0.9394135249659534,8d1e17798864d7758081d64acc1f4770693005f2e6f42b4a22a8b479e7254750
1,3.0.0,deterministic_synthetic_snapshot,636a86dcd1e54f4eb99f3c9b3f5571b3d5eade536040955e3f830f0ddb67408b,synthetic-community-next,synthetic-community,a7ab8eb08182a09d8d33507e42a6d1b98ec830d5e2db0d13e0a177dd86938c47,260,,215,"[3,4,5,6]",[1],228,231.1153846153846,3.115384615384613,-3.115384615384613,26,cross,500,1980,0.25252525252525254,3.96,0,5,1.580437133631112,-0.9683739889092869,23b878c93989da4415a6c36bc390a1f3dc16eb20bfc5bb4c715b34450f312d5d
1,3.0.0,deterministic_synthetic_snapshot,636a86dcd1e54f4eb99f3c9b3f5571b3d5eade536040955e3f830f0ddb67408b,synthetic-community-next,synthetic-community,a7ab8eb08182a09d8d33507e42a6d1b98ec830d5e2db0d13e0a177dd86938c47,260,,216,"[1,2,3,5]",[2],228,231.1153846153846,3.115384615384613,-3.115384615384613,26,cross,500,1980,0.25252525252525254,3.96,0,5,1.0980032588315656,-0.9546406220319715,aa48b937d752d30bebd56efb3c644ea43e7474c296240b771c4265d119499e29
1,3.0.0,deterministic_synthetic_snapshot,636a86dcd1e54f4eb99f3c9b3f5571b3d5eade536040955e3f830f0ddb67408b,synthetic-community-next,synthetic-community,a7ab8eb08182a09d8d33507e42a6d1b98ec830d5e2db0d13e0a177dd86938c47,260,,217,"[1,2,3,10]",[2],228,231.1153846153846,3.115384615384613,-3.115384615384613,26,cross,500,1980,0.25252525252525254,3.96,0,5,1.0180867412398622,-0.9511754200426108,a03a86d58f23df56911d6a5270921faa5f4c61430f4554b439cee1b5852fa1a9
1,3.0.0,deterministic_synthetic_snapshot,636a86dcd1e54f4eb99f3c9b3f5571b3d5eade536040955e3f830f0ddb67408b,synthetic-community-next,synthetic-community,a7ab8eb08182a09d8d33507e42a6d1b98ec830d5e2db0d13e0a177dd86938c47,260,,218,"[1,3,6,10]",[2],228,231.1153846153846,3.115384615384613,-3.115384615384613,26,cross,500,1980,0.25252525252525254,3.96,0,5,0.9583622612357787,-0.9482401032687121,12b40a2ec40e6bd817b4a1ac9a38be613e548c5e1fcc3fe1ab3ad17a53b99e06
1,3.0.0,deterministic_synthetic_snapshot,636a86dcd1e54f4eb99f3c9b3f5571b3d5eade536040955e3f830f0ddb67408b,synthetic-community-next,synthetic-community,a7ab8eb08182a09d8d33507e42a6d1b98ec830d5e2db0d13e0a177dd86938c47,260,,219,"[5,8,9,10]",[2],228,231.1153846153846,3.115384615384613,-3.115384615384613,26,cross,500,1980,0.25252525252525254,3.96,0,5,0.7994005993482138,-0.9385566945115713,576e6a635a77055dc8ef6b9d0f5f25e72b6a668a4c974d9737a5525e9a0570ed
1,3.0.0,deterministic_synthetic_snapshot,636a86dcd1e54f4eb99f3c9b3f5571b3d5eade536040955e3f830f0ddb67408b,synthetic-community-next,synthetic-community,a7ab8eb08182a09d8d33507e42a6d1b98ec830d5e2db0d13e0a177dd86938c47,260,,220,"[1,4,8,11]",[2],228,231.1153846153846,3.115384615384613,-3.115384615384613,26,cross,500,1980,0.25252525252525254,3.96,0,5,0.6939549424929716,-0.9301144896615852,bc900e2999c205781a94f31c3ca78bfab2b7d7b87c3d879844f1acbc2007e90d
1,3.0.0,deterministic_synthetic_snapshot,636a86dcd1e54f4eb99f3c9b3f5571b3d5eade536040955e3f830f0ddb67408b,synthetic-community-next,synthetic-community,a7ab8eb08182a09d8d33507e42a6d1b98ec830d5e2db0d13e0a177dd86938c47,260,,221,"[1,5,7,8]",[2],228,231.1153846153846,3.115384615384613,-3.115384615384613,26,cross,500,1980,0.25252525252525254,3.96,0,5,1.4159802409758628,-0.9647164481155364,6979745f0dcd0ea337d90448c3ffd8ab24d67402de71c6ac30a6886e8b965206
1,3.0.0,deterministic_synthetic_snapshot,636a86dcd1e54f4eb99f3c9b3f5571b3d5eade536040955e3f830f0ddb67408b,synthetic-community-next,synthetic-community,a7ab8eb08182a09d8d33507e42a6d1b98ec830d5e2db0d13e0a177dd86938c47,260,,222,"[2,3,5,8]",[2],228,231.1153846153846,3.115384615384613,-3.115384615384613,26,cross,500,1980,0.25252525252525254,3.96,0,5,0.9877732085194452,-0.9497260181322209,d24a6c74f61e028283f1f5333e48a1414f9a2c35f43fcc2e362474a41ecb3496
1,3.0.0,deterministic_synthetic_snapshot,636a86dcd1e54f4eb99f3c9b3f5571b3d5eade536040955e3f830f0ddb67408b,synthetic-community-next,synthetic-community,a7ab8eb08182a09d8d33507e42a6d1b98ec830d5e2db0d13e0a177dd86938c47,260,,223,"[3,6,8,10]",[2],228,231.1153846153846,3.115384615384613,-3.115384615384613,26,cross,500,1980,0.25252525252525254,3.96,0,5,0.8621509618397516,-0.9427508300277752,1d68d72df886c8d33a1527105660c5ef1ca5326dd32cf3124b0797a11f079546
1,3.0.0,deterministic_synthetic_snapshot,636a86dcd1e54f4eb99f3c9b3f5571b3d5eade536040955e3f830f0ddb67408b,synthetic-community-next,synthetic-community,a7ab8eb08182a09d8d33507e42a6d1b98ec830d5e2db0d13e0a177dd86938c47,260,,224,"[2,8,10,12]",[2],228,231.1153846153846,3.115384615384613,-3.115384615384613,26,cross,500,1980,0.25252525252525254,3.96,0,5,0.6149235379601645,-0.9223313433729579,3725841a25e00c591a4567a352ac1ea4e5a119978f211eaf8e6a5cc0aa983c3b
1,3.0.0,deterministic_synthetic_snapshot,636a86dcd1e54f4eb99f3c9b3f5571b3d5eade536040955e3f830f0ddb67408b,synthetic-community-next,synthetic-community,a7ab8eb08182a09d8d33507e42a6d1b98ec830d5e2db0d13e0a177dd86938c47,260,,225,"[1,2,8,10]",[2],228,231.1153846153846,3.115384615384613,-3.115384615384613,26,cross,500,1980,0.25252525252525254,3.96,0,5,0.9439868273172419,-0.9474834128596366,83c061d80e95717c328a6e317698532eeb285a66584717a59792cf672ec70346
1,3.0.0,deterministic_synthetic_snapshot,636a86dcd1e54f4eb99f3c9b3f5571b3d5eade536040955e3f830f0ddb67408b,synthetic-community-next,synthetic-community,a7ab8eb08182a09d8d33507e42a6d1b98ec830d5e2db0d13e0a177dd86938c47,260,,226,"[1,2,10,12]",[2],228,231.1153846153846,3.115384615384613,-3.115384615384613,26,cross,500,1980,0.25252525252525254,3.96,0,5,0.683545618355577,-0.9291689022694,fcda6fd8daf92bbffaf9ce6c4014d9e1128429e9a416af0ffc9fe63f9fa92781
1,3.0.0,deterministic_synthetic_snapshot,636a86dcd1e54f4eb99f3c9b3f5571b3d5eade536040955e3f830f0ddb67408b,synthetic-community-next,synthetic-community,a7ab8eb08182a09d8d33507e42a6d1b98ec830d5e2db0d13e0a177dd86938c47,260,,227,"[5,7,9,11]",[3],228,231.1153846153846,3.115384615384613,-3.115384615384613,26,cross,500,1980,0.25252525252525254,3.96,0,5,2.1583816182401776,-0.9768349222806891,beae2572c7d0918238be0fb5c1e3a0f2a8f62cddc7ea4bd4b2866bc6c16bc499
1,3.0.0,deterministic_synthetic_snapshot,636a86dcd1e54f4eb99f3c9b3f5571b3d5eade536040955e3f830f0ddb67408b,synthetic-community-next,synthetic-community,a7ab8eb08182a09d8d33507e42a6d1b98ec830d5e2db0d13e0a177dd86938c47,260,,228,"[5,7,9,12]",[3],228,231.1153846153846,3.115384615384613,-3.115384615384613,26,cross,500,1980,0.25252525252525254,3.96,0,5,1.181114385536986,-0.9577757436961774,2594da6ce4ba099d0a8efcaefef9a55ac50cb8f7842dfc890093e5ee5e791aeb
1,3.0.0,deterministic_synthetic_snapshot,636a86dcd1e54f4eb99f3c9b3f5571b3d5eade536040955e3f830f0ddb67408b,synthetic-community-next,synthetic-community,a7ab8eb08182a09d8d33507e42a6d1b98ec830d5e2db0d13e0a177dd86938c47,260,,229,"[1,6,7,10]",[3],228,231.1153846153846,3.115384615384613,-3.115384615384613,26,cross,500,1980,0.25252525252525254,3.96,0,5,1.3532121378612945,-0.9630906395102735,bb52426d881d6723340762ee4bd2716d9e35b97f0c09f38bc206f21b3152e557
1,3.0.0,deterministic_synthetic_snapshot,636a86dcd1e54f4eb99f3c9b3f5571b3d5eade536040955e3f830f0ddb67408b,synthetic-community-next,synthetic-community,a7ab8eb08182a09d8d33507e42a6d1b98ec830d5e2db0d13e0a177dd86938c47,260,,230,"[1,6,11,12]",[3],228,231.1153846153846,3.115384615384613,-3.115384615384613,26,cross,500,1980,0.25252525252525254,3.96,0,5,0.6337947774590066,-0.9243226743732955,57ade8562f619a9cfe1d490331f900fc554bf2be60477517c2a4b9f12b9c44ae
1,3.0.0,deterministic_synthetic_snapshot,636a86dcd1e54f4eb99f3c9b3f5571b3d5eade536040955e3f830f0ddb67408b,synthetic-community-next,synthetic-community,a7ab8eb08182a09d8d33507e42a6d1b98ec830d5e2db0d13e0a177dd86938c47,260,,231,"[2,5,6,8]",[3],228,231.1153846153846,3.115384615384613,-3.115384615384613,26,cross,500,1980,0.25252525252525254,3.96,0,5,0.9439868273172419,-0.9474834128596366,f957b1a69275ac7a1b554da1e01693347668a4d9e8aee0d7cc6c1a7aec3a9556
1,3.0.0,deterministic_synthetic_snapshot,636a86dcd1e54f4eb99f3c9b3f5571b3d5eade536040955e3f830f0ddb67408b,synthetic-community-next,synthetic-community,a7ab8eb08182a09d8d33507e42a6d1b98ec830d5e2db0d13e0a177dd86938c47,260,,232,"[2,5,8,9]",[3],228,231.1153846153846,3.115384615384613,-3.115384615384613,26,cross,500,1980,0.25252525252525254,3.96,0,5,0.9021414252408628,-0.9451583302141527,84ea42b6738fc9d031a7def29812864648f2b62a25ac22dc4b37d021909d46a1
1,3.0.0,deterministic_synthetic_snapshot,636a86dcd1e54f4eb99f3c9b3f5571b3d5eade536040955e3f830f0ddb67408b,synthetic-community-next,synthetic-community,a7ab8eb08182a09d8d33507e42a6d1b98ec830d5e2db0d13e0a177dd86938c47,260,,233,"[2,8,9,10]",[3],228,231.1153846153846,3.115384615384613,-3.115384615384613,26,cross,500,1980,0.25252525252525254,3.96,0,5,0.836480416950973,-0.9411002633986193,6b5f33edd7248113a7fc64f56e68baf51ced3de89fd19bc2d58a3c27a2ff75ae
1,3.0.0,deterministic_synthetic_snapshot,636a86dcd1e54f4eb99f3c9b3f5571b3d5eade536040955e3f830f0ddb67408b,synthetic-community-next,synthetic-community,a7ab8eb08182a09d8d33507e42a6d1b98ec830d5e2db0d13e0a177dd86938c47,260,,234,"[3,6,7,9]",[3],228,231.1153846153846,3.115384615384613,-3.115384615384613,26,cross,500,1980,0.25252525252525254,3.96,0,5,1.3329139557933751,-0.9625329258259757,7b07af79af644b7e1137368e987651ab6bba9f04a3f4a2fc6ee887b8110c3f57
1,3.0.0,deterministic_synthetic_snapshot,636a86dcd1e54f4eb99f3c9b3f5571b3d5eade536040955e3f830f0ddb67408b,synthetic-community-next,synthetic-community,a7ab8eb08182a09d8d33507e42a6d1b98ec830d5e2db0d13e0a177dd86938c47,260,,235,"[6,8,9,10]",[3],228,231.1153846153846,3.115384615384613,-3.115384615384613,26,cross,500,1980,0.25252525252525254,3.96,0,5,0.7874095903579905,-0.9376909562124824,750f3bee0d944c96e15ebd2a406e7b7d7529a5d9b63e81f9da8021b2cd3bcf9a
1,3.0.0,deterministic_synthetic_snapshot,636a86dcd1e54f4eb99f3c9b3f5571b3d5eade536040955e3f830f0ddb67408b,synthetic-community-next,synthetic-community,a7ab8eb08182a09d8d33507e42a6d1b98ec830d5e2db0d13e0a177dd86938c47,260,,236,"[6,8,10,11]",[3],228,231.1153846153846,3.115384615384613,-3.115384615384613,26,cross,500,1980,0.25252525252525254,3.96,0,5,0.7639644698050813,-0.9359329891169966,a5a4e6e08193539c1b6c46505d0de1ed53d7d13dcd717e066d359bef09468bf5
1,3.0.0,deterministic_synthetic_snapshot,636a86dcd1e54f4eb99f3c9b3f5571b3d5eade536040955e3f830f0ddb67408b,synthetic-community-next,synthetic-community,a7ab8eb08182a09d8d33507e42a6d1b98ec830d5e2db0d13e0a177dd86938c47,260,,237,"[5,7,11,12]",[4],228,231.1153846153846,3.115384615384613,-3.115384615384613,26,cross,500,1980,0.25252525252525254,3.96,0,5,1.1459467047076222,-0.9565016987594464,3374c02e109caae87872161fac209fc2dadf60a1b0883ae12b145eadf2da6cb4
1,3.0.0,deterministic_synthetic_snapshot,636a86dcd1e54f4eb99f3c9b3f5571b3d5eade536040955e3f830f0ddb67408b,synthetic-community-next,synthetic-community,a7ab8eb08182a09d8d33507e42a6d1b98ec830d5e2db0d13e0a177dd86938c47,260,,238,"[1,6,7,12]",[4],228,231.1153846153846,3.115384615384613,-3.115384615384613,26,cross,500,1980,0.25252525252525254,3.96,0,5,1.009938651120365,-0.9507936684998577,466877283d49883de4a36386119db275f9e43ed77de9b468124cbf60dee91352
1,3.0.0,deterministic_synthetic_snapshot,636a86dcd1e54f4eb99f3c9b3f5571b3d5eade536040955e3f830f0ddb67408b,synthetic-community-next,synthetic-community,a7ab8eb08182a09d8d33507e42a6d1b98ec830d5e2db0d13e0a177dd86938c47,260,,239,"[2,3,6,11]",[4],228,231.1153846153846,3.115384615384613,-3.115384615384613,26,cross,500,1980,0.25252525252525254,3.96,0,5,0.9298270249074835,-0.9467175549983096,3ea20cd9edd8a2fea758db319b5d5405323231bc29b75e715ea6aea9d9169e1d
1,3.0.0,deterministic_synthetic_snapshot,636a86dcd1e54f4eb99f3c9b3f5571b3d5eade536040955e3f830f0ddb67408b,synthetic-community-next,synthetic-community,a7ab8eb08182a09d8d33507e42a6d1b98ec830d5e2db0d13e0a177dd86938c47,260,,240,"[2,3,8,11]",[4],228,231.1153846153846,3.115384615384613,-3.115384615384613,26,cross,500,1980,0.25252525252525254,3.96,0,5,0.9021414252408632,-0.9451583302141527,36f51e70bdaf50b7b5b7f37a84b9ded73eaaa95666dadb9c102b24005cafaf35
1,3.0.0,deterministic_synthetic_snapshot,636a86dcd1e54f4eb99f3c9b3f5571b3d5eade536040955e3f830f0ddb67408b,synthetic-community-next,synthetic-community,a7ab8eb08182a09d8d33507e42a6d1b98ec830d5e2db0d13e0a177dd86938c47,260,,241,"[2,4,9,10]",[4],228,231.1153846153846,3.115384615384613,-3.115384615384613,26,cross,500,1980,0.25252525252525254,3.96,0,5,0.8886093038622499,-0.9443649726813691,cf6db1a33b75291bf7bc90e09b58bb7e49a21b48e7ec2d4afa94bed7cb63e815
1,3.0.0,deterministic_synthetic_snapshot,636a86dcd1e54f4eb99f3c9b3f5571b3d5eade536040955e3f830f0ddb67408b,synthetic-community-next,synthetic-community,a7ab8eb08182a09d8d33507e42a6d1b98ec830d5e2db0d13e0a177dd86938c47,260,,242,"[2,5,11,12]",[4],228,231.1153846153846,3.115384615384613,-3.115384615384613,26,cross,500,1980,0.25252525252525254,3.96,0,5,0.6337947774590064,-0.9243226743732955,e6742f86695d3bcc2af793e3730938f9628c1371c9f8ea0b4d35353af33c44e4
1,3.0.0,deterministic_synthetic_snapshot,636a86dcd1e54f4eb99f3c9b3f5571b3d5eade536040955e3f830f0ddb67408b,synthetic-community-next,synthetic-community,a7ab8eb08182a09d8d33507e42a6d1b98ec830d5e2db0d13e0a177dd86938c47,260,,243,"[2,6,8,11]",[4],228,231.1153846153846,3.115384615384613,-3.115384615384613,26,cross,500,1980,0.25252525252525254,3.96,0,5,0.8621509618397515,-0.9427508300277752,abc9a470315b179730ddbb7cbfd4f4580e76160c0d7c8581cba16539a4f34f11
1,3.0.0,deterministic_synthetic_snapshot,636a86dcd1e54f4eb99f3c9b3f5571b3d5eade536040955e3f830f0ddb67408b,synthetic-community-next,synthetic-community,a7ab8eb08182a09d8d33507e42a6d1b98ec830d5e2db0d13e0a177dd86938c47,260,,244,"[1,2,6,9]",[4],228,231.1153846153846,3.115384615384613,-3.115384615384613,26,cross,500,1980,0.25252525252525254,3.96,0,5,0.9877732085194453,-0.9497260181322209,daef3f0ad37b37a5e0eb8a3078bcc802853109582a9f3dbdc801716a206e96f6
1,3.0.0,deterministic_synthetic_snapshot,636a86dcd1e54f4eb99f3c9b3f5571b3d5eade536040955e3f830f0ddb67408b,synthetic-community-next,synthetic-community,a7ab8eb08182a09d8d33507e42a6d1b98ec830d5e2db0d13e0a177dd86938c47,260,,245,"[1,2,7,10]",[4],228,231.1153846153846,3.115384615384613,-3.115384615384613,26,cross,500,1980,0.25252525252525254,3.96,0,5,1.437543391853668,-0.9652428885730021,dfd0f2330683cbc0164f48f3e7cbfa1fdb78d2071a3a957b1d6cb51b58333765
1,3.0.0,deterministic_synthetic_snapshot,636a86dcd1e54f4eb99f3c9b3f5571b3d5eade536040955e3f830f0ddb67408b,synthetic-community-next,synthetic-community,a7ab8eb08182a09d8d33507e42a6d1b98ec830d5e2db0d13e0a177dd86938c47,260,,246,"[1,4,8,11]",[1],235,231.1153846153846,3.884615384615387,-3.884615384615387,26,cross,500,1980,0.25252525252525254,3.96,0,5,0.6939549424929716,-0.9301144896615852,330c5fb1116d8ed99a68e0b75f50dbe4a9c277d757ffd2c36d4c8e1ee351f246
1,3.0.0,deterministic_synthetic_snapshot,636a86dcd1e54f4eb99f3c9b3f5571b3d5eade536040955e3f830f0ddb67408b,synthetic-community-next,synthetic-community,a7ab8eb08182a09d8d33507e42a6d1b98ec830d5e2db0d13e0a177dd86938c47,260,,247,"[4,5,7,10]",[1],235,231.1153846153846,3.884615384615387,-3.884615384615387,26,cross,500,1980,0.25252525252525254,3.96,0,5,1.3129202464564742,-0.9619671857123827,153b9fc2cc258426e8c2242fb0ccd3d4d83669bdf564ad281463d7f4ae2bf602
1,3.0.0,deterministic_synthetic_snapshot,636a86dcd1e54f4eb99f3c9b3f5571b3d5eade536040955e3f830f0ddb67408b,synthetic-community-next,synthetic-community,a7ab8eb08182a09d8d33507e42a6d1b98ec830d5e2db0d13e0a177dd86938c47,260,,248,"[2,4,5,10]",[1],235,231.1153846153846,3.884615384615387,-3.884615384615387,26,cross,500,1980,0.25252525252525254,3.96,0,5,0.9439868273172419,-0.9474834128596366,34cc6212412493b521d8df78e5b0f3c0e0728c1f01e67b0832d6e973a9b9dc65
1,3.0.0,deterministic_synthetic_snapshot,636a86dcd1e54f4eb99f3c9b3f5571b3d5eade536040955e3f830f0ddb67408b,synthetic-community-next,synthetic-community,a7ab8eb08182a09d8d33507e42a6d1b98ec830d5e2db0d13e0a177dd86938c47,260,,249,"[2,4,8,9]",[1],235,231.1153846153846,3.884615384615387,-3.884615384615387,26,cross,500,1980,0.25252525252525254,3.96,0,5,0.915879619533871,-0.9459425267442407,4b24d84162015e0902cbe273e0d447cb41b84681b6d56f7727792cc8c6e42104
1,3.0.0,deterministic_synthetic_snapshot,636a86dcd1e54f4eb99f3c9b3f5571b3d5eade536040955e3f830f0ddb67408b,synthetic-community-next,synthetic-community,a7ab8eb08182a09d8d33507e42a6d1b98ec830d5e2db0d13e0a177dd86938c47,260,,250,"[2,4,10,12]",[1],235,231.1153846153846,3.884615384615387,-3.884615384615387,26,cross,500,1980,0.25252525252525254,3.96,0,5,0.653245151855504,-0.9262843379945632,9cf52766cd068ab49e4700edc2110ae48887c62ed40df87e7f6c0a7da7c3b191
1,3.0.0,deterministic_synthetic_snapshot,636a86dcd1e54f4eb99f3c9b3f5571b3d5eade536040955e3f830f0ddb67408b,synthetic-community-next,synthetic-community,a7ab8eb08182a09d8d33507e42a6d1b98ec830d5e2db0d13e0a177dd86938c47,260,,251,"[2,6,8,12]",[1],235,231.1153846153846,3.884615384615387,-3.884615384615387,26,cross,500,1980,0.25252525252525254,3.96,0,5,0.653245151855504,-0.9262843379945632,f50602ec65e46f0d5ef27db15f33aa37e9a87c9b5e0f7646222b5c0f32d0925b
1,3.0.0,deterministic_synthetic_snapshot,636a86dcd1e54f4eb99f3c9b3f5571b3d5eade536040955e3f830f0ddb67408b,synthetic-community-next,synthetic-community,a7ab8eb08182a09d8d33507e42a6d1b98ec830d5e2db0d13e0a177dd86938c47,260,,252,"[1,2,8,9]",[1],235,231.1153846153846,3.884615384615387,-3.884615384615387,26,cross,500,1980,0.25252525252525254,3.96,0,5,0.9583622612357787,-0.9482401032687121,cd20f7398a26de6371c4159272a35d39c8b48b24fb5c640b13f8cb636bfaf9b2
1,3.0.0,deterministic_synthetic_snapshot,636a86dcd1e54f4eb99f3c9b3f5571b3d5eade536040955e3f830f0ddb67408b,synthetic-community-next,synthetic-community,a7ab8eb08182a09d8d33507e42a6d1b98ec830d5e2db0d13e0a177dd86938c47,260,,253,"[5,8,11,12]",[2],235,231.1153846153846,3.884615384615387,-3.884615384615387,26,cross,500,1980,0.25252525252525254,3.96,0,5,0.7525050027580054,-0.9350408910894134,bcce1745afa0347067493bcc4ba4707dad21b74273721d0369a88fcf920e4d29
1,3.0.0,deterministic_synthetic_snapshot,636a86dcd1e54f4eb99f3c9b3f5571b3d5eade536040955e3f830f0ddb67408b,synthetic-community-next,synthetic-community,a7ab8eb08182a09d8d33507e42a6d1b98ec830d5e2db0d13e0a177dd86938c47,260,,254,"[3,8,11,12]",[2],235,231.1153846153846,3.884615384615387,-3.884615384615387,26,cross,500,1980,0.25252525252525254,3.96,0,5,0.7755984465026208,-0.936816366903339,138115591410071e340575cc69b9df1aae6f46dd39ed3fd764463f4d0cac7d99
1,3.0.0,deterministic_synthetic_snapshot,636a86dcd1e54f4eb99f3c9b3f5571b3d5eade536040955e3f830f0ddb67408b,synthetic-community-next,synthetic-community,a7ab8eb08182a09d8d33507e42a6d1b98ec830d5e2db0d13e0a177dd86938c47,260,,255,"[2,3,8,12]",[2],235,231.1153846153846,3.884615384615387,-3.884615384615387,26,cross,500,1980,0.25252525252525254,3.96,0,5,0.6835456183555769,-0.9291689022693999,3d29128ddd53fe99457fd5dae1ff4688c121433f46c4386bd591451eca283807
1,3.0.0,deterministic_synthetic_snapshot,636a86dcd1e54f4eb99f3c9b3f5571b3d5eade536040955e3f830f0ddb67408b,synthetic-community-next,synthetic-community,a7ab8eb08182a09d8d33507e42a6d1b98ec830d5e2db0d13e0a177dd86938c47,260,,256,"[1,2,5,6]",[2],235,231.1153846153846,3.884615384615387,-3.884615384615387,26,cross,500,1980,0.25252525252525254,3.96,0,5,1.0493305586228578,-0.9525885028798778,939e39ef2b7202df9dd5b37f0a09092203ff5af7b191f274e01cbe57584e5bab
1,3.0.0,deterministic_synthetic_snapshot,636a86dcd1e54f4eb99f3c9b3f5571b3d5eade536040955e3f830f0ddb67408b,synthetic-community-next,synthetic-community,a7ab8eb08182a09d8d33507e42a6d1b98ec830d5e2db0d13e0a177dd86938c47,260,,257,"[1,2,8,11]",[2],235,231.1153846153846,3.884615384615387,-3.884615384615387,26,cross,500,1980,0.25252525252525254,3.96,0,5,0.715251557621141,-0.9319810986150247,acff2dc2894c29b3ccecf25ed8a2659383ad848f4c94993d050c0cf93ccd4790
1,3.0.0,deterministic_synthetic_snapshot,636a86dcd1e54f4eb99f3c9b3f5571b3d5eade536040955e3f830f0ddb67408b,synthetic-community-next,synthetic-community,a7ab8eb08182a09d8d33507e42a6d1b98ec830d5e2db0d13e0a177dd86938c47,260,,258,"[6,8,10,12]",[2],235,231.1153846153846,3.884615384615387,-3.884615384615387,26,cross,500,1980,0.25252525252525254,3.96,0,5,1.3545090049644093,-0.9631257188419952,df982c436590f320888c4b7776464ce020b5d7626f52db123fa82892867cde01
1,3.0.0,deterministic_synthetic_snapshot,636a86dcd1e54f4eb99f3c9b3f5571b3d5eade536040955e3f830f0ddb67408b,synthetic-community-next,synthetic-community,a7ab8eb08182a09d8d33507e42a6d1b98ec830d5e2db0d13e0a177dd86938c47,260,,259,"[5,6,7,10]",[3],235,231.1153846153846,3.884615384615387,-3.884615384615387,26,cross,500,1980,0.25252525252525254,3.96,0,5,1.2738280461182327,-0.9608113062937074,7363acf7ec0789acb9378417fadd8595525b8b49297ca0f66ba67726863e6130
1,3.0.0,deterministic_synthetic_snapshot,636a86dcd1e54f4eb99f3c9b3f5571b3d5eade536040955e3f830f0ddb67408b,synthetic-community-next,synthetic-community,a7ab8eb08182a09d8d33507e42a6d1b98ec830d5e2db0d13e0a177dd86938c47,260,,260,"[4,5,7,8]",[3],235,231.1153846153846,3.884615384615387,-3.884615384615387,26,cross,500,1980,0.25252525252525254,3.96,0,5,1.3532121378612942,-0.9630906395102735,a864af6ac24ff8f20715252f8ec500e63e207619eb8d48780ae2f17c2ba4da38
1,3.0.0,deterministic_synthetic_snapshot,636a86dcd1e54f4eb99f3c9b3f5571b3d5eade536040955e3f830f0ddb67408b,synthetic-community-next,synthetic-community,a7ab8eb08182a09d8d33507e42a6d1b98ec830d5e2db0d13e0a177dd86938c47,260,,261,"[4,5,7,9]",[3],235,231.1153846153846,3.884615384615387,-3.884615384615387,26,cross,500,1980,0.25252525252525254,3.96,0,5,1.332913955793375,-0.9625329258259757,962fa830e69bce88ba8ef16072716e4e90dc2a293d6dde656eaac5977da504c3
1,3.0.0,deterministic_synthetic_snapshot,636a86dcd1e54f4eb99f3c9b3f5571b3d5eade536040955e3f830f0ddb67408b,synthetic-community-next,synthetic-community,a7ab8eb08182a09d8d33507e42a6d1b98ec830d5e2db0d13e0a177dd86938c47,260,,262,"[2,5,6,9]",[3],235,231.1153846153846,3.884615384615387,-3.884615384615387,26,cross,500,1980,0.25252525252525254,3.96,0,5,0.9298270249074835,-0.9467175549983096,51899a0213aed1aefd6e0f017d3ebeffa255cd7e257fe01ef2de2cc8c5faf08a
1,3.0.0,deterministic_synthetic_snapshot,636a86dcd1e54f4eb99f3c9b3f5571b3d5eade536040955e3f830f0ddb67408b,synthetic-community-next,synthetic-community,a7ab8eb08182a09d8d33507e42a6d1b98ec830d5e2db0d13e0a177dd86938c47,260,,263,"[2,5,6,11]",[3],235,231.1153846153846,3.884615384615387,-3.884615384615387,26,cross,500,1980,0.25252525252525254,3.96,0,5,0.9021414252408632,-0.9451583302141527,f1f2f580a055f87bb8fb3dbdc45c927c0fbedfcf32efdecaa9a65b5c9d6f2afb
1,3.0.0,deterministic_synthetic_snapshot,636a86dcd1e54f4eb99f3c9b3f5571b3d5eade536040955e3f830f0ddb67408b,synthetic-community-next,synthetic-community,a7ab8eb08182a09d8d33507e42a6d1b98ec830d5e2db0d13e0a177dd86938c47,260,,264,"[2,6,8,12]",[3],235,231.1153846153846,3.884615384615387,-3.884615384615387,26,cross,500,1980,0.25252525252525254,3.96,0,5,0.653245151855504,-0.9262843379945632,8bb0a5b03661ac0220d6077329c4dbc8fc7c67782ab6a16702326fc5862c5a5c
1,3.0.0,deterministic_synthetic_snapshot,636a86dcd1e54f4eb99f3c9b3f5571b3d5eade536040955e3f830f0ddb67408b,synthetic-community-next,synthetic-community,a7ab8eb08182a09d8d33507e42a6d1b98ec830d5e2db0d13e0a177dd86938c47,260,,265,"[6,8,11,12]",[3],235,231.1153846153846,3.884615384615387,-3.884615384615387,26,cross,500,1980,0.25252525252525254,3.96,0,5,0.741217427716635,-0.9341401467552315,14b421352a86ecccd63dfac2b3f58f4a5809f41847e58d2546d790b76b7384d2
1,3.0.0,deterministic_synthetic_snapshot,636a86dcd1e54f4eb99f3c9b3f5571b3d5eade536040955e3f830f0ddb67408b,synthetic-community-next,synthetic-community,a7ab8eb08182a09d8d33507e42a6d1b98ec830d5e2db0d13e0a177dd86938c47,260,,266,"[4,6,9,12]",[4],235,231.1153846153846,3.884615384615387,-3.884615384615387,26,cross,500,1980,0.25252525252525254,3.96,0,5,0.8115742125362576,-0.9394135249659534,c2d9a5a234664f0080d99551b4a3d17c1dba5f90fead63a925d1d0b6fcfe6748
1,3.0.0,deterministic_synthetic_snapshot,636a86dcd1e54f4eb99f3c9b3f5571b3d5eade536040955e3f830f0ddb67408b,synthetic-community-next,synthetic-community,a7ab8eb08182a09d8d33507e42a6d1b98ec830d5e2db0d13e0a177dd86938c47,260,,267,"[2,3,4,7]",[4],235,231.1153846153846,3.884615384615387,-3.884615384615387,26,cross,500,1980,0.25252525252525254,3.96,0,5,1.5271301118597929,-0.9672734852576657,788115f5c32de2e2db2c16e7b6a68f5311e32461127f741636098cf5697e1ee2
1,3.0.0,deterministic_synthetic_snapshot,636a86dcd1e54f4eb99f3c9b3f5571b3d5eade536040955e3f830f0ddb67408b,synthetic-community-next,synthetic-community,a7ab8eb08182a09d8d33507e42a6d1b98ec830d5e2db0d13e0a177dd86938c47,260,,268,"[2,5,7,8]",[4],235,231.1153846153846,3.884615384615387,-3.884615384615387,26,cross,500,1980,0.25252525252525254,3.96,0,5,1.394740537361225,-0.9641823167126158,092c7c0e82799a07eb43c47402997ad3f26b04f200bc230a9f7b88aa30dc7296
1,3.0.0,deterministic_synthetic_snapshot,636a86dcd1e54f4eb99f3c9b3f5571b3d5eade536040955e3f830f0ddb67408b,synthetic-community-next,synthetic-community,a7ab8eb08182a09d8d33507e42a6d1b98ec830d5e2db0d13e0a177dd86938c47,260,,269,"[2,6,11,12]",[4],235,231.1153846153846,3.884615384615387,-3.884615384615387,26,cross,500,1980,0.25252525252525254,3.96,0,5,0.6242878557971213,-0.9233306476982704,05c83baeb097675d38f5a80127646f8b76c5c1f518a4b27d5accd25b0831187d
1,3.0.0,deterministic_synthetic_snapshot,636a86dcd1e54f4eb99f3c9b3f5571b3d5eade536040955e3f830f0ddb67408b,synthetic-community-next,synthetic-community,a7ab8eb08182a09d8d33507e42a6d1b98ec830d5e2db0d13e0a177dd86938c47,260,,270,"[2,7,9,10]",[4],235,231.1153846153846,3.884615384615387,-3.884615384615387,26,cross,500,1980,0.25252525252525254,3.96,0,5,1.2738280461182327,-0.9608113062937074,7c35f608dc054ac4a2ad610bcb797c46b5e0871e5cd575542ca2bf843f444d14
1,3.0.0,deterministic_synthetic_snapshot,636a86dcd1e54f4eb99f3c9b3f5571b3d5eade536040955e3f830f0ddb67408b,synthetic-community-next,synthetic-community,a7ab8eb08182a09d8d33507e42a6d1b98ec830d5e2db0d13e0a177dd86938c47,260,,271,"[1,2,9,12]",[4],235,231.1153846153846,3.884615384615387,-3.884615384615387,26,cross,500,1980,0.25252525252525254,3.96,0,5,0.6939549424929716,-0.9301144896615852,6a6c85566e63048d3e3429317e3a1718d022ce315cf7d729460bec26ba9332d0
1,3.0.0,deterministic_synthetic_snapshot,636a86dcd1e54f4eb99f3c9b3f5571b3d5eade536040955e3f830f0ddb67408b,synthetic-community-next,synthetic-community,a7ab8eb08182a09d8d33507e42a6d1b98ec830d5e2db0d13e0a177dd86938c47,260,,272,"[8,9,11,12]",[1],227,231.1153846153846,4.115384615384613,-4.115384615384613,26,cross,500,1980,0.25252525252525254,3.96,0,5,0.7083604636242766,-0.931386860386518,a00272048f6a296da7135c41d6e7670e10691638c6634508395169047a5844e8
1,3.0.0,deterministic_synthetic_snapshot,636a86dcd1e54f4eb99f3c9b3f5571b3d5eade536040955e3f830f0ddb67408b,synthetic-community-next,synthetic-community,a7ab8eb08182a09d8d33507e42a6d1b98ec830d5e2db0d13e0a177dd86938c47,260,,273,"[1,3,5,7]",[1],227,231.1153846153846,4.115384615384613,-4.115384615384613,26,cross,500,1980,0.25252525252525254,3.96,0,5,2.748834201347628,-0.9818104877920045,c214ff2bf70b998737dc3a84fd2bf0fe4efa0c37724026d573613ea89df36581
1,3.0.0,deterministic_synthetic_snapshot,636a86dcd1e54f4eb99f3c9b3f5571b3d5eade536040955e3f830f0ddb67408b,synthetic-community-next,synthetic-community,a7ab8eb08182a09d8d33507e42a6d1b98ec830d5e2db0d13e0a177dd86938c47,260,,274,"[5,6,8,11]",[1],227,231.1153846153846,4.115384615384613,-4.115384615384613,26,cross,500,1980,0.25252525252525254,3.96,0,5,0.8239332106967083,-0.940261396424989,1268fed8da7a125732f09b8f169a9ae0e4e16b2cbe7a43f8e9902cc668afdf14
1,3.0.0,deterministic_synthetic_snapshot,636a86dcd1e54f4eb99f3c9b3f5571b3d5eade536040955e3f830f0ddb67408b,synthetic-community-next,synthetic-community,a7ab8eb08182a09d8d33507e42a6d1b98ec830d5e2db0d13e0a177dd86938c47,260,,275,"[5,7,8,9]",[1],227,231.1153846153846,4.115384615384613,-4.115384615384613,26,cross,500,1980,0.25252525252525254,3.96,0,5,1.2547206254264591,-0.9602210114090314,b1c36ecfb1a08ae2b5fb860cd6e10fe6c48e7489f1554f37c0fb9e9359ccd55d
1,3.0.0,deterministic_synthetic_snapshot,636a86dcd1e54f4eb99f3c9b3f5571b3d5eade536040955e3f830f0ddb67408b,synthetic-community-next,synthetic-community,a7ab8eb08182a09d8d33507e42a6d1b98ec830d5e2db0d13e0a177dd86938c47,260,,276,"[1,4,7,10]",[1],227,231.1153846153846,4.115384615384613,-4.115384615384613,26,cross,500,1980,0.25252525252525254,3.96,0,5,2.510532967250205,-0.9800839722361863,26e083241e402195000c7234b734a5d2169351161b1775aef27b2fe48114c5af
1,3.0.0,deterministic_synthetic_snapshot,636a86dcd1e54f4eb99f3c9b3f5571b3d5eade536040955e3f830f0ddb67408b,synthetic-community-next,synthetic-community,a7ab8eb08182a09d8d33507e42a6d1b98ec830d5e2db0d13e0a177dd86938c47,260,,277,"[4,6,10,12]",[1],227,231.1153846153846,4.115384615384613,-4.115384615384613,26,cross,500,1980,0.25252525252525254,3.96,0,5,0.7994005993482138,-0.9385566945115713,36fd10424ffc392d52150a4be5d1c582d71458292f2bfef1dc5748d3fe58b377
1,3.0.0,deterministic_synthetic_snapshot,636a86dcd1e54f4eb99f3c9b3f5571b3d5eade536040955e3f830f0ddb67408b,synthetic-community-next,synthetic-community,a7ab8eb08182a09d8d33507e42a6d1b98ec830d5e2db0d13e0a177dd86938c47,260,,278,"[1,4,10,12]",[1],227,231.1153846153846,4.115384615384613,-4.115384615384613,26,cross,500,1980,0.25252525252525254,3.96,0,5,0.6631930475690396,-0.9272537089299322,2cc1171213e50cb8eb5ed42f1bd4a2582a6d8ca3b9fef60d24a8883f4bdbe202
1,3.0.0,deterministic_synthetic_snapshot,636a86dcd1e54f4eb99f3c9b3f5571b3d5eade536040955e3f830f0ddb67408b,synthetic-community-next,synthetic-community,a7ab8eb08182a09d8d33507e42a6d1b98ec830d5e2db0d13e0a177dd86938c47,260,,279,"[1,6,7,8]",[1],227,231.1153846153846,4.115384615384613,-4.115384615384613,26,cross,500,1980,0.25252525252525254,3.96,0,5,1.394740537361225,-0.9641823167126158,b1f141293234bcf11d72c015bd77b251f65f6cd23bb6ba449a069d46eb5f7cde
1,3.0.0,deterministic_synthetic_snapshot,636a86dcd1e54f4eb99f3c9b3f5571b3d5eade536040955e3f830f0ddb67408b,synthetic-community-next,synthetic-community,a7ab8eb08182a09d8d33507e42a6d1b98ec830d5e2db0d13e0a177dd86938c47,260,,280,"[1,6,8,11]",[1],227,231.1153846153846,4.115384615384613,-4.115384615384613,26,cross,500,1980,0.25252525252525254,3.96,0,5,0.6732924340802433,-0.9282152704076493,366f69808c6582a42e3c4a71abffcebd7608a8012fd5bb30d7269d295c78a34d
1,3.0.0,deterministic_synthetic_snapshot,636a86dcd1e54f4eb99f3c9b3f5571b3d5eade536040955e3f830f0ddb67408b,synthetic-community-next,synthetic-community,a7ab8eb08182a09d8d33507e42a6d1b98ec830d5e2db0d13e0a177dd86938c47,260,,281,"[3,5,7,9]",[1],227,231.1153846153846,4.115384615384613,-4.115384615384613,26,cross,500,1980,0.25252525252525254,3.96,0,5,2.43578184815033,-0.979472803408388,67e047d25dd7486f6cd59a480c2c70896fededd04e2e9f310958d0266e5340e6
1,3.0.0,deterministic_synthetic_snapshot,636a86dcd1e54f4eb99f3c9b3f5571b3d5eade536040955e3f830f0ddb67408b,synthetic-community-next,synthetic-community,a7ab8eb08182a09d8d33507e42a6d1b98ec830d5e2db0d13e0a177dd86938c47,260,,282,"[2,6,8,9]",[1],227,231.1153846153846,4.115384615384613,-4.115384615384613,26,cross,500,1980,0.25252525252525254,3.96,0,5,0.88860930386225,-0.9443649726813691,72bbfd879797f03d64f93db7a2e58b300c81be4a9587ff0ded656c8978958483
1,3.0.0,deterministic_synthetic_snapshot,636a86dcd1e54f4eb99f3c9b3f5571b3d5eade536040955e3f830f0ddb67408b,synthetic-community-next,synthetic-community,a7ab8eb08182a09d8d33507e42a6d1b98ec830d5e2db0d13e0a177dd86938c47,260,,283,"[2,9,10,12]",[1],227,231.1153846153846,4.115384615384613,-4.115384615384613,26,cross,500,1980,0.25252525252525254,3.96,0,5,0.605699684890762,-0.9213249066073382,cf12bcecb8dc2a4d7063c95051a5b1f8dfe460c403187c5e7064c3c401e33893
1,3.0.0,deterministic_synthetic_snapshot,636a86dcd1e54f4eb99f3c9b3f5571b3d5eade536040955e3f830f0ddb67408b,synthetic-community-next,synthetic-community,a7ab8eb08182a09d8d33507e42a6d1b98ec830d5e2db0d13e0a177dd86938c47,260,,284,"[3,4,6,9]",[1],227,231.1153846153846,4.115384615384613,-4.115384615384613,26,cross,500,1980,0.25252525252525254,3.96,0,5,0.9298270249074835,-0.9467175549983096,4c6e7de2a19d33e592b743f201db7b7ebc14c1dac332de3c13678bec605fad19
1,3.0.0,deterministic_synthetic_snapshot,636a86dcd1e54f4eb99f3c9b3f5571b3d5eade536040955e3f830f0ddb67408b,synthetic-community-next,synthetic-community,a7ab8eb08182a09d8d33507e42a6d1b98ec830d5e2db0d13e0a177dd86938c47,260,,285,"[7,8,9,12]",[1],227,231.1153846153846,4.115384615384613,-4.115384615384613,26,cross,500,1980,0.25252525252525254,3.96,0,5,1.1287575041370077,-0.9558516026930197,540a1ae7ce5c6f663c80a54428646d302d3690a92014a8b0aca05ed13c4ffec1
1,3.0.0,deterministic_synthetic_snapshot,636a86dcd1e54f4eb99f3c9b3f5571b3d5eade536040955e3f830f0ddb67408b,synthetic-community-next,synthetic-community,a7ab8eb08182a09d8d33507e42a6d1b98ec830d5e2db0d13e0a177dd86938c47,260,,286,"[1,3,4,5]",[2],227,231.1153846153846,4.115384615384613,-4.115384615384613,26,cross,500,1980,0.25252525252525254,3.96,0,5,1.0653102117998554,-0.9532815042645874,41e1b7607b94b0b69e121c14f4fe4f3d487e12888c7b8a2f8c8d0062ce8dc219
1,3.0.0,deterministic_synthetic_snapshot,636a86dcd1e54f4eb99f3c9b3f5571b3d5eade536040955e3f830f0ddb67408b,synthetic-community-next,synthetic-community,a7ab8eb08182a09d8d33507e42a6d1b98ec830d5e2db0d13e0a177dd86938c47,260,,287,"[1,3,5,6]",[2],227,231.1153846153846,4.115384615384613,-4.115384615384613,26,cross,500,1980,0.25252525252525254,3.96,0,5,1.033590600243515,-0.9518864864744587,6fc29383745b665bad66d793115adf50c775413836f94a9cd0c1a78e3811bc9f
1,3.0.0,deterministic_synthetic_snapshot,636a86dcd1e54f4eb99f3c9b3f5571b3d5eade536040955e3f830f0ddb67408b,synthetic-community-next,synthetic-community,a7ab8eb08182a09d8d33507e42a6d1b98ec830d5e2db0d13e0a177dd86938c47,260,,288,"[1,3,5,7]",[2],227,231.1153846153846,4.115384615384613,-4.115384615384613,26,cross,500,1980,0.25252525252525254,3.96,0,5,2.748834201347628,-0.9818104877920045,8ee241c49b08419669bf57b0c5b874c0255f7ca975806f7163cda074239ac733
1,3.0.0,deterministic_synthetic_snapshot,636a86dcd1e54f4eb99f3c9b3f5571b3d5eade536040955e3f830f0ddb67408b,synthetic-community-next,synthetic-community,a7ab8eb08182a09d8d33507e42a6d1b98ec830d5e2db0d13e0a177dd86938c47,260,,289,"[5,9,10,12]",[2],227,231.1153846153846,4.115384615384613,-4.115384615384613,26,cross,500,1980,0.25252525252525254,3.96,0,5,0.7525050027580054,-0.9350408910894134,b59fe2ea894a046d99b1370145ab4af9f1f6d31b256db5a07554eafd19399325
1,3.0.0,deterministic_synthetic_snapshot,636a86dcd1e54f4eb99f3c9b3f5571b3d5eade536040955e3f830f0ddb67408b,synthetic-community-next,synthetic-community,a7ab8eb08182a09d8d33507e42a6d1b98ec830d5e2db0d13e0a177dd86938c47,260,,290,"[1,5,6,10]",[2],227,231.1153846153846,4.115384615384613,-4.115384615384613,26,cross,500,1980,0.25252525252525254,3.96,0,5,0.9298270249074835,-0.9467175549983096,c1f8889ee5ee56d4a360212f2e81f4dd0c355df776016b51c2892e1dd5ecdee1
1,3.0.0,deterministic_synthetic_snapshot,636a86dcd1e54f4eb99f3c9b3f5571b3d5eade536040955e3f830f0ddb67408b,synthetic-community-next,synthetic-community,a7ab8eb08182a09d8d33507e42a6d1b98ec830d5e2db0d13e0a177dd86938c47,260,,291,"[1,5,7,10]",[2],227,231.1153846153846,4.115384615384613,-4.115384615384613,26,cross,500,1980,0.25252525252525254,3.96,0,5,1.3738194293008066,-0.9636404086987961,696239bb8056c185e390d0c281aa171d7f73f8ef89ac43f9d4a4cbe18ebbeca2
1,3.0.0,deterministic_synthetic_snapshot,636a86dcd1e54f4eb99f3c9b3f5571b3d5eade536040955e3f830f0ddb67408b,synthetic-community-next,synthetic-community,a7ab8eb08182a09d8d33507e42a6d1b98ec830d5e2db0d13e0a177dd86938c47,260,,292,"[1,5,8,9]",[2],227,231.1153846153846,4.115384615384613,-4.115384615384613,26,cross,500,1980,0.25252525252525254,3.96,0,5,0.915879619533871,-0.9459425267442407,b565c995e1d1ef10d10139c9b4a885eba6e549739fd8e4110d025277d3a817f7
1,3.0.0,deterministic_synthetic_snapshot,636a86dcd1e54f4eb99f3c9b3f5571b3d5eade536040955e3f830f0ddb67408b,synthetic-community-next,synthetic-community,a7ab8eb08182a09d8d33507e42a6d1b98ec830d5e2db0d13e0a177dd86938c47,260,,293,"[1,7,8,10]",[2],227,231.1153846153846,4.115384615384613,-4.115384615384613,26,cross,500,1980,0.25252525252525254,3.96,0,5,1.3129202464564742,-0.9619671857123827,d1fe7ef26c372d58882ade99134ee242948f3a11dc0134b26478142d1de6de0f
1,3.0.0,deterministic_synthetic_snapshot,636a86dcd1e54f4eb99f3c9b3f5571b3d5eade536040955e3f830f0ddb67408b,synthetic-community-next,synthetic-community,a7ab8eb08182a09d8d33507e42a6d1b98ec830d5e2db0d13e0a177dd86938c47,260,,294,"[1,9,10,11]",[2],227,231.1153846153846,4.115384615384613,-4.115384615384613,26,cross,500,1980,0.25252525252525254,3.96,0,5,0.6242878557971214,-0.9233306476982704,525f59d289b8417b319e73620851db48e7570f948b31ef78fa4d84dc28b104ea
1,3.0.0,deterministic_synthetic_snapshot,636a86dcd1e54f4eb99f3c9b3f5571b3d5eade536040955e3f830f0ddb67408b,synthetic-community-next,synthetic-community,a7ab8eb08182a09d8d33507e42a6d1b98ec830d5e2db0d13e0a177dd86938c47,260,,295,"[2,3,4,8]",[2],227,231.1153846153846,4.115384615384613,-4.115384615384613,26,cross,500,1980,0.25252525252525254,3.96,0,5,1.0028154401212641,-0.9504552727614592,0b6e4eaa549b46ad749ef12ad7bf515f4a644e3f6397894cc818a12a0d8acba8
1,3.0.0,deterministic_synthetic_snapshot,636a86dcd1e54f4eb99f3c9b3f5571b3d5eade536040955e3f830f0ddb67408b,synthetic-community-next,synthetic-community,a7ab8eb08182a09d8d33507e42a6d1b98ec830d5e2db0d13e0a177dd86938c47,260,,296,"[2,3,10,12]",[2],227,231.1153846153846,4.115384615384613,-4.115384615384613,26,cross,500,1980,0.25252525252525254,3.96,0,5,0.6631930475690396,-0.9272537089299322,d6a35b4bd9567794ab1aa7e805415173e5dfcf62edab67621f1ad7d73302867e
1,3.0.0,deterministic_synthetic_snapshot,636a86dcd1e54f4eb99f3c9b3f5571b3d5eade536040955e3f830f0ddb67408b,synthetic-community-next,synthetic-community,a7ab8eb08182a09d8d33507e42a6d1b98ec830d5e2db0d13e0a177dd86938c47,260,,297,"[3,8,10,11]",[2],227,231.1153846153846,4.115384615384613,-4.115384615384613,26,cross,500,1980,0.25252525252525254,3.96,0,5,0.7994005993482138,-0.9385566945115713,68176d67b90a869577c3b98ac95fa87529b7f26ea633323411489bf261d31651
1,3.0.0,deterministic_synthetic_snapshot,636a86dcd1e54f4eb99f3c9b3f5571b3d5eade536040955e3f830f0ddb67408b,synthetic-community-next,synthetic-community,a7ab8eb08182a09d8d33507e42a6d1b98ec830d5e2db0d13e0a177dd86938c47,260,,298,"[3,4,9,10]",[2],227,231.1153846153846,4.115384615384613,-4.115384615384613,26,cross,500,1980,0.25252525252525254,3.96,0,5,0.8752801643043162,-0.9435624666677364,6aa9b6ddf0f08406ab82003848f38eb60d16c4cd686c623ab91a1588d777c4cf
1,3.0.0,deterministic_synthetic_snapshot,636a86dcd1e54f4eb99f3c9b3f5571b3d5eade536040955e3f830f0ddb67408b,synthetic-community-next,synthetic-community,a7ab8eb08182a09d8d33507e42a6d1b98ec830d5e2db0d13e0a177dd86938c47,260,,299,"[3,5,8,11]",[2],227,231.1153846153846,4.115384615384613,-4.115384615384613,26,cross,500,1980,0.25252525252525254,3.96,0,5,0.8621509618397515,-0.9427508300277752,8d252379683c242a2fdb40a55ef07e679c76f3fb210ce46948acfb16be32c634
1,3.0.0,deterministic_synthetic_snapshot,636a86dcd1e54f4eb99f3c9b3f5571b3d5eade536040955e3f830f0ddb67408b,synthetic-community-next,synthetic-community,a7ab8eb08182a09d8d33507e42a6d1b98ec830d5e2db0d13e0a177dd86938c47,260,,300,"[3,4,6,10]",[2],227,231.1153846153846,4.115384615384613,-4.115384615384613,26,cross,500,1980,0.25252525252525254,3.96,0,5,0.9158796195338711,-0.9459425267442407,39c20ba34a73bb38010e381e4b524cd897069d8dd2a229850f8f32f484448d43
1,3.0.0,deterministic_synthetic_snapshot,636a86dcd1e54f4eb99f3c9b3f5571b3d5eade536040955e3f830f0ddb67408b,synthetic-community-next,synthetic-community,a7ab8eb08182a09d8d33507e42a6d1b98ec830d5e2db0d13e0a177dd86938c47,260,,301,"[5,6,8,9]",[3],227,231.1153846153846,4.115384615384613,-4.115384615384613,26,cross,500,1980,0.25252525252525254,3.96,0,5,0.8492186974121552,-0.9419300860247809,0a4cbda394be186caba2f00fefb22d84553df831fb14cc3572dd98a5c7ac69cd
1,3.0.0,deterministic_synthetic_snapshot,636a86dcd1e54f4eb99f3c9b3f5571b3d5eade536040955e3f830f0ddb67408b,synthetic-community-next,synthetic-community,a7ab8eb08182a09d8d33507e42a6d1b98ec830d5e2db0d13e0a177dd86938c47,260,,302,"[5,6,8,11]",[3],227,231.1153846153846,4.115384615384613,-4.115384615384613,26,cross,500,1980,0.25252525252525254,3.96,0,5,0.8239332106967083,-0.940261396424989,774ac064a138ab3901a147c779ed03c58260e029a2183f89fd7d2fe32525d6c7
1,3.0.0,deterministic_synthetic_snapshot,636a86dcd1e54f4eb99f3c9b3f5571b3d5eade536040955e3f830f0ddb67408b,synthetic-community-next,synthetic-community,a7ab8eb08182a09d8d33507e42a6d1b98ec830d5e2db0d13e0a177dd86938c47,260,,303,"[5,7,8,12]",[3],227,231.1153846153846,4.115384615384613,-4.115384615384613,26,cross,500,1980,0.25252525252525254,3.96,0,5,1.1991008990223206,-0.9583998145483417,9afabdca8118ae14c6d3c7d872ffeeb2a64d8f01421a721326ecc25c51b17247
1,3.0.0,deterministic_synthetic_snapshot,636a86dcd1e54f4eb99f3c9b3f5571b3d5eade536040955e3f830f0ddb67408b,synthetic-community-next,synthetic-community,a7ab8eb08182a09d8d33507e42a6d1b98ec830d5e2db0d13e0a177dd86938c47,260,,304,"[1,6,8,9]",[3],227,231.1153846153846,4.115384615384613,-4.115384615384613,26,cross,500,1980,0.25252525252525254,3.96,0,5,0.9021414252408632,-0.9451583302141527,8a36474c227c50deb92b68f999f20e37bd6b9aa39a093b5c2116fbedac1058a0
1,3.0.0,deterministic_synthetic_snapshot,636a86dcd1e54f4eb99f3c9b3f5571b3d5eade536040955e3f830f0ddb67408b,synthetic-community-next,synthetic-community,a7ab8eb08182a09d8d33507e42a6d1b98ec830d5e2db0d13e0a177dd86938c47,260,,305,"[4,5,9,12]",[3],227,231.1153846153846,4.115384615384613,-4.115384615384613,26,cross,500,1980,0.25252525252525254,3.96,0,5,0.8239332106967083,-0.940261396424989,82068779deb19d37ef3ce01b519d126986e5427329a826eaf73d86a152ca6405
1,3.0.0,deterministic_synthetic_snapshot,636a86dcd1e54f4eb99f3c9b3f5571b3d5eade536040955e3f830f0ddb67408b,synthetic-community-next,synthetic-community,a7ab8eb08182a09d8d33507e42a6d1b98ec830d5e2db0d13e0a177dd86938c47,260,,306,"[2,3,6,11]",[3],227,231.1153846153846,4.115384615384613,-4.115384615384613,26,cross,500,1980,0.25252525252525254,3.96,0,5,0.9298270249074835,-0.9467175549983096,306ae0cb26cbf8060d219fd70124121f5d08848e41bcf339f2a90d25057a8374
1,3.0.0,deterministic_synthetic_snapshot,636a86dcd1e54f4eb99f3c9b3f5571b3d5eade536040955e3f830f0ddb67408b,synthetic-community-next,synthetic-community,a7ab8eb08182a09d8d33507e42a6d1b98ec830d5e2db0d13e0a177dd86938c47,260,,307,"[2,5,8,11]",[3],227,231.1153846153846,4.115384615384613,-4.115384615384613,26,cross,500,1980,0.25252525252525254,3.96,0,5,1.5755042957477694,-0.9682752426347996,49dd58a03d919891fec1fcd3b7e689c6db56a6553ec59f5543ed063910c1c35c
1,3.0.0,deterministic_synthetic_snapshot,636a86dcd1e54f4eb99f3c9b3f5571b3d5eade536040955e3f830f0ddb67408b,synthetic-community-next,synthetic-community,a7ab8eb08182a09d8d33507e42a6d1b98ec830d5e2db0d13e0a177dd86938c47,260,,308,"[2,8,10,11]",[3],227,231.1153846153846,4.115384615384613,-4.115384615384613,26,cross,500,1980,0.25252525252525254,3.96,0,5,0.8115742125362577,-0.9394135249659534,a2bc893833b685a8bd80bd71527fc7fce8735d4986150613ee699938892cc4d5
1,3.0.0,deterministic_synthetic_snapshot,636a86dcd1e54f4eb99f3c9b3f5571b3d5eade536040955e3f830f0ddb67408b,synthetic-community-next,synthetic-community,a7ab8eb08182a09d8d33507e42a6d1b98ec830d5e2db0d13e0a177dd86938c47,260,,309,"[1,2,6,11]",[3],227,231.1153846153846,4.115384615384613,-4.115384615384613,26,cross,500,1980,0.25252525252525254,3.96,0,5,0.7372017394121374,-0.9338142873418813,89098ea7428a6f76956881759e49900c7cef8339ae3a8aab7d0e1b26854ded53
1,3.0.0,deterministic_synthetic_snapshot,636a86dcd1e54f4eb99f3c9b3f5571b3d5eade536040955e3f830f0ddb67408b,synthetic-community-next,synthetic-community,a7ab8eb08182a09d8d33507e42a6d1b98ec830d5e2db0d13e0a177dd86938c47,260,,310,"[6,7,10,12]",[3],227,231.1153846153846,4.115384615384613,-4.115384615384613,26,cross,500,1980,0.25252525252525254,3.96,0,5,1.1459467047076222,-0.9565016987594464,8b27f22346420ef49b71cb74238704f9dabc3350fa4a7b1b30ff0ce82c59cd0e
1,3.0.0,deterministic_synthetic_snapshot,636a86dcd1e54f4eb99f3c9b3f5571b3d5eade536040955e3f830f0ddb67408b,synthetic-community-next,synthetic-community,a7ab8eb08182a09d8d33507e42a6d1b98ec830d5e2db0d13e0a177dd86938c47,260,,311,"[1,2,3,7]",[4],227,231.1153846153846,4.115384615384613,-4.115384615384613,26,cross,500,1980,0.25252525252525254,3.96,0,5,1.5979653176997834,-0.9687199912296749,c5b59b9800f5f8d4ad937a760dc516909d7aa1e8d2cf47a0fd72c92ed8a0ad99
1,3.0.0,deterministic_synthetic_snapshot,636a86dcd1e54f4eb99f3c9b3f5571b3d5eade536040955e3f830f0ddb67408b,synthetic-community-next,synthetic-community,a7ab8eb08182a09d8d33507e42a6d1b98ec830d5e2db0d13e0a177dd86938c47,260,,312,"[1,3,4,11]",[4],227,231.1153846153846,4.115384615384613,-4.115384615384613,26,cross,500,1980,0.25252525252525254,3.96,0,5,0.7484281618397335,-0.9347181203341342,a64aa771c109e28f2cd1b29278a3b59680f50a187b2d6456f64ee1b1e50f5414
1,3.0.0,deterministic_synthetic_snapshot,636a86dcd1e54f4eb99f3c9b3f5571b3d5eade536040955e3f830f0ddb67408b,synthetic-community-next,synthetic-community,a7ab8eb08182a09d8d33507e42a6d1b98ec830d5e2db0d13e0a177dd86938c47,260,,313,"[1,4,6,9]",[4],227,231.1153846153846,4.115384615384613,-4.115384615384613,26,cross,500,1980,0.25252525252525254,3.96,0,5,0.9583622612357787,-0.9482401032687121,30b2d5a4c6da89947422e745af14c99e9b91701d4457722a88004f5c2cf30372
1,3.0.0,deterministic_synthetic_snapshot,636a86dcd1e54f4eb99f3c9b3f5571b3d5eade536040955e3f830f0ddb67408b,synthetic-community-next,synthetic-community,a7ab8eb08182a09d8d33507e42a6d1b98ec830d5e2db0d13e0a177dd86938c47,260,,314,"[4,9,11,12]",[4],227,231.1153846153846,4.115384615384613,-4.115384615384613,26,cross,500,1980,0.25252525252525254,3.96,0,5,0.7525050027580054,-0.9350408910894134,15b4e16db32ee319ad373582228f37c8770675afd3ef83526b657e5ea6f8493c
1,3.0.0,deterministic_synthetic_snapshot,636a86dcd1e54f4eb99f3c9b3f5571b3d5eade536040955e3f830f0ddb67408b,synthetic-community-next,synthetic-community,a7ab8eb08182a09d8d33507e42a6d1b98ec830d5e2db0d13e0a177dd86938c47,260,,315,"[2,3,5,7]",[4],227,231.1153846153846,4.115384615384613,-4.115384615384613,26,cross,500,1980,0.25252525252525254,3.96,0,5,1.504223160181896,-0.9667769346026271,52029d6e048b51133c77bdb898f9e62347d9b1fbc1a4fc729feec55130526407
1,3.0.0,deterministic_synthetic_snapshot,636a86dcd1e54f4eb99f3c9b3f5571b3d5eade536040955e3f830f0ddb67408b,synthetic-community-next,synthetic-community,a7ab8eb08182a09d8d33507e42a6d1b98ec830d5e2db0d13e0a177dd86938c47,260,,316,"[2,4,5,8]",[4],227,231.1153846153846,4.115384615384613,-4.115384615384613,26,cross,500,1980,0.25252525252525254,3.96,0,5,0.9729566103916533,-0.9489876341167178,8971baba3e05cbdfff3d4ac52da890e8e8555440702651d0dee6acf100078aaf
1,3.0.0,deterministic_synthetic_snapshot,636a86dcd1e54f4eb99f3c9b3f5571b3d5eade536040955e3f830f0ddb67408b,synthetic-community-next,synthetic-community,a7ab8eb08182a09d8d33507e42a6d1b98ec830d5e2db0d13e0a177dd86938c47,260,,317,"[2,7,8,12]",[4],227,231.1153846153846,4.115384615384613,-4.115384615384613,26,cross,500,1980,0.25252525252525254,3.96,0,5,0.9651697118665069,-0.9485913307807305,3957b99f1882ed90617b2eef9c868b877929a9d55e8581706d4eee554700481d
1,3.0.0,deterministic_synthetic_snapshot,636a86dcd1e54f4eb99f3c9b3f5571b3d5eade536040955e3f830f0ddb67408b,synthetic-community-next,synthetic-community,a7ab8eb08182a09d8d33507e42a6d1b98ec830d5e2db0d13e0a177dd86938c47,260,,318,"[4,5,6,9]",[4],227,231.1153846153846,4.115384615384613,-4.115384615384613,26,cross,500,1980,0.25252525252525254,3.96,0,5,0.9021414252408632,-0.9451583302141527,caec542e0e53a936bbaa2af7bea09c50a75f6f285e78f52806ff2f48f73fac7c
1,3.0.0,deterministic_synthetic_snapshot,636a86dcd1e54f4eb99f3c9b3f5571b3d5eade536040955e3f830f0ddb67408b,synthetic-community-next,synthetic-community,a7ab8eb08182a09d8d33507e42a6d1b98ec830d5e2db0d13e0a177dd86938c47,260,,319,"[4,5,7,10]",[4],227,231.1153846153846,4.115384615384613,-4.115384615384613,26,cross,500,1980,0.25252525252525254,3.96,0,5,1.3129202464564742,-0.9619671857123827,82a5216663fd793f870f323661c400d32aa52e72748def107ea82abdbe1ad619
1,3.0.0,deterministic_synthetic_snapshot,636a86dcd1e54f4eb99f3c9b3f5571b3d5eade536040955e3f830f0ddb67408b,synthetic-community-next,synthetic-community,a7ab8eb08182a09d8d33507e42a6d1b98ec830d5e2db0d13e0a177dd86938c47,260,,320,"[1,2,7,8]",[4],227,231.1153846153846,4.115384615384613,-4.115384615384613,26,cross,500,1980,0.25252525252525254,3.96,0,5,1.4816598127791674,-0.9662730440032272,47dcf6a6f69c64503f04211c23ebf4d79c5e66c014fb2dcf54e82afba13818fd
1,3.0.0,deterministic_synthetic_snapshot,636a86dcd1e54f4eb99f3c9b3f5571b3d5eade536040955e3f830f0ddb67408b,synthetic-community-next,synthetic-community,a7ab8eb08182a09d8d33507e42a6d1b98ec830d5e2db0d13e0a177dd86938c47,260,,321,"[1,2,11,12]",[4],227,231.1153846153846,4.115384615384613,-4.115384615384613,26,cross,500,1980,0.25252525252525254,3.96,0,5,0.6732924340802434,-0.9282152704076494,d72172d03507a895c3af1e72f2688a3c988f97140c55bb81eae38b9f4f5b2e7a
1,3.0.0,deterministic_synthetic_snapshot,636a86dcd1e54f4eb99f3c9b3f5571b3d5eade536040955e3f830f0ddb67408b,synthetic-community-next,synthetic-community,a7ab8eb08182a09d8d33507e42a6d1b98ec830d5e2db0d13e0a177dd86938c47,260,,322,"[7,8,10,11]",[4],227,231.1153846153846,4.115384615384613,-4.115384615384613,26,cross,500,1980,0.25252525252525254,3.96,0,5,1.1287575041370077,-0.9558516026930197,a31d7b3d7f05712dc03c7116ad2c8b5093f76dd20dc4128279f6df5e7b563264
1,3.0.0,deterministic_synthetic_snapshot,636a86dcd1e54f4eb99f3c9b3f5571b3d5eade536040955e3f830f0ddb67408b,synthetic-community-next,synthetic-community,a7ab8eb08182a09d8d33507e42a6d1b98ec830d5e2db0d13e0a177dd86938c47,260,,323,"[1,3,4,7]",[1],236,231.1153846153846,4.884615384615387,-4.884615384615387,26,cross,500,1980,0.25252525252525254,3.96,0,5,1.550385900365272,-0.9677627851733214,efe87a5a5090aab8852fa10d1d632c85cd0e2d8cf5f53127529379a249215537
1,3.0.0,deterministic_synthetic_snapshot,636a86dcd1e54f4eb99f3c9b3f5571b3d5eade536040955e3f830f0ddb67408b,synthetic-community-next,synthetic-community,a7ab8eb08182a09d8d33507e42a6d1b98ec830d5e2db0d13e0a177dd86938c47,260,,324,"[5,7,8,12]",[1],236,231.1153846153846,4.884615384615387,-4.884615384615387,26,cross,500,1980,0.25252525252525254,3.96,0,5,1.1991008990223206,-0.9583998145483417,ffd5eddf86e2754498204075d5fba679f3ca9cb3352b6b533b0fd89a024ad274
1,3.0.0,deterministic_synthetic_snapshot,636a86dcd1e54f4eb99f3c9b3f5571b3d5eade536040955e3f830f0ddb67408b,synthetic-community-next,synthetic-community,a7ab8eb08182a09d8d33507e42a6d1b98ec830d5e2db0d13e0a177dd86938c47,260,,325,"[1,4,8,12]",[1],236,231.1153846153846,4.884615384615387,-4.884615384615387,26,cross,500,1980,0.25252525252525254,3.96,0,5,0.6835456183555769,-0.9291689022693999,7b35cd6e0af6f0d565792b7a9dddf471d8cea51dac88cd1c3804a5847977b02d
1,3.0.0,deterministic_synthetic_snapshot,636a86dcd1e54f4eb99f3c9b3f5571b3d5eade536040955e3f830f0ddb67408b,synthetic-community-next,synthetic-community,a7ab8eb08182a09d8d33507e42a6d1b98ec830d5e2db0d13e0a177dd86938c47,260,,326,"[3,5,9,12]",[1],236,231.1153846153846,4.884615384615387,-4.884615384615387,26,cross,500,1980,0.25252525252525254,3.96,0,5,0.836480416950973,-0.9411002633986193,0a1daeb7d6b05230d4e4bd206dfe4d86fd349c2e8e5d5a29c63fa506698d5efa
1,3.0.0,deterministic_synthetic_snapshot,636a86dcd1e54f4eb99f3c9b3f5571b3d5eade536040955e3f830f0ddb67408b,synthetic-community-next,synthetic-community,a7ab8eb08182a09d8d33507e42a6d1b98ec830d5e2db0d13e0a177dd86938c47,260,,327,"[2,6,7,10]",[1],236,231.1153846153846,4.884615384615387,-4.884615384615387,26,cross,500,1980,0.25252525252525254,3.96,0,5,1.332913955793375,-0.9625329258259757,96210bb356055edcbd61c24effd65dce02c0ac729d12b25f299ebdc8358b41e3
1,3.0.0,deterministic_synthetic_snapshot,636a86dcd1e54f4eb99f3c9b3f5571b3d5eade536040955e3f830f0ddb67408b,synthetic-community-next,synthetic-community,a7ab8eb08182a09d8d33507e42a6d1b98ec830d5e2db0d13e0a177dd86938c47,260,,328,"[1,2,7,10]",[1],236,231.1153846153846,4.884615384615387,-4.884615384615387,26,cross,500,1980,0.25252525252525254,3.96,0,5,1.437543391853668,-0.9652428885730021,609593686d552a9b8c93f46b03040803289675872d9e403169afa09fdd7e28d9
1,3.0.0,deterministic_synthetic_snapshot,636a86dcd1e54f4eb99f3c9b3f5571b3d5eade536040955e3f830f0ddb67408b,synthetic-community-next,synthetic-community,a7ab8eb08182a09d8d33507e42a6d1b98ec830d5e2db0d13e0a177dd86938c47,260,,329,"[7,8,9,11]",[1],236,231.1153846153846,4.884615384615387,-4.884615384615387,26,cross,500,1980,0.25252525252525254,3.96,0,5,1.1459467047076222,-0.9565016987594464,e98d4dde874bae401c6496176150e4ee7c14478c7e3fe0e44648a5989d57badf
1,3.0.0,deterministic_synthetic_snapshot,636a86dcd1e54f4eb99f3c9b3f5571b3d5eade536040955e3f830f0ddb67408b,synthetic-community-next,synthetic-community,a7ab8eb08182a09d8d33507e42a6d1b98ec830d5e2db0d13e0a177dd86938c47,260,,330,"[4,9,10,11]",[2],236,231.1153846153846,4.884615384615387,-4.884615384615387,26,cross,500,1980,0.25252525252525254,3.96,0,5,0.7755984465026208,-0.936816366903339,dd9421eebf18df74744afd5369a1305b482d357c818cd2bce6bb3a28e8e363a6
1,3.0.0,deterministic_synthetic_snapshot,636a86dcd1e54f4eb99f3c9b3f5571b3d5eade536040955e3f830f0ddb67408b,synthetic-community-next,synthetic-community,a7ab8eb08182a09d8d33507e42a6d1b98ec830d5e2db0d13e0a177dd86938c47,260,,331,"[4,5,9,10]",[2],236,231.1153846153846,4.884615384615387,-4.884615384615387,26,cross,500,1980,0.25252525252525254,3.96,0,5,0.8492186974121554,-0.9419300860247809,2f9e5dd231444c749354a15fbd3df9452a787d8458d7937e66193c313192061a
1,3.0.0,deterministic_synthetic_snapshot,636a86dcd1e54f4eb99f3c9b3f5571b3d5eade536040955e3f830f0ddb67408b,synthetic-community-next,synthetic-community,a7ab8eb08182a09d8d33507e42a6d1b98ec830d5e2db0d13e0a177dd86938c47,260,,332,"[1,6,10,12]",[2],236,231.1153846153846,4.884615384615387,-4.884615384615387,26,cross,500,1980,0.25252525252525254,3.96,0,5,0.6434464745776715,-0.9253072829768365,591ddc71425c5e14767b51ee3d67e0ef7b3c3a59ab5e5426fedf4208d7ac93d3
1,3.0.0,deterministic_synthetic_snapshot,636a86dcd1e54f4eb99f3c9b3f5571b3d5eade536040955e3f830f0ddb67408b,synthetic-community-next,synthetic-community,a7ab8eb08182a09d8d33507e42a6d1b98ec830d5e2db0d13e0a177dd86938c47,260,,333,"[2,4,6,8]",[2],236,231.1153846153846,4.884615384615387,-4.884615384615387,26,cross,500,1980,0.25252525252525254,3.96,0,5,1.7250520702244014,-0.9710201366742548,d00deb4ad43ca2827aa464fc612f535ccc16ce18494482740e2cc418ba23282a
1,3.0.0,deterministic_synthetic_snapshot,636a86dcd1e54f4eb99f3c9b3f5571b3d5eade536040955e3f830f0ddb67408b,synthetic-community-next,synthetic-community,a7ab8eb08182a09d8d33507e42a6d1b98ec830d5e2db0d13e0a177dd86938c47,260,,334,"[2,4,10,12]",[2],236,231.1153846153846,4.884615384615387,-4.884615384615387,26,cross,500,1980,0.25252525252525254,3.96,0,5,0.653245151855504,-0.9262843379945632,22275e2a11ec019e75dbc16bf4b77e0b650e51a483c6e9db1a82a7bbe4a05fc3
1,3.0.0,deterministic_synthetic_snapshot,636a86dcd1e54f4eb99f3c9b3f5571b3d5eade536040955e3f830f0ddb67408b,synthetic-community-next,synthetic-community,a7ab8eb08182a09d8d33507e42a6d1b98ec830d5e2db0d13e0a177dd86938c47,260,,335,"[3,4,8,11]",[2],236,231.1153846153846,4.884615384615387,-4.884615384615387,26,cross,500,1980,0.25252525252525254,3.96,0,5,0.8752801643043162,-0.9435624666677364,08fe85d78a1c0c1c225aeaabfa5418e68a129e7a3333f7711051927ed9919641
1,3.0.0,deterministic_synthetic_snapshot,636a86dcd1e54f4eb99f3c9b3f5571b3d5eade536040955e3f830f0ddb67408b,synthetic-community-next,synthetic-community,a7ab8eb08182a09d8d33507e42a6d1b98ec830d5e2db0d13e0a177dd86938c47,260,,336,"[1,2,6,10]",[2],236,231.1153846153846,4.884615384615387,-4.884615384615387,26,cross,500,1980,0.25252525252525254,3.96,0,5,0.9729566103916536,-0.9489876341167178,2ebf50a4b550d2b1b78abd1266eb18a6fb8825547f5d9dc08f3fa2a8b4a65478
1,3.0.0,deterministic_synthetic_snapshot,636a86dcd1e54f4eb99f3c9b3f5571b3d5eade536040955e3f830f0ddb67408b,synthetic-community-next,synthetic-community,a7ab8eb08182a09d8d33507e42a6d1b98ec830d5e2db0d13e0a177dd86938c47,260,,337,"[1,2,10,11]",[2],236,231.1153846153846,4.884615384615387,-4.884615384615387,26,cross,500,1980,0.25252525252525254,3.96,0,5,0.6939549424929716,-0.9301144896615852,4cabacb8d378c14fb6224621c856485bfdca3f1c45b2b83c6938674156e076fd
1,3.0.0,deterministic_synthetic_snapshot,636a86dcd1e54f4eb99f3c9b3f5571b3d5eade536040955e3f830f0ddb67408b,synthetic-community-next,synthetic-community,a7ab8eb08182a09d8d33507e42a6d1b98ec830d5e2db0d13e0a177dd86938c47,260,,338,"[6,8,9,12]",[3],236,231.1153846153846,4.884615384615387,-4.884615384615387,26,cross,500,1980,0.25252525252525254,3.96,0,5,0.7639644698050813,-0.9359329891169966,3fd9acb5653002a6f91e87e1af60e5b3ef90a938ae10b4906a19eacdbfbac1c1
1,3.0.0,deterministic_synthetic_snapshot,636a86dcd1e54f4eb99f3c9b3f5571b3d5eade536040955e3f830f0ddb67408b,synthetic-community-next,synthetic-community,a7ab8eb08182a09d8d33507e42a6d1b98ec830d5e2db0d13e0a177dd86938c47,260,,339,"[1,6,7,11]",[4],236,231.1153846153846,4.884615384615387,-4.884615384615387,26,cross,500,1980,0.25252525252525254,3.96,0,5,1.0253184275333656,-0.9515095594211135,bd2fca46b73f562d0f3898c4e79c3e7db776270af5afff04c7ad733afd6d5e67
1,3.0.0,deterministic_synthetic_snapshot,636a86dcd1e54f4eb99f3c9b3f5571b3d5eade536040955e3f830f0ddb67408b,synthetic-community-next,synthetic-community,a7ab8eb08182a09d8d33507e42a6d1b98ec830d5e2db0d13e0a177dd86938c47,260,,340,"[2,3,7,9]",[4],236,231.1153846153846,4.884615384615387,-4.884615384615387,26,cross,500,1980,0.25252525252525254,3.96,0,5,1.4159802409758626,-0.9647164481155364,36869762cfbdf2dd8a8472c16af4750d8de49fd767982040a25303f67ba9206b
1,3.0.0,deterministic_synthetic_snapshot,636a86dcd1e54f4eb99f3c9b3f5571b3d5eade536040955e3f830f0ddb67408b,synthetic-community-next,synthetic-community,a7ab8eb08182a09d8d33507e42a6d1b98ec830d5e2db0d13e0a177dd86938c47,260,,341,"[2,4,6,12]",[4],236,231.1153846153846,4.884615384615387,-4.884615384615387,26,cross,500,1980,0.25252525252525254,3.96,0,5,0.6939549424929714,-0.9301144896615852,bc6c3ae6a3282aea97ee4532e1f05c60cd48bbb638d624f7a5db6b3ecccd5e58
1,3.0.0,deterministic_synthetic_snapshot,636a86dcd1e54f4eb99f3c9b3f5571b3d5eade536040955e3f830f0ddb67408b,synthetic-community-next,synthetic-community,a7ab8eb08182a09d8d33507e42a6d1b98ec830d5e2db0d13e0a177dd86938c47,260,,342,"[2,4,10,11]",[4],236,231.1153846153846,4.884615384615387,-4.884615384615387,26,cross,500,1980,0.25252525252525254,3.96,0,5,0.8621509618397515,-0.9427508300277752,40291bf4d4adf1a5b95f3fcb77031e0034f56d1d956077619d304e45781e7424
1,3.0.0,deterministic_synthetic_snapshot,636a86dcd1e54f4eb99f3c9b3f5571b3d5eade536040955e3f830f0ddb67408b,synthetic-community-next,synthetic-community,a7ab8eb08182a09d8d33507e42a6d1b98ec830d5e2db0d13e0a177dd86938c47,260,,343,"[4,5,6,11]",[4],236,231.1153846153846,4.884615384615387,-4.884615384615387,26,cross,500,1980,0.25252525252525254,3.96,0,5,0.8752801643043162,-0.9435624666677364,8301f9d79927d447ed66b72ec08ecd0cb1b6d01db0621ba7050dece728098296
1,3.0.0,deterministic_synthetic_snapshot,636a86dcd1e54f4eb99f3c9b3f5571b3d5eade536040955e3f830f0ddb67408b,synthetic-community-next,synthetic-community,a7ab8eb08182a09d8d33507e42a6d1b98ec830d5e2db0d13e0a177dd86938c47,260,,344,"[3,6,7,11]",[4],236,231.1153846153846,4.884615384615387,-4.884615384615387,26,cross,500,1980,0.25252525252525254,3.96,0,5,1.2932264427596274,-0.9613933387717912,47630f7236e2579bbbb3b937e368ec27bde21c7249c0c37c685f75f23a269475
1,3.0.0,deterministic_synthetic_snapshot,636a86dcd1e54f4eb99f3c9b3f5571b3d5eade536040955e3f830f0ddb67408b,synthetic-community-next,synthetic-community,a7ab8eb08182a09d8d33507e42a6d1b98ec830d5e2db0d13e0a177dd86938c47,260,,345,"[1,2,4,12]",[4],236,231.1153846153846,4.884615384615387,-4.884615384615387,26,cross,500,1980,0.25252525252525254,3.96,0,5,0.7484281618397333,-0.9347181203341342,a8fea48e911c2bf31d1dc2a46c5e401db05f80e45874a50969140a8629537799
1,3.0.0,deterministic_synthetic_snapshot,636a86dcd1e54f4eb99f3c9b3f5571b3d5eade536040955e3f830f0ddb67408b,synthetic-community-next,synthetic-community,a7ab8eb08182a09d8d33507e42a6d1b98ec830d5e2db0d13e0a177dd86938c47,260,,346,"[6,7,10,11]",[4],236,231.1153846153846,4.884615384615387,-4.884615384615387,26,cross,500,1980,0.25252525252525254,3.96,0,5,1.1633976697539312,-0.9571430592579175,232fbde1e77ffed0a1f5b43eef58401941ed82a1ecd9955b578d73ccfc9559e1
1,3.0.0,deterministic_synthetic_snapshot,636a86dcd1e54f4eb99f3c9b3f5571b3d5eade536040955e3f830f0ddb67408b,synthetic-community-next,synthetic-community,a7ab8eb08182a09d8d33507e42a6d1b98ec830d5e2db0d13e0a177dd86938c47,260,,347,"[7,10,11,12]",[1],226,231.1153846153846,5.115384615384613,-5.115384615384613,26,cross,500,1980,0.25252525252525254,3.96,0,5,1.062540695436415,-0.9531627854608968,e2cbb1d31c338f731006f459b5c312f4bdfdf58cfd25995d5c7ae5b07051b8e6
1,3.0.0,deterministic_synthetic_snapshot,636a86dcd1e54f4eb99f3c9b3f5571b3d5eade536040955e3f830f0ddb67408b,synthetic-community-next,synthetic-community,a7ab8eb08182a09d8d33507e42a6d1b98ec830d5e2db0d13e0a177dd86938c47,260,,348,"[1,3,5,9]",[1],226,231.1153846153846,5.115384615384613,-5.115384615384613,26,cross,500,1980,0.25252525252525254,3.96,0,5,0.9877732085194453,-0.9497260181322209,65c7e32c0b0b5905e499da6c963e9b83089942e2e9f078e19f1f900fef7030dc
1,3.0.0,deterministic_synthetic_snapshot,636a86dcd1e54f4eb99f3c9b3f5571b3d5eade536040955e3f830f0ddb67408b,synthetic-community-next,synthetic-community,a7ab8eb08182a09d8d33507e42a6d1b98ec830d5e2db0d13e0a177dd86938c47,260,,349,"[5,6,7,10]",[1],226,231.1153846153846,5.115384615384613,-5.115384615384613,26,cross,500,1980,0.25252525252525254,3.96,0,5,1.2738280461182327,-0.9608113062937074,5f806753152c989a01a2a71fb665fe060637ed355b4b664da2db5c68f607e936
1,3.0.0,deterministic_synthetic_snapshot,636a86dcd1e54f4eb99f3c9b3f5571b3d5eade536040955e3f830f0ddb67408b,synthetic-community-next,synthetic-community,a7ab8eb08182a09d8d33507e42a6d1b98ec830d5e2db0d13e0a177dd86938c47,260,,350,"[5,8,9,12]",[1],226,231.1153846153846,5.115384615384613,-5.115384615384613,26,cross,500,1980,0.25252525252525254,3.96,0,5,0.7755984465026208,-0.936816366903339,15544bcc559cd939b68e82b1341a4135598d4efd7dc737807d5f474f0b5a6a16
1,3.0.0,deterministic_synthetic_snapshot,636a86dcd1e54f4eb99f3c9b3f5571b3d5eade536040955e3f830f0ddb67408b,synthetic-community-next,synthetic-community,a7ab8eb08182a09d8d33507e42a6d1b98ec830d5e2db0d13e0a177dd86938c47,260,,351,"[1,3,8,12]",[1],226,231.1153846153846,5.115384615384613,-5.115384615384613,26,cross,500,1980,0.25252525252525254,3.96,0,5,0.6939549424929716,-0.9301144896615852,fe286c6bcaa3c5b6d15ceffe117652f0b02a7bc06baa42f53934f623f06a3666
1,3.0.0,deterministic_synthetic_snapshot,636a86dcd1e54f4eb99f3c9b3f5571b3d5eade536040955e3f830f0ddb67408b,synthetic-community-next,synthetic-community,a7ab8eb08182a09d8d33507e42a6d1b98ec830d5e2db0d13e0a177dd86938c47,260,,352,"[1,5,8,12]",[1],226,231.1153846153846,5.115384615384613,-5.115384615384613,26,cross,500,1980,0.25252525252525254,3.96,0,5,0.6732924340802432,-0.9282152704076493,368010712d03aaa5ad1047db330f172ab51e480e9209b228f7caaa4456c3878a
1,3.0.0,deterministic_synthetic_snapshot,636a86dcd1e54f4eb99f3c9b3f5571b3d5eade536040955e3f830f0ddb67408b,synthetic-community-next,synthetic-community,a7ab8eb08182a09d8d33507e42a6d1b98ec830d5e2db0d13e0a177dd86938c47,260,,353,"[1,5,9,11]",[1],226,231.1153846153846,5.115384615384613,-5.115384615384613,26,cross,500,1980,0.25252525252525254,3.96,0,5,0.6732924340802433,-0.9282152704076493,62f41e6c07907ec28e107a49e6f2268171a667bb2a9fc122806bb739bee8d4b8
1,3.0.0,deterministic_synthetic_snapshot,636a86dcd1e54f4eb99f3c9b3f5571b3d5eade536040955e3f830f0ddb67408b,synthetic-community-next,synthetic-community,a7ab8eb08182a09d8d33507e42a6d1b98ec830d5e2db0d13e0a177dd86938c47,260,,354,"[1,7,8,9]",[1],226,231.1153846153846,5.115384615384613,-5.115384615384613,26,cross,500,1980,0.25252525252525254,3.96,0,5,1.332913955793375,-0.9625329258259757,196fc3b4ce533f1646252f54471a8a2db8643d5de9c4d3b8c26c44a21ffe5ee9
1,3.0.0,deterministic_synthetic_snapshot,636a86dcd1e54f4eb99f3c9b3f5571b3d5eade536040955e3f830f0ddb67408b,synthetic-community-next,synthetic-community,a7ab8eb08182a09d8d33507e42a6d1b98ec830d5e2db0d13e0a177dd86938c47,260,,355,"[4,5,6,8]",[1],226,231.1153846153846,5.115384615384613,-5.115384615384613,26,cross,500,1980,0.25252525252525254,3.96,0,5,0.915879619533871,-0.9459425267442407,bd227423861f4c7a95e6557cbfc18fa3c8bd3b8c7171827d9fb1d52b1ce0ddad
1,3.0.0,deterministic_synthetic_snapshot,636a86dcd1e54f4eb99f3c9b3f5571b3d5eade536040955e3f830f0ddb67408b,synthetic-community-next,synthetic-community,a7ab8eb08182a09d8d33507e42a6d1b98ec830d5e2db0d13e0a177dd86938c47,260,,356,"[3,4,8,12]",[1],226,231.1153846153846,5.115384615384613,-5.115384615384613,26,cross,500,1980,0.25252525252525254,3.96,0,5,0.8621509618397515,-0.9427508300277752,43689ed91f1d5fd1afcb2e232be4cd748160a9b36fdd18efc8bf648803316384
1,3.0.0,deterministic_synthetic_snapshot,636a86dcd1e54f4eb99f3c9b3f5571b3d5eade536040955e3f830f0ddb67408b,synthetic-community-next,synthetic-community,a7ab8eb08182a09d8d33507e42a6d1b98ec830d5e2db0d13e0a177dd86938c47,260,,357,"[6,8,9,11]",[1],226,231.1153846153846,5.115384615384613,-5.115384615384613,26,cross,500,1980,0.25252525252525254,3.96,0,5,0.7755984465026207,-0.936816366903339,6dbdc4487de9cbe9fc7fc0b50fcd73c6edcf8688f3482614b50608a73e6f1ab3
1,3.0.0,deterministic_synthetic_snapshot,636a86dcd1e54f4eb99f3c9b3f5571b3d5eade536040955e3f830f0ddb67408b,synthetic-community-next,synthetic-community,a7ab8eb08182a09d8d33507e42a6d1b98ec830d5e2db0d13e0a177dd86938c47,260,,358,"[6,10,11,12]",[1],226,231.1153846153846,5.115384615384613,-5.115384615384613,26,cross,500,1980,0.25252525252525254,3.96,0,5,0.7191476788063725,-0.9323130433073927,52b55014d2d3f2aec8ab1a4fdce0d285f4d04dbad26588710ab6b59794640367
1,3.0.0,deterministic_synthetic_snapshot,636a86dcd1e54f4eb99f3c9b3f5571b3d5eade536040955e3f830f0ddb67408b,synthetic-community-next,synthetic-community,a7ab8eb08182a09d8d33507e42a6d1b98ec830d5e2db0d13e0a177dd86938c47,260,,359,"[1,3,8,11]",[2],226,231.1153846153846,5.115384615384613,-5.115384615384613,26,cross,500,1980,0.25252525252525254,3.96,0,5,0.7045227842568239,-0.9310519231148273,9db0cb91ac548b66912357f4f917a45e3789bd798fdda857eaee6e8def6c682b
1,3.0.0,deterministic_synthetic_snapshot,636a86dcd1e54f4eb99f3c9b3f5571b3d5eade536040955e3f830f0ddb67408b,synthetic-community-next,synthetic-community,a7ab8eb08182a09d8d33507e42a6d1b98ec830d5e2db0d13e0a177dd86938c47,260,,360,"[1,4,6,8]",[2],226,231.1153846153846,5.115384615384613,-5.115384615384613,26,cross,500,1980,0.25252525252525254,3.96,0,5,0.9729566103916533,-0.9489876341167178,1cc9c9667b143b51a7f68db6c3119aae4f68c8ce34f9743c606893fc185930c1
1,3.0.0,deterministic_synthetic_snapshot,636a86dcd1e54f4eb99f3c9b3f5571b3d5eade536040955e3f830f0ddb67408b,synthetic-community-next,synthetic-community,a7ab8eb08182a09d8d33507e42a6d1b98ec830d5e2db0d13e0a177dd86938c47,260,,361,"[1,4,7,8]",[2],226,231.1153846153846,5.115384615384613,-5.115384615384613,26,cross,500,1980,0.25252525252525254,3.96,0,5,1.437543391853668,-0.9652428885730021,c0f45991333841bbdb7647f230d195a0baf64719a30d235889caf1bfbfa51a42
1,3.0.0,deterministic_synthetic_snapshot,636a86dcd1e54f4eb99f3c9b3f5571b3d5eade536040955e3f830f0ddb67408b,synthetic-community-next,synthetic-community,a7ab8eb08182a09d8d33507e42a6d1b98ec830d5e2db0d13e0a177dd86938c47,260,,362,"[1,4,8,12]",[2],226,231.1153846153846,5.115384615384613,-5.115384615384613,26,cross,500,1980,0.25252525252525254,3.96,0,5,0.6835456183555769,-0.9291689022693999,c2c886dc5aa7c1a59c62d94d8cb620c0589ec5e4858cce7c15d79c0ea8cee3d9
1,3.0.0,deterministic_synthetic_snapshot,636a86dcd1e54f4eb99f3c9b3f5571b3d5eade536040955e3f830f0ddb67408b,synthetic-community-next,synthetic-community,a7ab8eb08182a09d8d33507e42a6d1b98ec830d5e2db0d13e0a177dd86938c47,260,,363,"[3,9,10,12]",[2],226,231.1153846153846,5.115384615384613,-5.115384615384613,26,cross,500,1980,0.25252525252525254,3.96,0,5,0.7755984465026208,-0.936816366903339,4b9e6fb86e0495242a39693084c6380008d85a25b30865361f89235d59d474f4
1,3.0.0,deterministic_synthetic_snapshot,636a86dcd1e54f4eb99f3c9b3f5571b3d5eade536040955e3f830f0ddb67408b,synthetic-community-next,synthetic-community,a7ab8eb08182a09d8d33507e42a6d1b98ec830d5e2db0d13e0a177dd86938c47,260,,364,"[4,5,8,10]",[2],226,231.1153846153846,5.115384615384613,-5.115384615384613,26,cross,500,1980,0.25252525252525254,3.96,0,5,0.8621509618397515,-0.9427508300277752,81532e9c7e7d89e0351d5024e6eb9fa1297c655e79e207a2e4b1a029d2acb0d3
1,3.0.0,deterministic_synthetic_snapshot,636a86dcd1e54f4eb99f3c9b3f5571b3d5eade536040955e3f830f0ddb67408b,synthetic-community-next,synthetic-community,a7ab8eb08182a09d8d33507e42a6d1b98ec830d5e2db0d13e0a177dd86938c47,260,,365,"[1,7,8,12]",[2],226,231.1153846153846,5.115384615384613,-5.115384615384613,26,cross,500,1980,0.25252525252525254,3.96,0,5,0.9798677277832558,-0.9493345760579841,c59437a68aa18ccbd9c12eb55873d625dd83c4b35179e6a793eedb6aaa59fc5a
1,3.0.0,deterministic_synthetic_snapshot,636a86dcd1e54f4eb99f3c9b3f5571b3d5eade536040955e3f830f0ddb67408b,synthetic-community-next,synthetic-community,a7ab8eb08182a09d8d33507e42a6d1b98ec830d5e2db0d13e0a177dd86938c47,260,,366,"[1,8,11,12]",[2],226,231.1153846153846,5.115384615384613,-5.115384615384613,26,cross,500,1980,0.25252525252525254,3.96,0,5,0.6149235379601645,-0.9223313433729579,23db571df2d1e41afa0faa3941492d4f78b472830e956189325413534ae02d57
1,3.0.0,deterministic_synthetic_snapshot,636a86dcd1e54f4eb99f3c9b3f5571b3d5eade536040955e3f830f0ddb67408b,synthetic-community-next,synthetic-community,a7ab8eb08182a09d8d33507e42a6d1b98ec830d5e2db0d13e0a177dd86938c47,260,,367,"[3,7,8,12]",[2],226,231.1153846153846,5.115384615384613,-5.115384615384613,26,cross,500,1980,0.25252525252525254,3.96,0,5,1.2358998160450623,-0.9596223792466766,d719cf2b0ce05a3c1e4e734d5fba09fef4a0b06f9bd7914114e906547680f2b9
1,3.0.0,deterministic_synthetic_snapshot,636a86dcd1e54f4eb99f3c9b3f5571b3d5eade536040955e3f830f0ddb67408b,synthetic-community-next,synthetic-community,a7ab8eb08182a09d8d33507e42a6d1b98ec830d5e2db0d13e0a177dd86938c47,260,,368,"[3,4,8,12]",[2],226,231.1153846153846,5.115384615384613,-5.115384615384613,26,cross,500,1980,0.25252525252525254,3.96,0,5,0.8621509618397515,-0.9427508300277752,f529d33614d8e9008b63e1e58452b853219cf034363d8463d1bb5bb67a98d6f6
1,3.0.0,deterministic_synthetic_snapshot,636a86dcd1e54f4eb99f3c9b3f5571b3d5eade536040955e3f830f0ddb67408b,synthetic-community-next,synthetic-community,a7ab8eb08182a09d8d33507e42a6d1b98ec830d5e2db0d13e0a177dd86938c47,260,,369,"[3,5,6,8]",[2],226,231.1153846153846,5.115384615384613,-5.115384615384613,26,cross,500,1980,0.25252525252525254,3.96,0,5,0.9298270249074831,-0.9467175549983096,5bfad9abfe53573509e3527a2e6c0da184205cbe4bceaac178b95d0e06892aa9
1,3.0.0,deterministic_synthetic_snapshot,636a86dcd1e54f4eb99f3c9b3f5571b3d5eade536040955e3f830f0ddb67408b,synthetic-community-next,synthetic-community,a7ab8eb08182a09d8d33507e42a6d1b98ec830d5e2db0d13e0a177dd86938c47,260,,370,"[4,7,9,12]",[3],226,231.1153846153846,5.115384615384613,-5.115384615384613,26,cross,500,1980,0.25252525252525254,3.96,0,5,1.1991008990223206,-0.9583998145483417,303c2b435c67d32c960c6aff44efd8c30c95fe7f185d8713ec2ded84ba6aece4
1,3.0.0,deterministic_synthetic_snapshot,636a86dcd1e54f4eb99f3c9b3f5571b3d5eade536040955e3f830f0ddb67408b,synthetic-community-next,synthetic-community,a7ab8eb08182a09d8d33507e42a6d1b98ec830d5e2db0d13e0a177dd86938c47,260,,371,"[1,5,6,12]",[3],226,231.1153846153846,5.115384615384613,-5.115384615384613,26,cross,500,1980,0.25252525252525254,3.96,0,5,0.6939549424929716,-0.9301144896615852,06f63b0d94cae1d5a030eadbf3bd6394b0423b3deb936a2d7ba4e9f14b5e0964
1,3.0.0,deterministic_synthetic_snapshot,636a86dcd1e54f4eb99f3c9b3f5571b3d5eade536040955e3f830f0ddb67408b,synthetic-community-next,synthetic-community,a7ab8eb08182a09d8d33507e42a6d1b98ec830d5e2db0d13e0a177dd86938c47,260,,372,"[4,5,6,8]",[3],226,231.1153846153846,5.115384615384613,-5.115384615384613,26,cross,500,1980,0.25252525252525254,3.96,0,5,0.915879619533871,-0.9459425267442407,17d51667f31d87449b6fdf89447076369b79aadab9f5137b4c6e4ec4a84be43b
1,3.0.0,deterministic_synthetic_snapshot,636a86dcd1e54f4eb99f3c9b3f5571b3d5eade536040955e3f830f0ddb67408b,synthetic-community-next,synthetic-community,a7ab8eb08182a09d8d33507e42a6d1b98ec830d5e2db0d13e0a177dd86938c47,260,,373,"[2,4,5,8]",[3],226,231.1153846153846,5.115384615384613,-5.115384615384613,26,cross,500,1980,0.25252525252525254,3.96,0,5,0.9729566103916533,-0.9489876341167178,810d183f78de5ea60459a742fa71eaa5078af222031873d3b561c044e32dbd3c
1,3.0.0,deterministic_synthetic_snapshot,636a86dcd1e54f4eb99f3c9b3f5571b3d5eade536040955e3f830f0ddb67408b,synthetic-community-next,synthetic-community,a7ab8eb08182a09d8d33507e42a6d1b98ec830d5e2db0d13e0a177dd86938c47,260,,374,"[2,4,8,9]",[3],226,231.1153846153846,5.115384615384613,-5.115384615384613,26,cross,500,1980,0.25252525252525254,3.96,0,5,0.915879619533871,-0.9459425267442407,2f8db246c2645c57e6f36328136e8b2e26a2b1ec3bd5f60049546c6596a545b3
1,3.0.0,deterministic_synthetic_snapshot,636a86dcd1e54f4eb99f3c9b3f5571b3d5eade536040955e3f830f0ddb67408b,synthetic-community-next,synthetic-community,a7ab8eb08182a09d8d33507e42a6d1b98ec830d5e2db0d13e0a177dd86938c47,260,,375,"[3,4,7,11]",[3],226,231.1153846153846,5.115384615384613,-5.115384615384613,26,cross,500,1980,0.25252525252525254,3.96,0,5,1.332913955793375,-0.9625329258259757,9ebbe37ef9eea57630850f2d2ef3cc980a15889c59b516c6be0791d3d05c393f
1,3.0.0,deterministic_synthetic_snapshot,636a86dcd1e54f4eb99f3c9b3f5571b3d5eade536040955e3f830f0ddb67408b,synthetic-community-next,synthetic-community,a7ab8eb08182a09d8d33507e42a6d1b98ec830d5e2db0d13e0a177dd86938c47,260,,376,"[3,6,7,12]",[3],226,231.1153846153846,5.115384615384613,-5.115384615384613,26,cross,500,1980,0.25252525252525254,3.96,0,5,1.2738280461182327,-0.9608113062937074,4768a0091b6ada22d9f181b109d22c933a13c415a80bf306f91724ad18d9ea94
1,3.0.0,deterministic_synthetic_snapshot,636a86dcd1e54f4eb99f3c9b3f5571b3d5eade536040955e3f830f0ddb67408b,synthetic-community-next,synthetic-community,a7ab8eb08182a09d8d33507e42a6d1b98ec830d5e2db0d13e0a177dd86938c47,260,,377,"[3,6,9,12]",[3],226,231.1153846153846,5.115384615384613,-5.115384615384613,26,cross,500,1980,0.25252525252525254,3.96,0,5,1.4830797792540753,-0.9663052001767678,3d9c8d7b14887f9b61f753d9eabff04daf0fbeb9231c5ca075bfaf24a6a1370f
1,3.0.0,deterministic_synthetic_snapshot,636a86dcd1e54f4eb99f3c9b3f5571b3d5eade536040955e3f830f0ddb67408b,synthetic-community-next,synthetic-community,a7ab8eb08182a09d8d33507e42a6d1b98ec830d5e2db0d13e0a177dd86938c47,260,,378,"[1,2,8,9]",[3],226,231.1153846153846,5.115384615384613,-5.115384615384613,26,cross,500,1980,0.25252525252525254,3.96,0,5,0.9583622612357787,-0.9482401032687121,a7e72636e05f33fc33627d4d216d2bd000d7ff249b160c6d8c8e60ed4d654958
1,3.0.0,deterministic_synthetic_snapshot,636a86dcd1e54f4eb99f3c9b3f5571b3d5eade536040955e3f830f0ddb67408b,synthetic-community-next,synthetic-community,a7ab8eb08182a09d8d33507e42a6d1b98ec830d5e2db0d13e0a177dd86938c47,260,,379,"[1,2,3,4]",[4],226,231.1153846153846,5.115384615384613,-5.115384615384613,26,cross,500,1980,0.25252525252525254,3.96,0,5,1.7835585930258933,-0.9719695904094502,9704795c3628a70c0fa2ff221747ec9c83ed2b64c2314159ab8eabce8e55e7c5
1,3.0.0,deterministic_synthetic_snapshot,636a86dcd1e54f4eb99f3c9b3f5571b3d5eade536040955e3f830f0ddb67408b,synthetic-community-next,synthetic-community,a7ab8eb08182a09d8d33507e42a6d1b98ec830d5e2db0d13e0a177dd86938c47,260,,380,"[1,2,3,12]",[4],226,231.1153846153846,5.115384615384613,-5.115384615384613,26,cross,500,1980,0.25252525252525254,3.96,0,5,0.7598255450149579,-0.9356133349846715,2eed9d3b77cc48ba5c0a95abc52b25f7b184645e2970cd4a5fb2cc80e2f2bebd
1,3.0.0,deterministic_synthetic_snapshot,636a86dcd1e54f4eb99f3c9b3f5571b3d5eade536040955e3f830f0ddb67408b,synthetic-community-next,synthetic-community,a7ab8eb08182a09d8d33507e42a6d1b98ec830d5e2db0d13e0a177dd86938c47,260,,381,"[1,3,4,12]",[4],226,231.1153846153846,5.115384615384613,-5.115384615384613,26,cross,500,1980,0.25252525252525254,3.96,0,5,0.7372017394121373,-0.9338142873418813,432924a19c83a03b0b5211e942e5afc2e40e71ab7e01e0133dfe2b6b830ed2a1
1,3.0.0,deterministic_synthetic_snapshot,636a86dcd1e54f4eb99f3c9b3f5571b3d5eade536040955e3f830f0ddb67408b,synthetic-community-next,synthetic-community,a7ab8eb08182a09d8d33507e42a6d1b98ec830d5e2db0d13e0a177dd86938c47,260,,382,"[1,3,9,12]",[4],226,231.1153846153846,5.115384615384613,-5.115384615384613,26,cross,500,1980,0.25252525252525254,3.96,0,5,0.6835456183555769,-0.9291689022693999,2ccaa5d44d88951f0a7fea351a9c8ed742ea32a7fd2a31567c22c4d37d17a113
1,3.0.0,deterministic_synthetic_snapshot,636a86dcd1e54f4eb99f3c9b3f5571b3d5eade536040955e3f830f0ddb67408b,synthetic-community-next,synthetic-community,a7ab8eb08182a09d8d33507e42a6d1b98ec830d5e2db0d13e0a177dd86938c47,260,,383,"[6,7,8,10]",[4],226,231.1153846153846,5.115384615384613,-5.115384615384613,26,cross,500,1980,0.25252525252525254,3.96,0,5,1.2173613188043864,-0.9590153370922418,1b79257f243212629927f1b580553fc478f9fee385dfd99dfc1e9d0b5bdcf92d
1,3.0.0,deterministic_synthetic_snapshot,636a86dcd1e54f4eb99f3c9b3f5571b3d5eade536040955e3f830f0ddb67408b,synthetic-community-next,synthetic-community,a7ab8eb08182a09d8d33507e42a6d1b98ec830d5e2db0d13e0a177dd86938c47,260,,384,"[4,6,10,11]",[4],226,231.1153846153846,5.115384615384613,-5.115384615384613,26,cross,500,1980,0.25252525252525254,3.96,0,5,0.8115742125362577,-0.9394135249659534,04379c7c0211f94d2de9a7d85ea471a9ea488d31de68caefe0fd65a43978059e
1,3.0.0,deterministic_synthetic_snapshot,636a86dcd1e54f4eb99f3c9b3f5571b3d5eade536040955e3f830f0ddb67408b,synthetic-community-next,synthetic-community,a7ab8eb08182a09d8d33507e42a6d1b98ec830d5e2db0d13e0a177dd86938c47,260,,385,"[5,6,7,8]",[4],226,231.1153846153846,5.115384615384613,-5.115384615384613,26,cross,500,1980,0.25252525252525254,3.96,0,5,2.1006723943303585,-0.976198684735474,01483dfd0746ae91a806e733e1f644fbcea41407249a3f574e9d39a0bf0c23be
1,3.0.0,deterministic_synthetic_snapshot,636a86dcd1e54f4eb99f3c9b3f5571b3d5eade536040955e3f830f0ddb67408b,synthetic-community-next,synthetic-community,a7ab8eb08182a09d8d33507e42a6d1b98ec830d5e2db0d13e0a177dd86938c47,260,,386,"[2,3,4,5]",[4],226,231.1153846153846,5.115384615384613,-5.115384615384613,26,cross,500,1980,0.25252525252525254,3.96,0,5,1.6789288937965725,-0.9702252933856377,5a8d4043eb226dae99a8c003a59ebbd7025b6352b19dac52e092494edb127ca3
1,3.0.0,deterministic_synthetic_snapshot,636a86dcd1e54f4eb99f3c9b3f5571b3d5eade536040955e3f830f0ddb67408b,synthetic-community-next,synthetic-community,a7ab8eb08182a09d8d33507e42a6d1b98ec830d5e2db0d13e0a177dd86938c47,260,,387,"[2,3,6,7]",[4],226,231.1153846153846,5.115384615384613,-5.115384615384613,26,cross,500,1980,0.25252525252525254,3.96,0,5,1.4816598127791674,-0.9662730440032272,fabe34ad71b3d64417cfdc6ade7e7243a7a46154e08628d7553565eca1fb550d
1,3.0.0,deterministic_synthetic_snapshot,636a86dcd1e54f4eb99f3c9b3f5571b3d5eade536040955e3f830f0ddb67408b,synthetic-community-next,synthetic-community,a7ab8eb08182a09d8d33507e42a6d1b98ec830d5e2db0d13e0a177dd86938c47,260,,388,"[2,3,7,12]",[4],226,231.1153846153846,5.115384615384613,-5.115384615384613,26,cross,500,1980,0.25252525252525254,3.96,0,5,1.040932413739457,-0.9522163833983659,62cac8e33924d558736c99a8f2d923fdbd60df43e4143275a57b557d5bf1d76c
1,3.0.0,deterministic_synthetic_snapshot,636a86dcd1e54f4eb99f3c9b3f5571b3d5eade536040955e3f830f0ddb67408b,synthetic-community-next,synthetic-community,a7ab8eb08182a09d8d33507e42a6d1b98ec830d5e2db0d13e0a177dd86938c47,260,,389,"[2,4,8,12]",[4],226,231.1153846153846,5.115384615384613,-5.115384615384613,26,cross,500,1980,0.25252525252525254,3.96,0,5,0.6732924340802432,-0.9282152704076493,0bc50d60ea10c6bdc293ef08ae1637a6109a562596a7c04df4023ff38d5eefe8
1,3.0.0,deterministic_synthetic_snapshot,636a86dcd1e54f4eb99f3c9b3f5571b3d5eade536040955e3f830f0ddb67408b,synthetic-community-next,synthetic-community,a7ab8eb08182a09d8d33507e42a6d1b98ec830d5e2db0d13e0a177dd86938c47,260,,390,"[2,5,6,12]",[4],226,231.1153846153846,5.115384615384613,-5.115384615384613,26,cross,500,1980,0.25252525252525254,3.96,0,5,0.6835456183555769,-0.9291689022693999,fe375b9ae4ba16dedb2cb1894cf32b644b9b7fedab46cc147b4716d627928b46
1,3.0.0,deterministic_synthetic_snapshot,636a86dcd1e54f4eb99f3c9b3f5571b3d5eade536040955e3f830f0ddb67408b,synthetic-community-next,synthetic-community,a7ab8eb08182a09d8d33507e42a6d1b98ec830d5e2db0d13e0a177dd86938c47,260,,391,"[2,8,10,11]",[4],226,231.1153846153846,5.115384615384613,-5.115384615384613,26,cross,500,1980,0.25252525252525254,3.96,0,5,0.8115742125362577,-0.9394135249659534,97892d7c258ba202e10b6381befa4c01c1b0be18c852a17d1b6de04f784a4b0a
1,3.0.0,deterministic_synthetic_snapshot,636a86dcd1e54f4eb99f3c9b3f5571b3d5eade536040955e3f830f0ddb67408b,synthetic-community-next,synthetic-community,a7ab8eb08182a09d8d33507e42a6d1b98ec830d5e2db0d13e0a177dd86938c47,260,,392,"[3,7,8,11]",[4],226,231.1153846153846,5.115384615384613,-5.115384615384613,26,cross,500,1980,0.25252525252525254,3.96,0,5,1.2547206254264591,-0.9602210114090314,6fd28e7ebe33f9ec331bb587085d616a4403a6405ebb4263df01d99e729bc8f2
1,3.0.0,deterministic_synthetic_snapshot,636a86dcd1e54f4eb99f3c9b3f5571b3d5eade536040955e3f830f0ddb67408b,synthetic-community-next,synthetic-community,a7ab8eb08182a09d8d33507e42a6d1b98ec830d5e2db0d13e0a177dd86938c47,260,,393,"[1,2,8,9]",[4],226,231.1153846153846,5.115384615384613,-5.115384615384613,26,cross,500,1980,0.25252525252525254,3.96,0,5,0.9583622612357787,-0.9482401032687121,0644cc274ad188991fc03b056c3a65c885d69b2887cdf59a5048c407620a20bd
1,3.0.0,deterministic_synthetic_snapshot,636a86dcd1e54f4eb99f3c9b3f5571b3d5eade536040955e3f830f0ddb67408b,synthetic-community-next,synthetic-community,a7ab8eb08182a09d8d33507e42a6d1b98ec830d5e2db0d13e0a177dd86938c47,260,,394,"[1,2,9,10]",[4],226,231.1153846153846,5.115384615384613,-5.115384615384613,26,cross,500,1980,0.25252525252525254,3.96,0,5,0.9298270249074835,-0.9467175549983096,1de3b8b92e0d3cd0927f2be77de55c974d87f7c9900259522877836df9fb0d9b
1,3.0.0,deterministic_synthetic_snapshot,636a86dcd1e54f4eb99f3c9b3f5571b3d5eade536040955e3f830f0ddb67408b,synthetic-community-next,synthetic-community,a7ab8eb08182a09d8d33507e42a6d1b98ec830d5e2db0d13e0a177dd86938c47,260,,395,"[7,8,9,11]",[4],226,231.1153846153846,5.115384615384613,-5.115384615384613,26,cross,500,1980,0.25252525252525254,3.96,0,5,1.1459467047076222,-0.9565016987594464,9051a041c19ee93ece314871a84d6cf7434a4d6fd347d0d67aa5946335f264d0
1,3.0.0,deterministic_synthetic_snapshot,636a86dcd1e54f4eb99f3c9b3f5571b3d5eade536040955e3f830f0ddb67408b,synthetic-community-next,synthetic-community,a7ab8eb08182a09d8d33507e42a6d1b98ec830d5e2db0d13e0a177dd86938c47,260,,396,"[4,6,8,12]",[1],237,231.1153846153846,5.884615384615387,-5.884615384615387,26,cross,500,1980,0.25252525252525254,3.96,0,5,0.8239332106967081,-0.9402613964249888,e95ce61b9bcb84f417d30b5d8bfde49249354bbf195ed95296ef33cf74148c12
1,3.0.0,deterministic_synthetic_snapshot,636a86dcd1e54f4eb99f3c9b3f5571b3d5eade536040955e3f830f0ddb67408b,synthetic-community-next,synthetic-community,a7ab8eb08182a09d8d33507e42a6d1b98ec830d5e2db0d13e0a177dd86938c47,260,,397,"[2,3,5,9]",[1],237,231.1153846153846,5.884615384615387,-5.884615384615387,26,cross,500,1980,0.25252525252525254,3.96,0,5,0.9729566103916536,-0.9489876341167178,1356fac64f5041a9904c0e255c6b0ff6b77c391ac8647af3b2fcb9aeb52c0b25
1,3.0.0,deterministic_synthetic_snapshot,636a86dcd1e54f4eb99f3c9b3f5571b3d5eade536040955e3f830f0ddb67408b,synthetic-community-next,synthetic-community,a7ab8eb08182a09d8d33507e42a6d1b98ec830d5e2db0d13e0a177dd86938c47,260,,398,"[2,3,6,7]",[1],237,231.1153846153846,5.884615384615387,-5.884615384615387,26,cross,500,1980,0.25252525252525254,3.96,0,5,1.4816598127791674,-0.9662730440032272,57f51920ace05ee732eaf59656a205fed9632820508875ac769af834247bacdf
1,3.0.0,deterministic_synthetic_snapshot,636a86dcd1e54f4eb99f3c9b3f5571b3d5eade536040955e3f830f0ddb67408b,synthetic-community-next,synthetic-community,a7ab8eb08182a09d8d33507e42a6d1b98ec830d5e2db0d13e0a177dd86938c47,260,,399,"[3,7,8,11]",[1],237,231.1153846153846,5.884615384615387,-5.884615384615387,26,cross,500,1980,0.25252525252525254,3.96,0,5,1.2547206254264591,-0.9602210114090314,e7b681b7df3f408661a9f7f1a4ba1102ddb64fa07fbaebfa09e645eb8976ab46
1,3.0.0,deterministic_synthetic_snapshot,636a86dcd1e54f4eb99f3c9b3f5571b3d5eade536040955e3f830f0ddb67408b,synthetic-community-next,synthetic-community,a7ab8eb08182a09d8d33507e42a6d1b98ec830d5e2db0d13e0a177dd86938c47,260,,400,"[3,5,6,12]",[1],237,231.1153846153846,5.884615384615387,-5.884615384615387,26,cross,500,1980,0.25252525252525254,3.96,0,5,0.8752801643043162,-0.9435624666677364,062e114fb46ea3582b460f2147f29bcee05e9c9672ce418b015714b34b5e5c7c
1,3.0.0,deterministic_synthetic_snapshot,636a86dcd1e54f4eb99f3c9b3f5571b3d5eade536040955e3f830f0ddb67408b,synthetic-community-next,synthetic-community,a7ab8eb08182a09d8d33507e42a6d1b98ec830d5e2db0d13e0a177dd86938c47,260,,401,"[2,7,9,10]",[1],237,231.1153846153846,5.884615384615387,-5.884615384615387,26,cross,500,1980,0.25252525252525254,3.96,0,5,1.2738280461182327,-0.9608113062937074,8a2dc51fe92f9dffe3ba5816bda67dafe0ed6e3cae945d9bdedb91629438ad35
1,3.0.0,deterministic_synthetic_snapshot,636a86dcd1e54f4eb99f3c9b3f5571b3d5eade536040955e3f830f0ddb67408b,synthetic-community-next,synthetic-community,a7ab8eb08182a09d8d33507e42a6d1b98ec830d5e2db0d13e0a177dd86938c47,260,,402,"[1,2,4,6]",[2],237,231.1153846153846,5.884615384615387,-5.884615384615387,26,cross,500,1980,0.25252525252525254,3.96,0,5,1.0653102117998554,-0.9532815042645874,9054468dc240beb6399d4330889a7b5984d90f401243923fb1eaaa4d6ff667a4
1,3.0.0,deterministic_synthetic_snapshot,636a86dcd1e54f4eb99f3c9b3f5571b3d5eade536040955e3f830f0ddb67408b,synthetic-community-next,synthetic-community,a7ab8eb08182a09d8d33507e42a6d1b98ec830d5e2db0d13e0a177dd86938c47,260,,403,"[8,9,11,12]",[2],237,231.1153846153846,5.884615384615387,-5.884615384615387,26,cross,500,1980,0.25252525252525254,3.96,0,5,0.7083604636242766,-0.931386860386518,636d16cda0aebf4edc91ebbbd8294c6aa729794d995f2c101a0b823e8fdbb2a2
1,3.0.0,deterministic_synthetic_snapshot,636a86dcd1e54f4eb99f3c9b3f5571b3d5eade536040955e3f830f0ddb67408b,synthetic-community-next,synthetic-community,a7ab8eb08182a09d8d33507e42a6d1b98ec830d5e2db0d13e0a177dd86938c47,260,,404,"[5,7,8,10]",[2],237,231.1153846153846,5.884615384615387,-5.884615384615387,26,cross,500,1980,0.25252525252525254,3.96,0,5,1.2358998160450625,-0.9596223792466766,5633778523d381bedb1469230321a0bd4c9748e6c89fbf931a1bdfae8de8138c
1,3.0.0,deterministic_synthetic_snapshot,636a86dcd1e54f4eb99f3c9b3f5571b3d5eade536040955e3f830f0ddb67408b,synthetic-community-next,synthetic-community,a7ab8eb08182a09d8d33507e42a6d1b98ec830d5e2db0d13e0a177dd86938c47,260,,405,"[4,7,8,12]",[2],237,231.1153846153846,5.884615384615387,-5.884615384615387,26,cross,500,1980,0.25252525252525254,3.96,0,5,1.2173613188043864,-0.9590153370922418,b9aab9fd81c227e098ea8781cdb34fcb01b7f154dc40b1a7a2e0afcb8a9f98c6
1,3.0.0,deterministic_synthetic_snapshot,636a86dcd1e54f4eb99f3c9b3f5571b3d5eade536040955e3f830f0ddb67408b,synthetic-community-next,synthetic-community,a7ab8eb08182a09d8d33507e42a6d1b98ec830d5e2db0d13e0a177dd86938c47,260,,406,"[1,6,8,11]",[2],237,231.1153846153846,5.884615384615387,-5.884615384615387,26,cross,500,1980,0.25252525252525254,3.96,0,5,0.6732924340802433,-0.9282152704076493,65a4d00b41ce58be655ea27c8de36d2231084848065a93018ff211a845dc79ac
1,3.0.0,deterministic_synthetic_snapshot,636a86dcd1e54f4eb99f3c9b3f5571b3d5eade536040955e3f830f0ddb67408b,synthetic-community-next,synthetic-community,a7ab8eb08182a09d8d33507e42a6d1b98ec830d5e2db0d13e0a177dd86938c47,260,,407,"[1,7,10,11]",[2],237,231.1153846153846,5.884615384615387,-5.884615384615387,26,cross,500,1980,0.25252525252525254,3.96,0,5,0.9651697118665071,-0.9485913307807307,7e26c86da270b0a528c1fa16ae0c316bfcc863adb1a1ac86dc929028d43e4981
1,3.0.0,deterministic_synthetic_snapshot,636a86dcd1e54f4eb99f3c9b3f5571b3d5eade536040955e3f830f0ddb67408b,synthetic-community-next,synthetic-community,a7ab8eb08182a09d8d33507e42a6d1b98ec830d5e2db0d13e0a177dd86938c47,260,,408,"[1,8,9,12]",[2],237,231.1153846153846,5.884615384615387,-5.884615384615387,26,cross,500,1980,0.25252525252525254,3.96,0,5,0.6337947774590064,-0.9243226743732955,9792eb014d954727f0493b05ea65f404861ce035caa108032031529de3d75a1e
1,3.0.0,deterministic_synthetic_snapshot,636a86dcd1e54f4eb99f3c9b3f5571b3d5eade536040955e3f830f0ddb67408b,synthetic-community-next,synthetic-community,a7ab8eb08182a09d8d33507e42a6d1b98ec830d5e2db0d13e0a177dd86938c47,260,,409,"[2,3,4,6]",[2],237,231.1153846153846,5.884615384615387,-5.884615384615387,26,cross,500,1980,0.25252525252525254,3.96,0,5,1.0335906002435147,-0.9518864864744587,9f7d8fd918e0116260c98ab9cf1bc5c1d9a99d3749f472b34bd831141e10ff71
1,3.0.0,deterministic_synthetic_snapshot,636a86dcd1e54f4eb99f3c9b3f5571b3d5eade536040955e3f830f0ddb67408b,synthetic-community-next,synthetic-community,a7ab8eb08182a09d8d33507e42a6d1b98ec830d5e2db0d13e0a177dd86938c47,260,,410,"[2,3,5,6]",[2],237,231.1153846153846,5.884615384615387,-5.884615384615387,26,cross,500,1980,0.25252525252525254,3.96,0,5,1.0180867412398622,-0.9511754200426108,4a86ff14698a99a1ec664df6479cb2a4e156c0a94cf439ec6b74b46933dd8671
1,3.0.0,deterministic_synthetic_snapshot,636a86dcd1e54f4eb99f3c9b3f5571b3d5eade536040955e3f830f0ddb67408b,synthetic-community-next,synthetic-community,a7ab8eb08182a09d8d33507e42a6d1b98ec830d5e2db0d13e0a177dd86938c47,260,,411,"[3,5,9,11]",[2],237,231.1153846153846,5.884615384615387,-5.884615384615387,26,cross,500,1980,0.25252525252525254,3.96,0,5,0.8492186974121554,-0.9419300860247809,50e58a773273451465daad5d239782ae5531c9dbdc21b9fc3c85949dde6e4fa9
1,3.0.0,deterministic_synthetic_snapshot,636a86dcd1e54f4eb99f3c9b3f5571b3d5eade536040955e3f830f0ddb67408b,synthetic-community-next,synthetic-community,a7ab8eb08182a09d8d33507e42a6d1b98ec830d5e2db0d13e0a177dd86938c47,260,,412,"[1,2,5,11]",[2],237,231.1153846153846,5.884615384615387,-5.884615384615387,26,cross,500,1980,0.25252525252525254,3.96,0,5,0.7484281618397335,-0.9347181203341342,f38537406141c0ea1f3d12c0d841563f3b809f25a692f5b2144339e67973ff84
1,3.0.0,deterministic_synthetic_snapshot,636a86dcd1e54f4eb99f3c9b3f5571b3d5eade536040955e3f830f0ddb67408b,synthetic-community-next,synthetic-community,a7ab8eb08182a09d8d33507e42a6d1b98ec830d5e2db0d13e0a177dd86938c47,260,,413,"[5,6,9,12]",[3],237,231.1153846153846,5.884615384615387,-5.884615384615387,26,cross,500,1980,0.25252525252525254,3.96,0,5,0.7994005993482138,-0.9385566945115713,ae33515cf19620e05c3809bfb0e6e62b9f83857d4a4141e0ebd554a28c225a67
1,3.0.0,deterministic_synthetic_snapshot,636a86dcd1e54f4eb99f3c9b3f5571b3d5eade536040955e3f830f0ddb67408b,synthetic-community-next,synthetic-community,a7ab8eb08182a09d8d33507e42a6d1b98ec830d5e2db0d13e0a177dd86938c47,260,,414,"[1,6,9,12]",[3],237,231.1153846153846,5.884615384615387,-5.884615384615387,26,cross,500,1980,0.25252525252525254,3.96,0,5,0.653245151855504,-0.9262843379945632,1c4e7a11034360537c8b320cc0e95d1f0201e6e1e16a40f5aa69aac02b11f060
1,3.0.0,deterministic_synthetic_snapshot,636a86dcd1e54f4eb99f3c9b3f5571b3d5eade536040955e3f830f0ddb67408b,synthetic-community-next,synthetic-community,a7ab8eb08182a09d8d33507e42a6d1b98ec830d5e2db0d13e0a177dd86938c47,260,,415,"[2,7,8,12]",[3],237,231.1153846153846,5.884615384615387,-5.884615384615387,26,cross,500,1980,0.25252525252525254,3.96,0,5,0.9651697118665069,-0.9485913307807305,5f12e3567882f8242cc7e2957b18252196a7059c46b652342ba37333d41e20c3
1,3.0.0,deterministic_synthetic_snapshot,636a86dcd1e54f4eb99f3c9b3f5571b3d5eade536040955e3f830f0ddb67408b,synthetic-community-next,synthetic-community,a7ab8eb08182a09d8d33507e42a6d1b98ec830d5e2db0d13e0a177dd86938c47,260,,416,"[2,7,9,10]",[3],237,231.1153846153846,5.884615384615387,-5.884615384615387,26,cross,500,1980,0.25252525252525254,3.96,0,5,1.2738280461182327,-0.9608113062937074,bc910f7b3a9e86f199011477f5be9aaf782cebcbf920c23ce298d6e47a78b4ce
1,3.0.0,deterministic_synthetic_snapshot,636a86dcd1e54f4eb99f3c9b3f5571b3d5eade536040955e3f830f0ddb67408b,synthetic-community-next,synthetic-community,a7ab8eb08182a09d8d33507e42a6d1b98ec830d5e2db0d13e0a177dd86938c47,260,,417,"[6,7,9,10]",[3],237,231.1153846153846,5.884615384615387,-5.884615384615387,26,cross,500,1980,0.25252525252525254,3.96,0,5,1.1991008990223206,-0.9583998145483417,cf2cb02ec647737a767858cd67c3de4fa670290470b4aa4bcbd4f8d96f78f87b
1,3.0.0,deterministic_synthetic_snapshot,636a86dcd1e54f4eb99f3c9b3f5571b3d5eade536040955e3f830f0ddb67408b,synthetic-community-next,synthetic-community,a7ab8eb08182a09d8d33507e42a6d1b98ec830d5e2db0d13e0a177dd86938c47,260,,418,"[1,2,4,9]",[4],237,231.1153846153846,5.884615384615387,-5.884615384615387,26,cross,500,1980,0.25252525252525254,3.96,0,5,1.018086741239862,-0.9511754200426108,5703b8a6a606df4cb2f600223489802a51553a5386636ed7be77fe16397ef059
1,3.0.0,deterministic_synthetic_snapshot,636a86dcd1e54f4eb99f3c9b3f5571b3d5eade536040955e3f830f0ddb67408b,synthetic-community-next,synthetic-community,a7ab8eb08182a09d8d33507e42a6d1b98ec830d5e2db0d13e0a177dd86938c47,260,,419,"[4,7,10,11]",[4],237,231.1153846153846,5.884615384615387,-5.884615384615387,26,cross,500,1980,0.25252525252525254,3.96,0,5,1.1991008990223206,-0.9583998145483417,d83eb4817f7b07022fdd2cfdcedcdc8270521bb76680149b3bc95d417c5a4fde
1,3.0.0,deterministic_synthetic_snapshot,636a86dcd1e54f4eb99f3c9b3f5571b3d5eade536040955e3f830f0ddb67408b,synthetic-community-next,synthetic-community,a7ab8eb08182a09d8d33507e42a6d1b98ec830d5e2db0d13e0a177dd86938c47,260,,420,"[2,7,9,12]",[4],237,231.1153846153846,5.884615384615387,-5.884615384615387,26,cross,500,1980,0.25252525252525254,3.96,0,5,0.9506921661885096,-0.9478389313084241,2e7b155aac0a67e2c06ae832aa6ca8e5c8466a0d62171a5be6b82e9389d584be
1,3.0.0,deterministic_synthetic_snapshot,636a86dcd1e54f4eb99f3c9b3f5571b3d5eade536040955e3f830f0ddb67408b,synthetic-community-next,synthetic-community,a7ab8eb08182a09d8d33507e42a6d1b98ec830d5e2db0d13e0a177dd86938c47,260,,421,"[4,5,7,9]",[4],237,231.1153846153846,5.884615384615387,-5.884615384615387,26,cross,500,1980,0.25252525252525254,3.96,0,5,1.332913955793375,-0.9625329258259757,952459913395834c92342931aeb656ba576b03f04d3baa3e65f88528cf6075ae
1,3.0.0,deterministic_synthetic_snapshot,636a86dcd1e54f4eb99f3c9b3f5571b3d5eade536040955e3f830f0ddb67408b,synthetic-community-next,synthetic-community,a7ab8eb08182a09d8d33507e42a6d1b98ec830d5e2db0d13e0a177dd86938c47,260,,422,"[4,5,11,12]",[4],237,231.1153846153846,5.884615384615387,-5.884615384615387,26,cross,500,1980,0.25252525252525254,3.96,0,5,0.7994005993482138,-0.9385566945115713,946504c4354eca4086d8b3ed6618088d4e5a2eb4656f2d7994466748165f0a41
1,3.0.0,deterministic_synthetic_snapshot,636a86dcd1e54f4eb99f3c9b3f5571b3d5eade536040955e3f830f0ddb67408b,synthetic-community-next,synthetic-community,a7ab8eb08182a09d8d33507e42a6d1b98ec830d5e2db0d13e0a177dd86938c47,260,,423,"[4,6,7,9]",[4],237,231.1153846153846,5.884615384615387,-5.884615384615387,26,cross,500,1980,0.25252525252525254,3.96,0,5,1.3129202464564742,-0.9619671857123827,ad920a0eb4fc5630f5d8918312c1971b38aa71ac47a0ce7a7afd24804f1e53fd
1,3.0.0,deterministic_synthetic_snapshot,636a86dcd1e54f4eb99f3c9b3f5571b3d5eade536040955e3f830f0ddb67408b,synthetic-community-next,synthetic-community,a7ab8eb08182a09d8d33507e42a6d1b98ec830d5e2db0d13e0a177dd86938c47,260,,424,"[1,3,8,11]",[1],225,231.1153846153846,6.115384615384613,-6.115384615384613,26,cross,500,1980,0.25252525252525254,3.96,0,5,0.7045227842568239,-0.9310519231148273,131da17f060c20285609549d4da5227a7a08d033b030548a37b8eb543c4e416f
1,3.0.0,deterministic_synthetic_snapshot,636a86dcd1e54f4eb99f3c9b3f5571b3d5eade536040955e3f830f0ddb67408b,synthetic-community-next,synthetic-community,a7ab8eb08182a09d8d33507e42a6d1b98ec830d5e2db0d13e0a177dd86938c47,260,,425,"[4,7,10,12]",[1],225,231.1153846153846,6.115384615384613,-6.115384615384613,26,cross,500,1980,0.25252525252525254,3.96,0,5,1.181114385536986,-0.9577757436961774,9ed3fef67f36763bd39809673fe5a10a746cbc1646b23861b1a0916771c0aeca
1,3.0.0,deterministic_synthetic_snapshot,636a86dcd1e54f4eb99f3c9b3f5571b3d5eade536040955e3f830f0ddb67408b,synthetic-community-next,synthetic-community,a7ab8eb08182a09d8d33507e42a6d1b98ec830d5e2db0d13e0a177dd86938c47,260,,426,"[1,6,7,10]",[1],225,231.1153846153846,6.115384615384613,-6.115384615384613,26,cross,500,1980,0.25252525252525254,3.96,0,5,1.3532121378612945,-0.9630906395102735,be7296b2dfa2dc7321ef51c5fe19df8cfdd56f56d33282e0fcc9ee02b7d23fa4
1,3.0.0,deterministic_synthetic_snapshot,636a86dcd1e54f4eb99f3c9b3f5571b3d5eade536040955e3f830f0ddb67408b,synthetic-community-next,synthetic-community,a7ab8eb08182a09d8d33507e42a6d1b98ec830d5e2db0d13e0a177dd86938c47,260,,427,"[4,5,8,9]",[1],225,231.1153846153846,6.115384615384613,-6.115384615384613,26,cross,500,1980,0.25252525252525254,3.96,0,5,0.8752801643043162,-0.9435624666677364,0e00947b3ae45c526880629d214d52e294b7e678573e4402bf9a819b860588e7
1,3.0.0,deterministic_synthetic_snapshot,636a86dcd1e54f4eb99f3c9b3f5571b3d5eade536040955e3f830f0ddb67408b,synthetic-community-next,synthetic-community,a7ab8eb08182a09d8d33507e42a6d1b98ec830d5e2db0d13e0a177dd86938c47,260,,428,"[3,6,8,11]",[1],225,231.1153846153846,6.115384615384613,-6.115384615384613,26,cross,500,1980,0.25252525252525254,3.96,0,5,0.8492186974121554,-0.9419300860247809,e17c60f51726315dffa8969be35111a0299b1c1b3061ac32362e64358b47ecb8
1,3.0.0,deterministic_synthetic_snapshot,636a86dcd1e54f4eb99f3c9b3f5571b3d5eade536040955e3f830f0ddb67408b,synthetic-community-next,synthetic-community,a7ab8eb08182a09d8d33507e42a6d1b98ec830d5e2db0d13e0a177dd86938c47,260,,429,"[2,5,10,12]",[1],225,231.1153846153846,6.115384615384613,-6.115384615384613,26,cross,500,1980,0.25252525252525254,3.96,0,5,0.6434464745776713,-0.9253072829768365,ecc3edba58a5c2141d0538d72da2f492986615e52ba5157e52c22d70bbe88754
1,3.0.0,deterministic_synthetic_snapshot,636a86dcd1e54f4eb99f3c9b3f5571b3d5eade536040955e3f830f0ddb67408b,synthetic-community-next,synthetic-community,a7ab8eb08182a09d8d33507e42a6d1b98ec830d5e2db0d13e0a177dd86938c47,260,,430,"[2,6,10,12]",[1],225,231.1153846153846,6.115384615384613,-6.115384615384613,26,cross,500,1980,0.25252525252525254,3.96,0,5,0.6337947774590064,-0.9243226743732955,a8d9ab1f21c4802fd3233342a5c7763f37a458eac570e9fbd213e6ed855219a6
1,3.0.0,deterministic_synthetic_snapshot,636a86dcd1e54f4eb99f3c9b3f5571b3d5eade536040955e3f830f0ddb67408b,synthetic-community-next,synthetic-community,a7ab8eb08182a09d8d33507e42a6d1b98ec830d5e2db0d13e0a177dd86938c47,260,,431,"[6,7,10,12]",[1],225,231.1153846153846,6.115384615384613,-6.115384615384613,26,cross,500,1980,0.25252525252525254,3.96,0,5,1.1459467047076222,-0.9565016987594464,1ac64299e9f22d7d3e96052d717ee6675f5df729ac5bbb7459f85bb2f076eaf0
1,3.0.0,deterministic_synthetic_snapshot,636a86dcd1e54f4eb99f3c9b3f5571b3d5eade536040955e3f830f0ddb67408b,synthetic-community-next,synthetic-community,a7ab8eb08182a09d8d33507e42a6d1b98ec830d5e2db0d13e0a177dd86938c47,260,,432,"[1,2,3,8]",[2],225,231.1153846153846,6.115384615384613,-6.115384615384613,26,cross,500,1980,0.25252525252525254,3.96,0,5,1.0493305586228578,-0.9525885028798778,3bec6cbbc8f303966c215d871993c22202db31e66963161a340f10576c5bbb74
1,3.0.0,deterministic_synthetic_snapshot,636a86dcd1e54f4eb99f3c9b3f5571b3d5eade536040955e3f830f0ddb67408b,synthetic-community-next,synthetic-community,a7ab8eb08182a09d8d33507e42a6d1b98ec830d5e2db0d13e0a177dd86938c47,260,,433,"[1,3,6,8]",[2],225,231.1153846153846,6.115384615384613,-6.115384615384613,26,cross,500,1980,0.25252525252525254,3.96,0,5,0.9877732085194452,-0.9497260181322209,ee108893ab8cec4e149896fa08f1754863a44ab3a381bc63d1d84bdbbd737d9b
1,3.0.0,deterministic_synthetic_snapshot,636a86dcd1e54f4eb99f3c9b3f5571b3d5eade536040955e3f830f0ddb67408b,synthetic-community-next,synthetic-community,a7ab8eb08182a09d8d33507e42a6d1b98ec830d5e2db0d13e0a177dd86938c47,260,,434,"[1,5,6,8]",[2],225,231.1153846153846,6.115384615384613,-6.115384615384613,26,cross,500,1980,0.25252525252525254,3.96,0,5,0.9583622612357787,-0.9482401032687121,ac96dca0f934551b96a85b08e2316121962210c0bc3b7350aaf25708dea00d25
1,3.0.0,deterministic_synthetic_snapshot,636a86dcd1e54f4eb99f3c9b3f5571b3d5eade536040955e3f830f0ddb67408b,synthetic-community-next,synthetic-community,a7ab8eb08182a09d8d33507e42a6d1b98ec830d5e2db0d13e0a177dd86938c47,260,,435,"[1,5,9,10]",[2],225,231.1153846153846,6.115384615384613,-6.115384615384613,26,cross,500,1980,0.25252525252525254,3.96,0,5,0.88860930386225,-0.9443649726813691,1034cc60cb4c5b02001c8c9764c5cceb3236eb529cd43d0960be6b8c13804ecc
1,3.0.0,deterministic_synthetic_snapshot,636a86dcd1e54f4eb99f3c9b3f5571b3d5eade536040955e3f830f0ddb67408b,synthetic-community-next,synthetic-community,a7ab8eb08182a09d8d33507e42a6d1b98ec830d5e2db0d13e0a177dd86938c47,260,,436,"[2,3,5,10]",[2],225,231.1153846153846,6.115384615384613,-6.115384615384613,26,cross,500,1980,0.25252525252525254,3.96,0,5,0.9583622612357787,-0.9482401032687121,a3060cbad264a592edae7182710df7249a6935dba93f55f5a8705c319c5be03a
1,3.0.0,deterministic_synthetic_snapshot,636a86dcd1e54f4eb99f3c9b3f5571b3d5eade536040955e3f830f0ddb67408b,synthetic-community-next,synthetic-community,a7ab8eb08182a09d8d33507e42a6d1b98ec830d5e2db0d13e0a177dd86938c47,260,,437,"[3,5,8,12]",[2],225,231.1153846153846,6.115384615384613,-6.115384615384613,26,cross,500,1980,0.25252525252525254,3.96,0,5,0.8492186974121552,-0.9419300860247809,88f44fed348df0f6a31d601ddd0406636ef2f2fe27e7c8011663466c6e703e3a
1,3.0.0,deterministic_synthetic_snapshot,636a86dcd1e54f4eb99f3c9b3f5571b3d5eade536040955e3f830f0ddb67408b,synthetic-community-next,synthetic-community,a7ab8eb08182a09d8d33507e42a6d1b98ec830d5e2db0d13e0a177dd86938c47,260,,438,"[3,4,6,8]",[2],225,231.1153846153846,6.115384615384613,-6.115384615384613,26,cross,500,1980,0.25252525252525254,3.96,0,5,0.9439868273172419,-0.9474834128596366,983d86368f83bd0e6348323338ffb3857453cc9f36b78ca5968ba478aa10797c
1,3.0.0,deterministic_synthetic_snapshot,636a86dcd1e54f4eb99f3c9b3f5571b3d5eade536040955e3f830f0ddb67408b,synthetic-community-next,synthetic-community,a7ab8eb08182a09d8d33507e42a6d1b98ec830d5e2db0d13e0a177dd86938c47,260,,439,"[3,4,7,8]",[2],225,231.1153846153846,6.115384615384613,-6.115384615384613,26,cross,500,1980,0.25252525252525254,3.96,0,5,1.394740537361225,-0.9641823167126158,b2e525695a675dbc8dcd63fd38d20a5883583ada503d2e93e3283c964ed67fe4
1,3.0.0,deterministic_synthetic_snapshot,636a86dcd1e54f4eb99f3c9b3f5571b3d5eade536040955e3f830f0ddb67408b,synthetic-community-next,synthetic-community,a7ab8eb08182a09d8d33507e42a6d1b98ec830d5e2db0d13e0a177dd86938c47,260,,440,"[1,2,5,10]",[2],225,231.1153846153846,6.115384615384613,-6.115384615384613,26,cross,500,1980,0.25252525252525254,3.96,0,5,0.9877732085194453,-0.9497260181322209,b93b21407f206439883c7a46f041100a0d0a77316f934d109d9ff90f36505114
1,3.0.0,deterministic_synthetic_snapshot,636a86dcd1e54f4eb99f3c9b3f5571b3d5eade536040955e3f830f0ddb67408b,synthetic-community-next,synthetic-community,a7ab8eb08182a09d8d33507e42a6d1b98ec830d5e2db0d13e0a177dd86938c47,260,,441,"[8,9,10,12]",[2],225,231.1153846153846,6.115384615384613,-6.115384615384613,26,cross,500,1980,0.25252525252525254,3.96,0,5,0.7191476788063722,-0.9323130433073927,0a005b9501d37192f992c3b0b62434e0eece5b76163b17b022d58497e8b0c0df
1,3.0.0,deterministic_synthetic_snapshot,636a86dcd1e54f4eb99f3c9b3f5571b3d5eade536040955e3f830f0ddb67408b,synthetic-community-next,synthetic-community,a7ab8eb08182a09d8d33507e42a6d1b98ec830d5e2db0d13e0a177dd86938c47,260,,442,"[1,4,5,7]",[3],225,231.1153846153846,6.115384615384613,-6.115384615384613,26,cross,500,1980,0.25252525252525254,3.96,0,5,1.504223160181896,-0.9667769346026271,0cddf75ef0e652a1fefdc19fc147159278be8c15d76c6f36a4d22d4146891047
1,3.0.0,deterministic_synthetic_snapshot,636a86dcd1e54f4eb99f3c9b3f5571b3d5eade536040955e3f830f0ddb67408b,synthetic-community-next,synthetic-community,a7ab8eb08182a09d8d33507e42a6d1b98ec830d5e2db0d13e0a177dd86938c47,260,,443,"[1,4,6,11]",[3],225,231.1153846153846,6.115384615384613,-6.115384615384613,26,cross,500,1980,0.25252525252525254,3.96,0,5,0.715251557621141,-0.9319810986150247,0e809e7feee940fb3c1189368e7c5bb66c8cec54a182a267f930801da28ecf25
1,3.0.0,deterministic_synthetic_snapshot,636a86dcd1e54f4eb99f3c9b3f5571b3d5eade536040955e3f830f0ddb67408b,synthetic-community-next,synthetic-community,a7ab8eb08182a09d8d33507e42a6d1b98ec830d5e2db0d13e0a177dd86938c47,260,,444,"[4,6,8,9]",[3],225,231.1153846153846,6.115384615384613,-6.115384615384613,26,cross,500,1980,0.25252525252525254,3.96,0,5,0.8621509618397515,-0.9427508300277752,bcab52c0ecbfa9d3628e4d55faf0eb5da141ddd18aab67ea1dba6c9dc080b747
1,3.0.0,deterministic_synthetic_snapshot,636a86dcd1e54f4eb99f3c9b3f5571b3d5eade536040955e3f830f0ddb67408b,synthetic-community-next,synthetic-community,a7ab8eb08182a09d8d33507e42a6d1b98ec830d5e2db0d13e0a177dd86938c47,260,,445,"[4,7,8,9]",[3],225,231.1153846153846,6.115384615384613,-6.115384615384613,26,cross,500,1980,0.25252525252525254,3.96,0,5,1.2738280461182327,-0.9608113062937074,8861923c8110f5d4b3955cd3bd7d17a54dc1e2ac8f64856f3d1efa84f7ceef21
1,3.0.0,deterministic_synthetic_snapshot,636a86dcd1e54f4eb99f3c9b3f5571b3d5eade536040955e3f830f0ddb67408b,synthetic-community-next,synthetic-community,a7ab8eb08182a09d8d33507e42a6d1b98ec830d5e2db0d13e0a177dd86938c47,260,,446,"[1,6,8,12]",[3],225,231.1153846153846,6.115384615384613,-6.115384615384613,26,cross,500,1980,0.25252525252525254,3.96,0,5,0.6631930475690396,-0.9272537089299322,0d75d02c889dfab949cf2e3db3cb38eaf159c81a352ac65955054af309017e69
1,3.0.0,deterministic_synthetic_snapshot,636a86dcd1e54f4eb99f3c9b3f5571b3d5eade536040955e3f830f0ddb67408b,synthetic-community-next,synthetic-community,a7ab8eb08182a09d8d33507e42a6d1b98ec830d5e2db0d13e0a177dd86938c47,260,,447,"[1,7,8,11]",[3],225,231.1153846153846,6.115384615384613,-6.115384615384613,26,cross,500,1980,0.25252525252525254,3.96,0,5,0.9947895713535593,-0.950068682093438,02b19a34d00d7e7eb42235f703ba0b3e015581dd0d17a6c4d113fc6b889b6023
1,3.0.0,deterministic_synthetic_snapshot,636a86dcd1e54f4eb99f3c9b3f5571b3d5eade536040955e3f830f0ddb67408b,synthetic-community-next,synthetic-community,a7ab8eb08182a09d8d33507e42a6d1b98ec830d5e2db0d13e0a177dd86938c47,260,,448,"[2,3,6,9]",[3],225,231.1153846153846,6.115384615384613,-6.115384615384613,26,cross,500,1980,0.25252525252525254,3.96,0,5,0.9583622612357787,-0.9482401032687121,d0a12eecfc6e85d60882dd1214daa605c42bdda0ca814bb837c4e8c25f8a21e4
1,3.0.0,deterministic_synthetic_snapshot,636a86dcd1e54f4eb99f3c9b3f5571b3d5eade536040955e3f830f0ddb67408b,synthetic-community-next,synthetic-community,a7ab8eb08182a09d8d33507e42a6d1b98ec830d5e2db0d13e0a177dd86938c47,260,,449,"[2,3,7,8]",[3],225,231.1153846153846,6.115384615384613,-6.115384615384613,26,cross,500,1980,0.25252525252525254,3.96,0,5,1.437543391853668,-0.9652428885730021,8ae7380b6e12edafac7ba9dd4463be3c8a936de077e1a87ef8c13517a1b4aaf1
1,3.0.0,deterministic_synthetic_snapshot,636a86dcd1e54f4eb99f3c9b3f5571b3d5eade536040955e3f830f0ddb67408b,synthetic-community-next,synthetic-community,a7ab8eb08182a09d8d33507e42a6d1b98ec830d5e2db0d13e0a177dd86938c47,260,,450,"[2,4,6,8]",[3],225,231.1153846153846,6.115384615384613,-6.115384615384613,26,cross,500,1980,0.25252525252525254,3.96,0,5,1.7250520702244014,-0.9710201366742548,46e2c1ff5420ff28c2bb598d6b7d4cb49f5b45f7b335dd489ac9b55730f69616
1,3.0.0,deterministic_synthetic_snapshot,636a86dcd1e54f4eb99f3c9b3f5571b3d5eade536040955e3f830f0ddb67408b,synthetic-community-next,synthetic-community,a7ab8eb08182a09d8d33507e42a6d1b98ec830d5e2db0d13e0a177dd86938c47,260,,451,"[2,5,8,12]",[3],225,231.1153846153846,6.115384615384613,-6.115384615384613,26,cross,500,1980,0.25252525252525254,3.96,0,5,0.6631930475690395,-0.9272537089299321,e7a426b311849a71ec7695896a823bf6e52a6836975d13e608fad4d19740b57b
1,3.0.0,deterministic_synthetic_snapshot,636a86dcd1e54f4eb99f3c9b3f5571b3d5eade536040955e3f830f0ddb67408b,synthetic-community-next,synthetic-community,a7ab8eb08182a09d8d33507e42a6d1b98ec830d5e2db0d13e0a177dd86938c47,260,,452,"[3,6,11,12]",[3],225,231.1153846153846,6.115384615384613,-6.115384615384613,26,cross,500,1980,0.25252525252525254,3.96,0,5,0.7994005993482138,-0.9385566945115713,e8c154aeb6f8ff8e7e316c4c17cffb1a5c28cb99d24887552441377a44bd91ec
1,3.0.0,deterministic_synthetic_snapshot,636a86dcd1e54f4eb99f3c9b3f5571b3d5eade536040955e3f830f0ddb67408b,synthetic-community-next,synthetic-community,a7ab8eb08182a09d8d33507e42a6d1b98ec830d5e2db0d13e0a177dd86938c47,260,,453,"[1,2,7,10]",[3],225,231.1153846153846,6.115384615384613,-6.115384615384613,26,cross,500,1980,0.25252525252525254,3.96,0,5,1.437543391853668,-0.9652428885730021,d9264231ed71c3f2c216554c8d0cc174eae7877c992da1ade545d5b10e1e270b
1,3.0.0,deterministic_synthetic_snapshot,636a86dcd1e54f4eb99f3c9b3f5571b3d5eade536040955e3f830f0ddb67408b,synthetic-community-next,synthetic-community,a7ab8eb08182a09d8d33507e42a6d1b98ec830d5e2db0d13e0a177dd86938c47,260,,454,"[1,3,4,9]",[4],225,231.1153846153846,6.115384615384613,-6.115384615384613,26,cross,500,1980,0.25252525252525254,3.96,0,5,1.0028154401212641,-0.9504552727614592,5d63266b877fa38471e375fe14d78c28ac1b5033e0e231e965f49f3504bb604e
1,3.0.0,deterministic_synthetic_snapshot,636a86dcd1e54f4eb99f3c9b3f5571b3d5eade536040955e3f830f0ddb67408b,synthetic-community-next,synthetic-community,a7ab8eb08182a09d8d33507e42a6d1b98ec830d5e2db0d13e0a177dd86938c47,260,,455,"[1,3,7,11]",[4],225,231.1153846153846,6.115384615384613,-6.115384615384613,26,cross,500,1980,0.25252525252525254,3.96,0,5,1.0728773364317115,-0.9536029658347127,e4bdc7ce5403205bcddaf895e2d3913b0d006ccad64c6480cdffabd3e299250c
1,3.0.0,deterministic_synthetic_snapshot,636a86dcd1e54f4eb99f3c9b3f5571b3d5eade536040955e3f830f0ddb67408b,synthetic-community-next,synthetic-community,a7ab8eb08182a09d8d33507e42a6d1b98ec830d5e2db0d13e0a177dd86938c47,260,,456,"[2,3,7,8]",[4],225,231.1153846153846,6.115384615384613,-6.115384615384613,26,cross,500,1980,0.25252525252525254,3.96,0,5,1.437543391853668,-0.9652428885730021,b2cec48c50458b9cd1b3a1afda08f6e9aef18a4f045f0257e6a9e7b4366810f0
1,3.0.0,deterministic_synthetic_snapshot,636a86dcd1e54f4eb99f3c9b3f5571b3d5eade536040955e3f830f0ddb67408b,synthetic-community-next,synthetic-community,a7ab8eb08182a09d8d33507e42a6d1b98ec830d5e2db0d13e0a177dd86938c47,260,,457,"[2,3,8,9]",[4],225,231.1153846153846,6.115384615384613,-6.115384615384613,26,cross,500,1980,0.25252525252525254,3.96,0,5,0.9298270249074835,-0.9467175549983096,a9d8c7457e147d1ef52db38500e8ea428a8bc9284c64b2b2c663d77094e6daa3
1,3.0.0,deterministic_synthetic_snapshot,636a86dcd1e54f4eb99f3c9b3f5571b3d5eade536040955e3f830f0ddb67408b,synthetic-community-next,synthetic-community,a7ab8eb08182a09d8d33507e42a6d1b98ec830d5e2db0d13e0a177dd86938c47,260,,458,"[2,4,5,10]",[4],225,231.1153846153846,6.115384615384613,-6.115384615384613,26,cross,500,1980,0.25252525252525254,3.96,0,5,0.9439868273172419,-0.9474834128596366,0c85ccd85a5b44f279b3e687870defb4a9c9f806187869cc3be0a7d7fce5f2c1
1,3.0.0,deterministic_synthetic_snapshot,636a86dcd1e54f4eb99f3c9b3f5571b3d5eade536040955e3f830f0ddb67408b,synthetic-community-next,synthetic-community,a7ab8eb08182a09d8d33507e42a6d1b98ec830d5e2db0d13e0a177dd86938c47,260,,459,"[2,5,6,11]",[4],225,231.1153846153846,6.115384615384613,-6.115384615384613,26,cross,500,1980,0.25252525252525254,3.96,0,5,0.9021414252408632,-0.9451583302141527,a6b4c3080199851b1b20dc592e7d8c44d0f4850f79fc4f4872100b787f80d65d
1,3.0.0,deterministic_synthetic_snapshot,636a86dcd1e54f4eb99f3c9b3f5571b3d5eade536040955e3f830f0ddb67408b,synthetic-community-next,synthetic-community,a7ab8eb08182a09d8d33507e42a6d1b98ec830d5e2db0d13e0a177dd86938c47,260,,460,"[2,6,10,11]",[4],225,231.1153846153846,6.115384615384613,-6.115384615384613,26,cross,500,1980,0.25252525252525254,3.96,0,5,0.836480416950973,-0.9411002633986193,42b5cf86253f808880c5856779ae8e8aa6ab2063e1c20219da5ce17a6ac8d9f3
1,3.0.0,deterministic_synthetic_snapshot,636a86dcd1e54f4eb99f3c9b3f5571b3d5eade536040955e3f830f0ddb67408b,synthetic-community-next,synthetic-community,a7ab8eb08182a09d8d33507e42a6d1b98ec830d5e2db0d13e0a177dd86938c47,260,,461,"[2,8,9,10]",[4],225,231.1153846153846,6.115384615384613,-6.115384615384613,26,cross,500,1980,0.25252525252525254,3.96,0,5,0.836480416950973,-0.9411002633986193,8d9b40e09b694e7e6667e30079770ce148cca5606b9b3e817f57823a46110351
1,3.0.0,deterministic_synthetic_snapshot,636a86dcd1e54f4eb99f3c9b3f5571b3d5eade536040955e3f830f0ddb67408b,synthetic-community-next,synthetic-community,a7ab8eb08182a09d8d33507e42a6d1b98ec830d5e2db0d13e0a177dd86938c47,260,,462,"[2,8,9,12]",[4],225,231.1153846153846,6.115384615384613,-6.115384615384613,26,cross,500,1980,0.25252525252525254,3.96,0,5,0.6242878557971212,-0.9233306476982704,7c3f121b669db8d31101ebf35c7522754ff6e66d046c285c5b748676d28db3d5
1,3.0.0,deterministic_synthetic_snapshot,636a86dcd1e54f4eb99f3c9b3f5571b3d5eade536040955e3f830f0ddb67408b,synthetic-community-next,synthetic-community,a7ab8eb08182a09d8d33507e42a6d1b98ec830d5e2db0d13e0a177dd86938c47,260,,463,"[2,8,11,12]",[4],225,231.1153846153846,6.115384615384613,-6.115384615384613,26,cross,500,1980,0.25252525252525254,3.96,0,5,0.605699684890762,-0.9213249066073382,01bd5adb3fa0839725ec518284b1b22a529e4bd3a45fb24bd9ee2cece69a7593
1,3.0.0,deterministic_synthetic_snapshot,636a86dcd1e54f4eb99f3c9b3f5571b3d5eade536040955e3f830f0ddb67408b,synthetic-community-next,synthetic-community,a7ab8eb08182a09d8d33507e42a6d1b98ec830d5e2db0d13e0a177dd86938c47,260,,464,"[3,4,5,7]",[4],225,231.1153846153846,6.115384615384613,-6.115384615384613,26,cross,500,1980,0.25252525252525254,3.96,0,5,1.45943491558748,-0.9657617247150054,3ec2362d4bc9fc2dc50eac637a064a4a72cba179b36794e844008605abf89e40
1,3.0.0,deterministic_synthetic_snapshot,636a86dcd1e54f4eb99f3c9b3f5571b3d5eade536040955e3f830f0ddb67408b,synthetic-community-next,synthetic-community,a7ab8eb08182a09d8d33507e42a6d1b98ec830d5e2db0d13e0a177dd86938c47,260,,465,"[3,4,5,11]",[4],225,231.1153846153846,6.115384615384613,-6.115384615384613,26,cross,500,1980,0.25252525252525254,3.96,0,5,0.915879619533871,-0.9459425267442407,2987c829ee7b129dd01f34394ef6dcdf4644dd48a5c88c524e963a22c8e6ddc5
1,3.0.0,deterministic_synthetic_snapshot,636a86dcd1e54f4eb99f3c9b3f5571b3d5eade536040955e3f830f0ddb67408b,synthetic-community-next,synthetic-community,a7ab8eb08182a09d8d33507e42a6d1b98ec830d5e2db0d13e0a177dd86938c47,260,,466,"[3,4,6,12]",[4],225,231.1153846153846,6.115384615384613,-6.115384615384613,26,cross,500,1980,0.25252525252525254,3.96,0,5,0.88860930386225,-0.9443649726813691,cddcd6bd4cccee9f66f6144e893bda712cb99a6356a76b461f983075822c82d3
1,3.0.0,deterministic_synthetic_snapshot,636a86dcd1e54f4eb99f3c9b3f5571b3d5eade536040955e3f830f0ddb67408b,synthetic-community-next,synthetic-community,a7ab8eb08182a09d8d33507e42a6d1b98ec830d5e2db0d13e0a177dd86938c47,260,,467,"[3,4,9,11]",[4],225,231.1153846153846,6.115384615384613,-6.115384615384613,26,cross,500,1980,0.25252525252525254,3.96,0,5,0.8621509618397515,-0.9427508300277752,ef5cf8a6e038b8791dd654fcf1c1d735b7e9835504f2e2acc4832b07bd7b83e4
1,3.0.0,deterministic_synthetic_snapshot,636a86dcd1e54f4eb99f3c9b3f5571b3d5eade536040955e3f830f0ddb67408b,synthetic-community-next,synthetic-community,a7ab8eb08182a09d8d33507e42a6d1b98ec830d5e2db0d13e0a177dd86938c47,260,,468,"[3,4,9,12]",[4],225,231.1153846153846,6.115384615384613,-6.115384615384613,26,cross,500,1980,0.25252525252525254,3.96,0,5,0.8492186974121552,-0.9419300860247809,df55d77d0a20d67f5af35b999f3ff21180652311e6867844d4b8f4250d239c0e
1,3.0.0,deterministic_synthetic_snapshot,636a86dcd1e54f4eb99f3c9b3f5571b3d5eade536040955e3f830f0ddb67408b,synthetic-community-next,synthetic-community,a7ab8eb08182a09d8d33507e42a6d1b98ec830d5e2db0d13e0a177dd86938c47,260,,469,"[3,6,11,12]",[4],225,231.1153846153846,6.115384615384613,-6.115384615384613,26,cross,500,1980,0.25252525252525254,3.96,0,5,0.7994005993482138,-0.9385566945115713,ec2412771ce789a7a0f8cedc8810a049bcc43f2dd6a1ae4deeb9cf08a0002e4d
1,3.0.0,deterministic_synthetic_snapshot,636a86dcd1e54f4eb99f3c9b3f5571b3d5eade536040955e3f830f0ddb67408b,synthetic-community-next,synthetic-community,a7ab8eb08182a09d8d33507e42a6d1b98ec830d5e2db0d13e0a177dd86938c47,260,,470,"[3,7,9,11]",[4],225,231.1153846153846,6.115384615384613,-6.115384615384613,26,cross,500,1980,0.25252525252525254,3.96,0,5,1.2358998160450623,-0.9596223792466766,03f9468327f7dcd3704ad414e0ec39abde879c579a14c880d09d267919780bcf
1,3.0.0,deterministic_synthetic_snapshot,636a86dcd1e54f4eb99f3c9b3f5571b3d5eade536040955e3f830f0ddb67408b,synthetic-community-next,synthetic-community,a7ab8eb08182a09d8d33507e42a6d1b98ec830d5e2db0d13e0a177dd86938c47,260,,471,"[1,2,6,12]",[4],225,231.1153846153846,6.115384615384613,-6.115384615384613,26,cross,500,1980,0.25252525252525254,3.96,0,5,0.7261437133209554,-0.9329019176657585,9d7033d95ed1be1ba8d0f8ff1b4bcfbefbed0202006f471329ef0605f09edb24
1,3.0.0,deterministic_synthetic_snapshot,636a86dcd1e54f4eb99f3c9b3f5571b3d5eade536040955e3f830f0ddb67408b,synthetic-community-next,synthetic-community,a7ab8eb08182a09d8d33507e42a6d1b98ec830d5e2db0d13e0a177dd86938c47,260,,472,"[6,7,9,10]",[4],225,231.1153846153846,6.115384615384613,-6.115384615384613,26,cross,500,1980,0.25252525252525254,3.96,0,5,1.1991008990223206,-0.9583998145483417,446359e73f071118912c65dc059e82d81522e9a960da15840c4fd25ac459abe2
1,3.0.0,deterministic_synthetic_snapshot,636a86dcd1e54f4eb99f3c9b3f5571b3d5eade536040955e3f830f0ddb67408b,synthetic-community-next,synthetic-community,a7ab8eb08182a09d8d33507e42a6d1b98ec830d5e2db0d13e0a177dd86938c47,260,,473,"[1,3,6,11]",[1],238,231.1153846153846,6.884615384615387,-6.884615384615387,26,cross,500,1980,0.25252525252525254,3.96,0,5,0.7261437133209554,-0.9329019176657585,6e55db1d28b7bf3417c594e2ee10adbd7daf1afd33e5c68b6c94e2ee3b25fdcd
1,3.0.0,deterministic_synthetic_snapshot,636a86dcd1e54f4eb99f3c9b3f5571b3d5eade536040955e3f830f0ddb67408b,synthetic-community-next,synthetic-community,a7ab8eb08182a09d8d33507e42a6d1b98ec830d5e2db0d13e0a177dd86938c47,260,,474,"[1,3,9,11]",[1],238,231.1153846153846,6.884615384615387,-6.884615384615387,26,cross,500,1980,0.25252525252525254,3.96,0,5,0.6939549424929716,-0.9301144896615852,dcf93ff848e17c6dcd4cfff571765075bcdb1bbcd9afdba82504076a348c13fb
1,3.0.0,deterministic_synthetic_snapshot,636a86dcd1e54f4eb99f3c9b3f5571b3d5eade536040955e3f830f0ddb67408b,synthetic-community-next,synthetic-community,a7ab8eb08182a09d8d33507e42a6d1b98ec830d5e2db0d13e0a177dd86938c47,260,,475,"[4,7,8,12]",[1],238,231.1153846153846,6.884615384615387,-6.884615384615387,26,cross,500,1980,0.25252525252525254,3.96,0,5,1.2173613188043864,-0.9590153370922418,934ca79e74b3630cfab35dd7d9e1883aab3ff555c59565b507f4bf68e3f90a42
1,3.0.0,deterministic_synthetic_snapshot,636a86dcd1e54f4eb99f3c9b3f5571b3d5eade536040955e3f830f0ddb67408b,synthetic-community-next,synthetic-community,a7ab8eb08182a09d8d33507e42a6d1b98ec830d5e2db0d13e0a177dd86938c47,260,,476,"[1,5,7,9]",[1],238,231.1153846153846,6.884615384615387,-6.884615384615387,26,cross,500,1980,0.25252525252525254,3.96,0,5,1.394740537361225,-0.9641823167126158,eb0ca18cc24a391f74dbfdd0c90eddcc0eb4836cec9af84058460e0eef2b9eb8
1,3.0.0,deterministic_synthetic_snapshot,636a86dcd1e54f4eb99f3c9b3f5571b3d5eade536040955e3f830f0ddb67408b,synthetic-community-next,synthetic-community,a7ab8eb08182a09d8d33507e42a6d1b98ec830d5e2db0d13e0a177dd86938c47,260,,477,"[1,6,9,11]",[1],238,231.1153846153846,6.884615384615387,-6.884615384615387,26,cross,500,1980,0.25252525252525254,3.96,0,5,0.6631930475690397,-0.9272537089299322,b278768089b22e54fdfd4e1825de280c4aa89f8daf3e6c929501bf0629e0b4c7
1,3.0.0,deterministic_synthetic_snapshot,636a86dcd1e54f4eb99f3c9b3f5571b3d5eade536040955e3f830f0ddb67408b,synthetic-community-next,synthetic-community,a7ab8eb08182a09d8d33507e42a6d1b98ec830d5e2db0d13e0a177dd86938c47,260,,478,"[2,5,6,9]",[1],238,231.1153846153846,6.884615384615387,-6.884615384615387,26,cross,500,1980,0.25252525252525254,3.96,0,5,0.9298270249074835,-0.9467175549983096,181427d40f9a0952aecf4f37fa345a08d22396af616673e52d233d6199bb37a9
1,3.0.0,deterministic_synthetic_snapshot,636a86dcd1e54f4eb99f3c9b3f5571b3d5eade536040955e3f830f0ddb67408b,synthetic-community-next,synthetic-community,a7ab8eb08182a09d8d33507e42a6d1b98ec830d5e2db0d13e0a177dd86938c47,260,,479,"[3,5,7,12]",[1],238,231.1153846153846,6.884615384615387,-6.884615384615387,26,cross,500,1980,0.25252525252525254,3.96,0,5,1.2932264427596272,-0.9613933387717912,51518eb4e09f0ee860e04d11d4a4ae2d34b92ae41e4eb098501176a887f7cc6d
1,3.0.0,deterministic_synthetic_snapshot,636a86dcd1e54f4eb99f3c9b3f5571b3d5eade536040955e3f830f0ddb67408b,synthetic-community-next,synthetic-community,a7ab8eb08182a09d8d33507e42a6d1b98ec830d5e2db0d13e0a177dd86938c47,260,,480,"[1,2,7,8]",[1],238,231.1153846153846,6.884615384615387,-6.884615384615387,26,cross,500,1980,0.25252525252525254,3.96,0,5,1.4816598127791674,-0.9662730440032272,776f53b21cd2054b9136c7cf9bacf179f138ca8d556019b47324a55163134f13
1,3.0.0,deterministic_synthetic_snapshot,636a86dcd1e54f4eb99f3c9b3f5571b3d5eade536040955e3f830f0ddb67408b,synthetic-community-next,synthetic-community,a7ab8eb08182a09d8d33507e42a6d1b98ec830d5e2db0d13e0a177dd86938c47,260,,481,"[1,2,8,12]",[1],238,231.1153846153846,6.884615384615387,-6.884615384615387,26,cross,500,1980,0.25252525252525254,3.96,0,5,0.7045227842568238,-0.9310519231148273,0613966785bd37ec93c50490d82056c52e6316539243545be741ecb9aa50152e
1,3.0.0,deterministic_synthetic_snapshot,636a86dcd1e54f4eb99f3c9b3f5571b3d5eade536040955e3f830f0ddb67408b,synthetic-community-next,synthetic-community,a7ab8eb08182a09d8d33507e42a6d1b98ec830d5e2db0d13e0a177dd86938c47,260,,482,"[6,7,8,12]",[1],238,231.1153846153846,6.884615384615387,-6.884615384615387,26,cross,500,1980,0.25252525252525254,3.96,0,5,1.181114385536986,-0.9577757436961774,c2f28750e5d7cf6f1c34ac84cac0075f63af95c1c0aa68614a303b9fc8cb95b8
1,3.0.0,deterministic_synthetic_snapshot,636a86dcd1e54f4eb99f3c9b3f5571b3d5eade536040955e3f830f0ddb67408b,synthetic-community-next,synthetic-community,a7ab8eb08182a09d8d33507e42a6d1b98ec830d5e2db0d13e0a177dd86938c47,260,,483,"[1,5,6,11]",[2],238,231.1153846153846,6.884615384615387,-6.884615384615387,26,cross,500,1980,0.25252525252525254,3.96,0,5,0.7045227842568239,-0.9310519231148273,e9666740754c1e84cee6eb9600103914b39eee556d6071f24d62f309ed129f6a
1,3.0.0,deterministic_synthetic_snapshot,636a86dcd1e54f4eb99f3c9b3f5571b3d5eade536040955e3f830f0ddb67408b,synthetic-community-next,synthetic-community,a7ab8eb08182a09d8d33507e42a6d1b98ec830d5e2db0d13e0a177dd86938c47,260,,484,"[1,6,10,11]",[2],238,231.1153846153846,6.884615384615387,-6.884615384615387,26,cross,500,1980,0.25252525252525254,3.96,0,5,0.653245151855504,-0.9262843379945632,7a0ac9e1d1b66c6f8923b3e860c08a2c4befb03bf79d2613fe802ce021227511
1,3.0.0,deterministic_synthetic_snapshot,636a86dcd1e54f4eb99f3c9b3f5571b3d5eade536040955e3f830f0ddb67408b,synthetic-community-next,synthetic-community,a7ab8eb08182a09d8d33507e42a6d1b98ec830d5e2db0d13e0a177dd86938c47,260,,485,"[1,7,8,9]",[2],238,231.1153846153846,6.884615384615387,-6.884615384615387,26,cross,500,1980,0.25252525252525254,3.96,0,5,1.332913955793375,-0.9625329258259757,e935bd7fdbe82a6fcfcf6a315fb9d354257cbff789ddb3e6371c527e607df6e8
1,3.0.0,deterministic_synthetic_snapshot,636a86dcd1e54f4eb99f3c9b3f5571b3d5eade536040955e3f830f0ddb67408b,synthetic-community-next,synthetic-community,a7ab8eb08182a09d8d33507e42a6d1b98ec830d5e2db0d13e0a177dd86938c47,260,,486,"[1,7,9,10]",[2],238,231.1153846153846,6.884615384615387,-6.884615384615387,26,cross,500,1980,0.25252525252525254,3.96,0,5,1.2932264427596272,-0.9613933387717912,5a946fcf6348ec4d603a9af19e7f3e907bcb8c79ead48f9380c5705be09115b2
1,3.0.0,deterministic_synthetic_snapshot,636a86dcd1e54f4eb99f3c9b3f5571b3d5eade536040955e3f830f0ddb67408b,synthetic-community-next,synthetic-community,a7ab8eb08182a09d8d33507e42a6d1b98ec830d5e2db0d13e0a177dd86938c47,260,,487,"[3,7,8,9]",[2],238,231.1153846153846,6.884615384615387,-6.884615384615387,26,cross,500,1980,0.25252525252525254,3.96,0,5,1.2932264427596272,-0.9613933387717912,927e3e5b40413d036002cc1f14a41ca0dc919215a0d1723aac64ad5e26d432e5
1,3.0.0,deterministic_synthetic_snapshot,636a86dcd1e54f4eb99f3c9b3f5571b3d5eade536040955e3f830f0ddb67408b,synthetic-community-next,synthetic-community,a7ab8eb08182a09d8d33507e42a6d1b98ec830d5e2db0d13e0a177dd86938c47,260,,488,"[3,8,9,12]",[2],238,231.1153846153846,6.884615384615387,-6.884615384615387,26,cross,500,1980,0.25252525252525254,3.96,0,5,0.7994005993482138,-0.9385566945115713,95be8612dca213a398dcc6a95feb6ca3f59b08e012fb79269b4f56754fc499f1
1,3.0.0,deterministic_synthetic_snapshot,636a86dcd1e54f4eb99f3c9b3f5571b3d5eade536040955e3f830f0ddb67408b,synthetic-community-next,synthetic-community,a7ab8eb08182a09d8d33507e42a6d1b98ec830d5e2db0d13e0a177dd86938c47,260,,489,"[2,10,11,12]",[2],238,231.1153846153846,6.884615384615387,-6.884615384615387,26,cross,500,1980,0.25252525252525254,3.96,0,5,0.5876649767731394,-0.9192912397828685,d9a0359685ff201ebfe564b689df49cab95a45ece4807d9ffbc877aababf9421
1,3.0.0,deterministic_synthetic_snapshot,636a86dcd1e54f4eb99f3c9b3f5571b3d5eade536040955e3f830f0ddb67408b,synthetic-community-next,synthetic-community,a7ab8eb08182a09d8d33507e42a6d1b98ec830d5e2db0d13e0a177dd86938c47,260,,490,"[1,2,7,8]",[2],238,231.1153846153846,6.884615384615387,-6.884615384615387,26,cross,500,1980,0.25252525252525254,3.96,0,5,1.4816598127791674,-0.9662730440032272,7e54920b31f2cebc808dcd5db670affdabd616d07d865c1164d09e9dfa665d53
1,3.0.0,deterministic_synthetic_snapshot,636a86dcd1e54f4eb99f3c9b3f5571b3d5eade536040955e3f830f0ddb67408b,synthetic-community-next,synthetic-community,a7ab8eb08182a09d8d33507e42a6d1b98ec830d5e2db0d13e0a177dd86938c47,260,,491,"[5,7,8,11]",[3],238,231.1153846153846,6.884615384615387,-6.884615384615387,26,cross,500,1980,0.25252525252525254,3.96,0,5,1.2173613188043866,-0.9590153370922418,0f0f71ad5f1926658dce1bfb611d85de3cd83f6154087376745603a637ab2f54
1,3.0.0,deterministic_synthetic_snapshot,636a86dcd1e54f4eb99f3c9b3f5571b3d5eade536040955e3f830f0ddb67408b,synthetic-community-next,synthetic-community,a7ab8eb08182a09d8d33507e42a6d1b98ec830d5e2db0d13e0a177dd86938c47,260,,492,"[4,6,9,12]",[3],238,231.1153846153846,6.884615384615387,-6.884615384615387,26,cross,500,1980,0.25252525252525254,3.96,0,5,0.8115742125362576,-0.9394135249659534,42b7380b7c0f44cd4611acc01296a84e16aa770a95f315c9c1643ec4251a185b
1,3.0.0,deterministic_synthetic_snapshot,636a86dcd1e54f4eb99f3c9b3f5571b3d5eade536040955e3f830f0ddb67408b,synthetic-community-next,synthetic-community,a7ab8eb08182a09d8d33507e42a6d1b98ec830d5e2db0d13e0a177dd86938c47,260,,493,"[1,6,7,12]",[3],238,231.1153846153846,6.884615384615387,-6.884615384615387,26,cross,500,1980,0.25252525252525254,3.96,0,5,1.009938651120365,-0.9507936684998577,8f0af68fb26909c86232bba171c42d8fb6452666176ea7684eec9ff7893cc7e2
1,3.0.0,deterministic_synthetic_snapshot,636a86dcd1e54f4eb99f3c9b3f5571b3d5eade536040955e3f830f0ddb67408b,synthetic-community-next,synthetic-community,a7ab8eb08182a09d8d33507e42a6d1b98ec830d5e2db0d13e0a177dd86938c47,260,,494,"[4,5,6,11]",[3],238,231.1153846153846,6.884615384615387,-6.884615384615387,26,cross,500,1980,0.25252525252525254,3.96,0,5,0.8752801643043162,-0.9435624666677364,ba75f0eda75f223e2a4e6fa01d2f61b74140b62fe761080364eb45539485a020
1,3.0.0,deterministic_synthetic_snapshot,636a86dcd1e54f4eb99f3c9b3f5571b3d5eade536040955e3f830f0ddb67408b,synthetic-community-next,synthetic-community,a7ab8eb08182a09d8d33507e42a6d1b98ec830d5e2db0d13e0a177dd86938c47,260,,495,"[2,5,7,12]",[4],238,231.1153846153846,6.884615384615387,-6.884615384615387,26,cross,500,1980,0.25252525252525254,3.96,0,5,1.0099386511203647,-0.9507936684998577,fa515b91369ea9db55bc031f6f5eacef6acaa11f53f753e41cc3a262885ae40c
1,3.0.0,deterministic_synthetic_snapshot,636a86dcd1e54f4eb99f3c9b3f5571b3d5eade536040955e3f830f0ddb67408b,synthetic-community-next,synthetic-community,a7ab8eb08182a09d8d33507e42a6d1b98ec830d5e2db0d13e0a177dd86938c47,260,,496,"[2,6,7,12]",[4],238,231.1153846153846,6.884615384615387,-6.884615384615387,26,cross,500,1980,0.25252525252525254,3.96,0,5,0.9947895713535593,-0.950068682093438,6798d24fe911be31f3ff50b4036955d3c8d303b32b6eccfd21b3f50e66d8d460
1,3.0.0,deterministic_synthetic_snapshot,636a86dcd1e54f4eb99f3c9b3f5571b3d5eade536040955e3f830f0ddb67408b,synthetic-community-next,synthetic-community,a7ab8eb08182a09d8d33507e42a6d1b98ec830d5e2db0d13e0a177dd86938c47,260,,497,"[1,2,3,8]",[1],224,231.1153846153846,7.115384615384613,-7.115384615384613,26,cross,500,1980,0.25252525252525254,3.96,0,5,1.0493305586228578,-0.9525885028798778,22001ef269556c90f4f6c184f60e967bd3fdbcb4c9b7e5fffafa91616fc117f9
1,3.0.0,deterministic_synthetic_snapshot,636a86dcd1e54f4eb99f3c9b3f5571b3d5eade536040955e3f830f0ddb67408b,synthetic-community-next,synthetic-community,a7ab8eb08182a09d8d33507e42a6d1b98ec830d5e2db0d13e0a177dd86938c47,260,,498,"[1,4,5,8]",[1],224,231.1153846153846,7.115384615384613,-7.115384615384613,26,cross,500,1980,0.25252525252525254,3.96,0,5,0.9877732085194452,-0.9497260181322209,606004fbf2ed76a44f9fb681da6e123a6eb3a3df98c69ec1ccd91113d329e7f7
1,3.0.0,deterministic_synthetic_snapshot,636a86dcd1e54f4eb99f3c9b3f5571b3d5eade536040955e3f830f0ddb67408b,synthetic-community-next,synthetic-community,a7ab8eb08182a09d8d33507e42a6d1b98ec830d5e2db0d13e0a177dd86938c47,260,,499,"[1,4,8,9]",[1],224,231.1153846153846,7.115384615384613,-7.115384615384613,26,cross,500,1980,0.25252525252525254,3.96,0,5,0.9298270249074835,-0.9467175549983096,b7828f3deb050fa255070bc3d0ebfd49c0cf61086b192521c80463373ca8b6f9
1,3.0.0,deterministic_synthetic_snapshot,636a86dcd1e54f4eb99f3c9b3f5571b3d5eade536040955e3f830f0ddb67408b,synthetic-community-next,synthetic-community,a7ab8eb08182a09d8d33507e42a6d1b98ec830d5e2db0d13e0a177dd86938c47,260,,500,"[1,5,7,8]",[1],224,231.1153846153846,7.115384615384613,-7.115384615384613,26,cross,500,1980,0.25252525252525254,3.96,0,5,1.4159802409758628,-0.9647164481155364,3c9bf2bb8df4d863ccaf99e40ab7ede80cefe74fa6e49b5605df2bfb28f933cc
