contest_number,draw_date,agent,contest_rank,ticket_index,main_draw,auxiliary_draw,main_hits,auxiliary_hits,roi_alpha_vs_house_pp,win_rate_vs_house_pct,crowd_escape_score,momentum_score,commitment_sha256,score_status,evaluation_scope
1,2026-06-06,uniform_random,4,1,1 22 24 27 29 42,,0,0,0.0,0.0,94.04358054376829,58.333333333333336,542070c9fa4d6ce064d8314f0ab4df7baf5b552ac5dca8d3123bff1459ad9d3a,observed,observed_history_forward_replay
1,2026-06-06,uniform_random,4,2,5 30 31 34 41 45,,1,0,0.0,0.0,99.68911714103669,63.33333333333333,2d56156dc3b6d711f554409e43af4becf978e4d5ad0789d884e22643f8993a42,observed,observed_history_forward_replay
1,2026-06-06,uniform_random,4,3,2 12 15 23 25 42,,1,0,0.0,0.0,87.64110853537409,53.333333333333336,ab6bd760859ced872243301863c48d326874bd8d8ddec6c3943b3236736944ec,observed,observed_history_forward_replay
1,2026-06-06,uniform_random,4,4,3 4 28 35 39 45,,0,0,0.0,0.0,98.3889778255804,53.333333333333336,8f49a2688aa89b166bcb179cf7a89d9e3273effdad6f375f7a19c5ca755e8b3e,observed,observed_history_forward_replay
1,2026-06-06,uniform_random,4,5,6 17 25 29 32 39,,1,0,0.0,0.0,98.54457936669493,65.0,930b3b04c3d485e9be044c22e20a8831a5665de35569d27eb4b1ce6476e9dc5b,observed,observed_history_forward_replay
1,2026-06-06,uniform_random,4,6,15 17 18 29 37 40,,0,0,0.0,0.0,99.08083229056741,51.66666666666667,9901db6774f31933325aca43add8d33f498ca42177d94d970882ebcfed2da880,observed,observed_history_forward_replay
1,2026-06-06,uniform_random,4,7,1 7 13 15 23 28,,1,0,0.0,0.0,21.792589452240986,56.666666666666664,9cf56f481cd064b7ddaf3766e76c0151bce177da242bb13a27882ef12422998e,observed,observed_history_forward_replay
1,2026-06-06,uniform_random,4,8,6 13 16 18 20 35,,1,0,0.0,0.0,89.57641824582909,41.66666666666667,3e45636799a231b2bcc76d6dd1fa837c96ec304c249e1daac9ac0b6bdd18c85f,observed,observed_history_forward_replay
1,2026-06-06,uniform_random,4,9,2 3 14 20 34 40,,2,0,0.0,0.0,94.79857588352971,48.333333333333336,192155c75a86e9dea0f64d4503a327e5c3ca7fab3ce933564728a744f95cdc97,observed,observed_history_forward_replay
1,2026-06-06,uniform_random,4,10,6 19 33 35 37 45,,0,0,0.0,0.0,99.78996285936323,46.666666666666664,004b533c0980053deadae8ca0246c57a896b5873b3269302d5db7eae9fc1fbe0,observed,observed_history_forward_replay
1,2026-06-06,uniform_random,4,11,8 16 20 25 36 45,,0,0,0.0,0.0,98.58807875167219,53.333333333333336,8c22526bac5705334d4fbd302b40b01c40ec3e4b3353b13f6fb2c2808fb6bf96,observed,observed_history_forward_replay
1,2026-06-06,uniform_random,4,12,4 11 18 34 41 42,,1,0,0.0,0.0,98.86066281670836,58.333333333333336,537235e0128964a59b1682f5acbd85408861ec4ca57c8ee365011f60a3b977f7,observed,observed_history_forward_replay
1,2026-06-06,frequency,5,1,13 25 33 34 39 43,,3,0,-0.14211372068773098,0.0,99.91989699766485,60.0,0ff84b3f0f9c0ccf1a453a2677573e31905ea3f418d4c1a21f8a8b37f04c8053,observed,observed_history_forward_replay
1,2026-06-06,frequency,5,2,5 23 27 28 29 31,,0,0,-0.14211372068773098,0.0,84.02877657698018,71.66666666666667,29ef8edf136311fc84242b72dc81cd9e6cd24158527cb1d94c6c33b7d07c2c21,observed,observed_history_forward_replay
1,2026-06-06,frequency,5,3,17 19 29 32 38 40,,1,0,-0.14211372068773098,0.0,99.7386407092449,56.666666666666664,b0e8ab67838ec071ffd26a4bda25f1b9c688e6df0d6dbc7ce51cfdc5199c599b,observed,observed_history_forward_replay
1,2026-06-06,frequency,5,4,7 10 19 27 29 32,,1,0,-0.14211372068773098,0.0,88.54103334880978,56.666666666666664,d514c6734eb43ed5944ef6e18b3f2a4832e5e306886d4e92a91432658fe66b44,observed,observed_history_forward_replay
1,2026-06-06,frequency,5,5,7 21 22 33 39 41,,1,0,-0.14211372068773098,0.0,98.99769356576158,60.0,5c2e9e5f108a23db07cc8ce85f51b2875b6ccaa55dbff121bbe8094e4a18c33d,observed,observed_history_forward_replay
1,2026-06-06,frequency,5,6,13 14 17 23 27 29,,1,0,-0.14211372068773098,0.0,84.56593513427586,65.0,b9ee37422ae81aebfc343ab5ee8acea9d698beede64af7ac1e187bf7e0167eb1,observed,observed_history_forward_replay
1,2026-06-06,frequency,5,7,2 6 8 14 20 24,,1,0,-0.14211372068773098,0.0,11.158199203962461,51.66666666666667,44291de18246a4f9902bfe063944f9c8d12d7d247baed3cd22211ada87f48cdc,observed,observed_history_forward_replay
1,2026-06-06,frequency,5,8,7 13 22 35 41 42,,1,0,-0.14211372068773098,0.0,98.42366136305247,56.666666666666664,723423ab05ed1764bf93259adfe92b2c36feb8caf27a1b090db767036377981f,observed,observed_history_forward_replay
1,2026-06-06,frequency,5,9,1 8 20 23 24 37,,0,0,-0.14211372068773098,0.0,90.98015321222064,63.33333333333333,571b133ef8e5cb77589a994514a6b2e347748da50f0d5f52df2eddcc334af6a8,observed,observed_history_forward_replay
1,2026-06-06,frequency,5,10,4 9 12 29 30 35,,0,0,-0.14211372068773098,0.0,82.69534559357963,43.333333333333336,df9d2a1fee3dcfaab2e5c04d34cb5697531c027c315cd7c0f21d3f91ad913fbd,observed,observed_history_forward_replay
1,2026-06-06,frequency,5,11,17 18 20 25 41 44,,0,0,-0.14211372068773098,0.0,99.19843097638837,60.0,00e91601500d33c712038914d013f6f25016124f869fe65d675fe987f7735c44,observed,observed_history_forward_replay
1,2026-06-06,frequency,5,12,1 9 11 19 29 40,,0,0,-0.14211372068773098,0.0,86.58257194881588,51.66666666666667,45fe9f8a246f24e1991cb1f6137753bebd6e9f44f3d6babadd5cf6c9a76b9e44,observed,observed_history_forward_replay
1,2026-06-06,unpopularity,1,1,33 36 39 43 44 45,,1,0,0.2931280598022168,100.0,99.99983072419224,53.333333333333336,3c186fcb321bd61c28d380172c5a8f0a13be58567317ee24cbaceade7f69d05f,observed,observed_history_forward_replay
1,2026-06-06,unpopularity,1,2,32 37 38 40 41 43,,2,0,0.2931280598022168,100.0,99.99900235037423,56.666666666666664,3ea237459bb068dea82b9873fb196a9479a67e9acade3e2a15306e51e1443ff9,observed,observed_history_forward_replay
1,2026-06-06,unpopularity,1,3,32 34 36 40 43 45,,3,0,0.2931280598022168,100.0,99.99890315941758,50.0,bf1cedd5936704a1879b057d3d921712351b93ca5cc926bc1b65e1c3b47ff02f,observed,observed_history_forward_replay
1,2026-06-06,unpopularity,1,4,32 34 37 40 43 44,,3,0,0.2931280598022168,100.0,99.99890315941758,53.333333333333336,0e630804c0a5d577b0a943a4715ee072936b38f7d76b2dc7aa53146a9041b518,observed,observed_history_forward_replay
1,2026-06-06,unpopularity,1,5,32 34 36 38 40 45,,2,0,0.2931280598022168,100.0,99.99838408145759,50.0,54a99aff127fc0d0bffcc1e06f1e87b035b23d62add48305e1082d5e5e78bf83,observed,observed_history_forward_replay
1,2026-06-06,unpopularity,1,6,37 38 39 40 41 45,,0,0,0.2931280598022168,100.0,99.99812517449183,61.66666666666667,2ffc6c5279d974de9677eed11ed7c7e63533929d4d7776d8a99853a858bf6a2b,observed,observed_history_forward_replay
1,2026-06-06,unpopularity,1,7,36 37 38 40 43 45,,1,0,0.2931280598022168,100.0,99.99801262552683,50.0,cdb620e333ff7544f35dad695629c4ff34dead0103a9af51185c28f64205a90f,observed,observed_history_forward_replay
1,2026-06-06,unpopularity,1,8,32 33 34 38 40 44,,2,0,0.2931280598022168,100.0,99.99793963204053,48.333333333333336,65a36e3f16f41974257e861c6a39d87ebd23d9a8ed87ca6a2322fa1c677f8486,observed,observed_history_forward_replay
1,2026-06-06,unpopularity,1,9,33 37 39 40 42 45,,0,0,0.2931280598022168,100.0,99.99645669790988,56.666666666666664,270e376f6b151b7e98fd485392ae376fdef68e677a9fb08ddf85cfac2b9c8885,observed,observed_history_forward_replay
1,2026-06-06,unpopularity,1,10,33 36 38 42 43 44,,1,0,0.2931280598022168,100.0,99.99645669790988,50.0,aef23bc86eec97eb9952e24e5184ee4c7a56434850aa826b11b87797e3c72b83,observed,observed_history_forward_replay
1,2026-06-06,unpopularity,1,11,33 35 38 40 41 44,,0,0,0.2931280598022168,100.0,99.99574558063122,51.66666666666667,6a8b1440842bb2b80a5df7519cd371a89a809dbf8bff383c378984e01cf6670f,observed,observed_history_forward_replay
1,2026-06-06,unpopularity,1,12,32 36 38 39 42 44,,1,0,0.2931280598022168,100.0,99.99574558063122,60.0,75c661fa98dbca18db3425a524a850eb19b20e2c0d1053111bf96055aa03f296,observed,observed_history_forward_replay
1,2026-06-06,gingerm,2,1,8 23 27 36 39 41,,0,0,0.1414357566969393,100.0,99.6262009123359,78.33333333333333,fae9627ab8875fae73ebae3aa5c42612e023ffb4d733659df8569a4eaed667fb,observed,observed_history_forward_replay
1,2026-06-06,gingerm,2,2,1 2 11 29 36 37,,1,0,0.1414357566969393,100.0,95.36113272720799,61.66666666666666,9477f58d6c7466724fc7241557214cafe3ebb89db6f9ef8fb236169bd48f8fb6,observed,observed_history_forward_replay
1,2026-06-06,gingerm,2,3,11 17 29 31 36 41,,0,0,0.1414357566969393,100.0,98.87559701099961,76.66666666666666,33501d8f787f8aff129c6719b7cf557f6873e4f1eeca17729da9522b18ee2f48,observed,observed_history_forward_replay
1,2026-06-06,gingerm,2,4,16 28 33 37 39 41,,0,0,0.1414357566969393,100.0,99.8899806482658,65.0,93f9072b194ae08e599033ed0481751d548743776e784ce31b38ce6048cafc21,observed,observed_history_forward_replay
1,2026-06-06,gingerm,2,5,1 4 5 27 31 41,,0,0,0.1414357566969393,100.0,86.58257194881588,73.33333333333334,e28cf125b54bd3b85c8763e30acd2cd373f35c4044fcaa7e191ac06035c2606c,observed,observed_history_forward_replay
1,2026-06-06,gingerm,2,6,5 12 23 27 31 41,,0,0,0.1414357566969393,100.0,93.9128599215632,75.0,fc2ab3239361b5b394ae421aee4c22eead53105e1b342dc4abe7cfcfba8abea8,observed,observed_history_forward_replay
1,2026-06-06,gingerm,2,7,7 25 27 31 37 41,,0,0,0.1414357566969393,100.0,98.38576877324188,80.0,39573497a057ef8f9e9eee8388780601c9670dcd78db4e66b263f2ea690668b3,observed,observed_history_forward_replay
1,2026-06-06,gingerm,2,8,16 28 34 37 39 40,,1,0,0.1414357566969393,100.0,99.8899806482658,61.66666666666667,3cc397d7d102f9eed34e6b28452dd55aad276edfba41c7f8dc025553d97d052d,observed,observed_history_forward_replay
1,2026-06-06,gingerm,2,9,11 17 28 36 37 39,,0,0,0.1414357566969393,100.0,99.3825362296224,71.66666666666667,7cb7b7a607476251ae825f9e1e470d102a06e6763976301240a0e4cb54d75a82,observed,observed_history_forward_replay
1,2026-06-06,gingerm,2,10,8 23 27 33 41 42,,0,0,0.1414357566969393,100.0,99.43654342357374,68.33333333333333,fd4d1752fbf1adb7c35a558e95de621138b1a47f076f19417a3a6fbd819ae229,observed,observed_history_forward_replay
1,2026-06-06,gingerm,2,11,7 8 11 25 31 41,,0,0,0.1414357566969393,100.0,83.71081989242812,76.66666666666666,6c2f764518d8c40dc40c27dc0b028e145a73aeeb4480514ca44818443cccc52b,observed,observed_history_forward_replay
1,2026-06-06,gingerm,2,12,4 5 13 24 31 41,,1,0,0.1414357566969393,100.0,91.637050675318,71.66666666666667,2bec2e55f1153ba864c2db74a1ceff154129609a049f84556b05512c3f47f506,observed,observed_history_forward_replay
1,2026-06-06,spectral_contrarian,3,1,6 15 22 26 33 45,,0,0,0.032206382044774884,100.0,98.52233160238278,30.0,ad47aaefb5a14f6d6679ad4e70790313885621974b7e5453297a6ab9bec930cb,observed,observed_history_forward_replay
1,2026-06-06,spectral_contrarian,3,2,3 10 13 19 30 37,,1,0,0.032206382044774884,100.0,90.84271114098755,50.0,a5233b74566ecadf791b8f51d736426174c7ea159277ade19784cfb77a6d79e4,observed,observed_history_forward_replay
1,2026-06-06,spectral_contrarian,3,3,1 7 17 23 35 42,,0,0,0.032206382044774884,100.0,90.23314687770522,63.33333333333333,ef64e8a7423905cbca867d0eae7c7b40d72fb2f2061c8c598ce98c0b31af3aad,observed,observed_history_forward_replay
1,2026-06-06,spectral_contrarian,3,4,5 11 21 28 32 39,,2,0,0.032206382044774884,100.0,94.4884631660279,61.66666666666667,074900d30bab1707d851091cd6842ad226eaa3da4cd6ae408d35eb29ee672967,observed,observed_history_forward_replay
1,2026-06-06,spectral_contrarian,3,5,9 15 18 25 36 44,,0,0,0.032206382044774884,100.0,98.52233160238278,43.333333333333336,051f971dd2c62a7e8b9eed742dea0e927ef17c828b7f78a1a5109cc6acd4b3f7,observed,observed_history_forward_replay
1,2026-06-06,spectral_contrarian,3,6,2 6 12 22 29 41,,1,0,0.032206382044774884,100.0,87.17758924143848,51.66666666666667,c265863cbdc6d8840165f70edef75bc31ada112d1121040a64b44822b9e78dd4,observed,observed_history_forward_replay
1,2026-06-06,spectral_contrarian,3,7,10 16 26 34 38 45,,1,0,0.032206382044774884,100.0,99.59642591297072,36.66666666666667,7bddab45d62a4981fb218285da8d50e399a078c960f5417a8eab97ee133f1a75,observed,observed_history_forward_replay
1,2026-06-06,spectral_contrarian,3,8,4 14 20 24 31 43,,1,0,0.032206382044774884,100.0,93.17487918416307,56.666666666666664,3d8f1c417d3d3fe0a31e3c72dcc1826083d363a8ad00bb425811c1b0460ae4d1,observed,observed_history_forward_replay
1,2026-06-06,spectral_contrarian,3,9,1 8 11 18 28 35,,0,0,0.032206382044774884,100.0,65.92230901899431,53.333333333333336,cedfa68f9dc167bffe9a98638992c597c91cecd97265bc0e24783f578d83a79b,observed,observed_history_forward_replay
1,2026-06-06,spectral_contrarian,3,10,5 15 21 33 40 44,,1,0,0.032206382044774884,100.0,99.28089381110632,45.0,d1db0685e3bb39e8fa90027190fc77ba6fb1af0bac6aaf788d3fef99dc906420,observed,observed_history_forward_replay
1,2026-06-06,spectral_contrarian,3,11,3 9 19 26 30 37,,0,0,0.032206382044774884,100.0,92.36252752915993,45.0,701b55a88290317bb79c889a5eb05991305648cb06b9b4cf93a31329e4561b7f,observed,observed_history_forward_replay
1,2026-06-06,spectral_contrarian,3,12,7 13 16 22 34 42,,2,0,0.032206382044774884,100.0,95.94382716240575,51.66666666666667,d575a7c179710c4663bfda1958657eb93b3b6f8cab0fb1e630de7814ead5aedd,observed,observed_history_forward_replay
1,2026-06-06,parallax,6,1,34 38 40 41 44 45,,1,0,-0.2607854814590471,0.0,100.0,53.333333333333336,c88147ff5c2cdf979fd89c6e47e5d52db75413f070742aeabd581f2f1ab4b978,observed,observed_history_forward_replay
1,2026-06-06,parallax,6,2,15 32 36 37 39 43,,2,0,-0.2607854814590471,0.0,99.97926526088176,56.666666666666664,7a55c5f0bc4f6375da3555e8ce4387ebb470c261d57843ed2ae7c3403708b585,observed,observed_history_forward_replay
1,2026-06-06,parallax,6,3,6 23 29 33 35 42,,0,0,-0.2607854814590471,0.0,99.07104639950349,51.66666666666667,e2979b6662f5346c1ad45cc170860a83f1de76533ebb58b11111bf59c27efde3,observed,observed_history_forward_replay
1,2026-06-06,parallax,6,4,14 17 18 19 25 26,,0,0,-0.2607854814590471,0.0,83.6037510318684,51.66666666666667,141f48483d4d6465ce15d227ce960395a2f5d9b00fe308f110bc9ef205044338,observed,observed_history_forward_replay
1,2026-06-06,parallax,6,5,5 20 24 27 28 31,,0,0,-0.2607854814590471,0.0,81.97540884944131,68.33333333333333,9d2a57fd68f13c2a303bad4f6402cf4f84011ba7c3fb062dd33929c3eb0a267d,observed,observed_history_forward_replay
1,2026-06-06,parallax,6,6,2 4 12 16 22 30,,1,0,-0.2607854814590471,0.0,50.59859112385148,41.66666666666667,78de5e2dfaabcc55bef5b2d60612c1c7939aef5d06c3362b89752c838f0105be,observed,observed_history_forward_replay
1,2026-06-06,parallax,6,7,7 10 11 13 21 31,,2,0,-0.2607854814590471,0.0,0.0,60.0,a396a9ea90ef5b751825f94a5bf50a52f8708a2faf848e7b92d92c6251c393fd,observed,observed_history_forward_replay
1,2026-06-06,parallax,6,8,1 3 4 8 9 44,,0,0,-0.2607854814590471,0.0,51.849047727832634,50.0,03739dedcecde63f8a7d53bec2987bd16546dbe5e0ac6c61cebefa1d7fff04bb,observed,observed_history_forward_replay
1,2026-06-06,parallax,6,9,18 24 30 33 38 39,,0,0,-0.2607854814590471,0.0,99.76543267397695,51.66666666666667,7588a13dc0792cd02a5aa032fab28c6c41f417b911312d4b2a22b1a29c0e4da5,observed,observed_history_forward_replay
1,2026-06-06,parallax,6,10,22 25 31 34 37 42,,1,0,-0.2607854814590471,0.0,99.69119073853486,63.33333333333333,89ae6a78a0a2d1033494f4eea876b1e3cbe482ea463836ac58fc82aa7fda29cb,observed,observed_history_forward_replay
1,2026-06-06,parallax,6,11,14 16 27 35 43 44,,1,0,-0.2607854814590471,0.0,99.44027232543256,48.33333333333334,8386758f1c93e53346b1fb4367a8e610de9ef828560123685dfb499d6f21805b,observed,observed_history_forward_replay
1,2026-06-06,parallax,6,12,4 21 26 33 43 45,,2,0,-0.2607854814590471,0.0,99.41908236538242,40.0,8b9d525d4ad2c8f68bf637cc2bf963aed7de6114fabfb559551d5b098f5ef63d,observed,observed_history_forward_replay
1,2026-06-06,coordinated_aggregation,7,1,34 38 40 41 44 45,,1,0,-0.2607854814590471,0.0,100.0,53.333333333333336,2f7c36ab6515f8b59bb2fe65ef0b45caa2a5c30742e858990f21c6e4d901e97f,observed,observed_history_forward_replay
1,2026-06-06,coordinated_aggregation,7,2,15 32 36 37 39 43,,2,0,-0.2607854814590471,0.0,99.97926526088176,56.666666666666664,dbd6685e0316515bb915a514f0488df94430c03c9915f8f230775492ae868ce3,observed,observed_history_forward_replay
1,2026-06-06,coordinated_aggregation,7,3,6 23 29 33 35 42,,0,0,-0.2607854814590471,0.0,99.07104639950349,51.66666666666667,67001d9c261f3fbcf93f04f0abff9d2502d018c6f3a0a520224c36867a00c0e0,observed,observed_history_forward_replay
1,2026-06-06,coordinated_aggregation,7,4,14 17 18 19 25 26,,0,0,-0.2607854814590471,0.0,83.6037510318684,51.66666666666667,2c162c97b734029b1070759333fb963ead5256d7b4acbc431e9c6f7bbb89767f,observed,observed_history_forward_replay
1,2026-06-06,coordinated_aggregation,7,5,5 20 24 27 28 31,,0,0,-0.2607854814590471,0.0,81.97540884944131,68.33333333333333,b159d8f870f7dd7712120b99f6bf3c2e05e06a9d7e1018c8a1a2991ec4fc6aa1,observed,observed_history_forward_replay
1,2026-06-06,coordinated_aggregation,7,6,2 4 12 16 22 30,,1,0,-0.2607854814590471,0.0,50.59859112385148,41.66666666666667,60cfd55f10387ac24d6e5de78346ed0fe5a9fc430611d15b6a6f31737fb0d032,observed,observed_history_forward_replay
1,2026-06-06,coordinated_aggregation,7,7,7 10 11 13 21 31,,2,0,-0.2607854814590471,0.0,0.0,60.0,31e88c6e5103a80447d57c9224a4692561428ab4fc883d66fcb0c0c7324cd546,observed,observed_history_forward_replay
1,2026-06-06,coordinated_aggregation,7,8,1 3 4 8 9 44,,0,0,-0.2607854814590471,0.0,51.849047727832634,50.0,65d106f6290d0eeaa94678fc89630a8dc9dcd69fe573ff03043ba71e150b8d8f,observed,observed_history_forward_replay
1,2026-06-06,coordinated_aggregation,7,9,18 24 30 33 38 39,,0,0,-0.2607854814590471,0.0,99.76543267397695,51.66666666666667,5b02cae2289449834298d5f26083184713f04a782167c6e744201ee18b0a6e7c,observed,observed_history_forward_replay
1,2026-06-06,coordinated_aggregation,7,10,22 25 31 34 37 42,,1,0,-0.2607854814590471,0.0,99.69119073853486,63.33333333333333,65aa9666abb34972aa91f2c9c8213480ba70e01dc81ae63219bfa9ede6c15a43,observed,observed_history_forward_replay
1,2026-06-06,coordinated_aggregation,7,11,14 16 27 35 43 44,,1,0,-0.2607854814590471,0.0,99.44027232543256,48.33333333333334,84ea73a647d8c71adfe33c471a954b434dd48ad56dc5301bac4e70015bea2ff1,observed,observed_history_forward_replay
1,2026-06-06,coordinated_aggregation,7,12,4 21 26 33 43 45,,2,0,-0.2607854814590471,0.0,99.41908236538242,40.0,ce3cbb8663395e4e053a7f65f1a725e30b7b4bbaa16cd84bab7433c389b450a9,observed,observed_history_forward_replay
2,2026-06-13,uniform_random,7,1,16 22 29 33 38 42,,1,0,0.0,0.0,99.8866317903899,43.333333333333336,23ece6b6f17bf022471f4d814d4b14c972037425583f79438ece095a1a897e3b,observed,observed_history_forward_replay
2,2026-06-13,uniform_random,7,2,2 3 12 24 27 30,,0,0,0.0,0.0,87.2329750059216,58.333333333333336,d7a664c81e66a69594692c8fbdd3ba0793af11ed7a17bdb2bb064ee349481b89,observed,observed_history_forward_replay
2,2026-06-13,uniform_random,7,3,5 10 22 32 34 39,,1,0,0.0,0.0,99.73476840917603,53.333333333333336,241787c094f23f957694f324ff7a49ae9c8e0c99903ab1ad78b1cda3b17da867,observed,observed_history_forward_replay
2,2026-06-13,uniform_random,7,4,17 20 21 27 29 42,,0,0,0.0,0.0,98.32564218136686,63.33333333333333,422eafbd15b6df22fd21c559d820fd19302eb5716b03567eb432c86886a05982,observed,observed_history_forward_replay
2,2026-06-13,uniform_random,7,5,8 11 17 29 38 39,,0,0,0.0,0.0,99.30778469825229,66.66666666666666,b5ed61a0006a187adda0cb140edaf773e7de759783f9f03d45806bac06cece5f,observed,observed_history_forward_replay
2,2026-06-13,uniform_random,7,6,12 22 27 32 35 43,,2,0,0.0,0.0,99.81717194231028,50.0,2790380cf1b97c565cfa278ccefc80618a23bd619aeed5f79aaf902d3ff886e6,observed,observed_history_forward_replay
2,2026-06-13,uniform_random,7,7,9 16 17 32 39 44,,0,0,0.0,0.0,99.84968111449935,56.666666666666664,4b7ad513d832f650b86204dea1dc9b4eb6668b0c238d3c206daeb8478bcbb12b,observed,observed_history_forward_replay
2,2026-06-13,uniform_random,7,8,3 4 6 7 12 28,,2,0,0.0,0.0,0.0,53.333333333333336,fb1f1004aa8a91e427f107b46d19cdecf8a2e85e2eda9e5c417ca45592328e01,observed,observed_history_forward_replay
2,2026-06-13,uniform_random,7,9,10 11 13 18 21 40,,1,0,0.0,0.0,95.8071487149725,48.333333333333336,8dde947e6d39d1f2d15eeecdb6842f980d19fe99abc4bcba12092c089ad54ddf,observed,observed_history_forward_replay
2,2026-06-13,uniform_random,7,10,11 15 17 19 20 37,,0,0,0.0,0.0,98.1774154518534,54.99999999999999,aeccce68b815bdcdc75d9cd2cbf67507d05f6fcc3c22b186e6f1d6721b37171a,observed,observed_history_forward_replay
2,2026-06-13,uniform_random,7,11,1 3 7 22 23 28,,1,0,0.0,0.0,64.50227076817308,54.99999999999999,a4562466c8b1dce36ae445f7f597cb25fb1873a8a11a1d74bc568f66642bdd9e,observed,observed_history_forward_replay
2,2026-06-13,uniform_random,7,12,19 25 29 35 41 43,,2,0,0.0,0.0,99.90570685256775,61.66666666666667,b6e13592a150dc4dff297808cb1cc48c5aa7828da62309db682ee6f3515d8dca,observed,observed_history_forward_replay
2,2026-06-13,frequency,4,1,3 4 6 18 32 40,,3,0,0.4183010655316344,50.0,98.25025591828971,46.666666666666664,3d9f4a4393b21d260ae77229b85792205ba2fc1d429f374ed1e5106b1e71a294,observed,observed_history_forward_replay
2,2026-06-13,frequency,4,2,5 7 13 25 29 36,,0,0,0.4183010655316344,50.0,95.93203949136289,66.66666666666666,d4671f37996f6a238dc9ff3baf168fd80b0ff12e124731f2d40fd03950f2eca8,observed,observed_history_forward_replay
2,2026-06-13,frequency,4,3,4 21 24 30 36 37,,1,0,0.4183010655316344,50.0,99.3625017601745,60.0,45bbe1b02562e2eb54cdc0062d937b8dec19195215bbe1b39cbf0e42620e20ec,observed,observed_history_forward_replay
2,2026-06-13,frequency,4,4,1 5 13 25 38 42,,0,0,0.4183010655316344,50.0,98.63546625331912,60.0,0a19d074a92c0ae8f54ebb66573da6722dd77dec0b4129c0331ded561c6ce3ea,observed,observed_history_forward_replay
2,2026-06-13,frequency,4,5,4 13 26 31 37 40,,1,0,0.4183010655316344,50.0,99.56905693860227,61.66666666666666,b02fd9757249f15c22add902a6f663336e66b642dadf17576a8daabbb9d3ee3d,observed,observed_history_forward_replay
2,2026-06-13,frequency,4,6,7 10 15 18 38 41,,2,0,0.4183010655316344,50.0,98.73490066412562,45.0,f773572e765a3ea2e9f5fc62c36cd3cc214937a6a7a53a2bfd31c61f925436a5,observed,observed_history_forward_replay
2,2026-06-13,frequency,4,7,1 2 14 17 25 29,,0,0,0.4183010655316344,50.0,84.08884874860149,61.66666666666667,dce28d5a6dfff6330f1bb8e33abdea98e81471383fd21a89a21d0a37407826c3,observed,observed_history_forward_replay
2,2026-06-13,frequency,4,8,2 11 17 20 24 36,,0,0,0.4183010655316344,50.0,97.07560410315335,63.33333333333333,760e36ed7700f5ba4d9b49f60869464f16702e034474320f88adff71a52f8da2,observed,observed_history_forward_replay
2,2026-06-13,frequency,4,9,1 4 7 19 24 39,,1,0,0.4183010655316344,50.0,92.17602230851942,66.66666666666666,9ebcc3a574ae37fd53a08761c291fb83918cfd4cac3e648b797fbb8a0335a80a,observed,observed_history_forward_replay
2,2026-06-13,frequency,4,10,1 17 24 25 27 44,,0,0,0.4183010655316344,50.0,98.63275422232932,68.33333333333333,09956d087d85e1b5358e4acce49dd696b8b06ab591a7d4f10d779722f7d99bc4,observed,observed_history_forward_replay
2,2026-06-13,frequency,4,11,8 9 17 21 22 44,,1,0,0.4183010655316344,50.0,96.28483967456792,50.0,854caac47f1f9a2278279442a5ee5323820cc404268bf41300e5984e4fa034d2,observed,observed_history_forward_replay
2,2026-06-13,frequency,4,12,7 11 12 15 32 33,,0,0,0.4183010655316344,50.0,97.63830201187452,50.0,c8fa0266abb17aeb75813df5599f63cc820b4078861661e30b6bea85b2962562,observed,observed_history_forward_replay
2,2026-06-13,unpopularity,1,1,34 36 37 41 43 45,,1,0,0.7966850968781691,100.0,99.99976202562775,63.33333333333333,c7541440b9d926660f5f17bb9567bcf0dcb8d2eb360207bedf32bcc87c645d60,observed,observed_history_forward_replay
2,2026-06-13,unpopularity,1,2,32 36 37 39 43 44,,0,0,0.7966850968781691,100.0,99.99961514225183,65.0,feccc279e624f653105783f6c0832786a966446b1138a2e2e45db96271750dd4,observed,observed_history_forward_replay
2,2026-06-13,unpopularity,1,3,32 33 37 41 43 45,,1,0,0.7966850968781691,100.0,99.99961514225183,56.666666666666664,238815572055645ea843f6e8beb7cf9639281ea9016a677cc07c96c11867e5c0,observed,observed_history_forward_replay
2,2026-06-13,unpopularity,1,4,33 34 37 39 43 44,,0,0,0.7966850968781691,100.0,99.99958440997389,61.66666666666667,d57bf3d92b74fe119c0f487003b079f8b718db14d5f6ea31b6d9cb84396b6211,observed,observed_history_forward_replay
2,2026-06-13,unpopularity,1,5,32 33 37 40 43 44,,0,0,0.7966850968781691,100.0,99.99955320969171,53.333333333333336,e7eab46e9441e492a39379ea5653824e6c6db3a1696f6cbf2db5a02b9d607b19,observed,observed_history_forward_replay
2,2026-06-13,unpopularity,1,6,33 36 37 38 41 43,,1,0,0.7966850968781691,100.0,99.99952153427833,60.0,fd12d9359fb95108e53cdabaee0fd9e4325205baf3f708af8064df039b047c85,observed,observed_history_forward_replay
2,2026-06-13,unpopularity,1,7,33 34 37 38 41 45,,1,0,0.7966850968781691,100.0,99.99952153427833,56.666666666666664,08bb1738037d2aa38c2d5c35734467dc60e630386d5c5d81eab4d66ff364d031,observed,observed_history_forward_replay
2,2026-06-13,unpopularity,1,8,33 34 36 37 43 44,,0,0,0.7966850968781691,100.0,99.99948937649826,58.333333333333336,7057d818f506dc704380bf7fca951f55eb27c76f635ae8d23bc57716a1d47871,observed,observed_history_forward_replay
2,2026-06-13,unpopularity,1,9,33 34 37 38 40 44,,0,0,0.7966850968781691,100.0,99.9994567290058,53.333333333333336,017d015cb85d1c245ff45c2093e6a5747968b3c28dc1bfff167216dc9d490e40,observed,observed_history_forward_replay
2,2026-06-13,unpopularity,1,10,32 34 36 38 40 44,,0,0,0.7966850968781691,100.0,99.99938993493994,56.666666666666664,f292eecbb502972640ff641ad272fecb870604958a3fa55ede45528a17b10e26,observed,observed_history_forward_replay
2,2026-06-13,unpopularity,1,11,34 36 39 40 41 43,,1,0,0.7966850968781691,100.0,99.99908783144996,70.0,bef6de3dfd5d6e5b0bd29e75c461c0c7bcdb176d0ab672893ca08a7d6e87f45e,observed,observed_history_forward_replay
2,2026-06-13,unpopularity,1,12,35 37 40 41 43 45,,2,0,0.7966850968781691,100.0,99.99903071322504,54.99999999999999,0f22a7d3c2f4c017790eb14455223fd46c80a10a9ee8c7c08a24b888ffd935a2,observed,observed_history_forward_replay
2,2026-06-13,gingerm,2,1,13 21 25 32 34 41,,1,0,0.6473134494151545,100.0,99.8595325850934,70.0,c2e245c74ce67e78f8fbc04b04ffabdc444e262250bcb01d10830d4c735f1243,observed,observed_history_forward_replay
2,2026-06-13,gingerm,2,2,5 12 17 19 31 41,,1,0,0.6473134494151545,100.0,97.66913081287215,73.33333333333334,807817992589b1d2414e12a1bf92538ed578a3141a41a6d82b14aa21947a5589,observed,observed_history_forward_replay
2,2026-06-13,gingerm,2,3,27 31 33 38 39 42,,0,0,0.6473134494151545,100.0,99.973526076763,68.33333333333333,268247b97f72078b188441cc9ca2d6766148f871919d63a2516548f18b1d2604,observed,observed_history_forward_replay
2,2026-06-13,gingerm,2,4,27 31 33 41 42 45,,1,0,0.6473134494151545,100.0,99.97710066607048,66.66666666666666,a62aba93bd1497a5af7b0c5bdbf8f26a1d0c627833d59a8eb6a2741cfbb71d74,observed,observed_history_forward_replay
2,2026-06-13,gingerm,2,5,13 20 21 25 31 34,,0,0,0.6473134494151545,100.0,98.66212412542933,68.33333333333333,329f849aafdb004b172d696e42f3cc37da5c563fa7fd3a4adc05e5690751b988,observed,observed_history_forward_replay
2,2026-06-13,gingerm,2,6,27 31 34 35 37 39,,1,0,0.6473134494151545,100.0,99.97038947341747,75.0,56ed37dfbcde677e1850c92fcebda2e1a4783c0ece37ceb30d6ffaf756e73908,observed,observed_history_forward_replay
2,2026-06-13,gingerm,2,7,2 7 8 30 31 41,,1,0,0.6473134494151545,100.0,94.63843296515248,71.66666666666667,846ea37c4021b2f88744384f23d1251533b13fb93f973eced4632c56aa87fa02,observed,observed_history_forward_replay
2,2026-06-13,gingerm,2,8,8 13 25 31 37 41,,1,0,0.6473134494151545,100.0,99.5944333558857,78.33333333333333,d760f8e3f4b683acef5c5d9052e96aeb3d889ef1801457d1579447b6b2974517,observed,observed_history_forward_replay
2,2026-06-13,gingerm,2,9,1 17 23 26 27 31,,0,0,0.6473134494151545,100.0,95.66984302804539,70.0,aa3f0900262e358a7d0297ec4a58acf9a04f0cc4331b111ef71f24ba7f46c58a,observed,observed_history_forward_replay
2,2026-06-13,gingerm,2,10,13 19 20 31 41 43,,1,0,0.6473134494151545,100.0,99.75902006332143,68.33333333333333,e38f57e5034eadfd7496dd5e7c90aa71cfe86cbba7522be504da2283c1632880,observed,observed_history_forward_replay
2,2026-06-13,gingerm,2,11,7 17 31 32 39 41,,1,0,0.6473134494151545,100.0,99.80567644124103,81.66666666666667,b64037815446a0423df21584bae51163b3dc039e3f52a73f53eb20f464ee6145,observed,observed_history_forward_replay
2,2026-06-13,gingerm,2,12,3 12 25 27 31 41,,1,0,0.6473134494151545,100.0,98.11394907898936,73.33333333333334,b52a2eccfadbc9cbad002894ed2cdf5a46310dd2e5f3ac5cee31d1edd451e368,observed,observed_history_forward_replay
2,2026-06-13,spectral_contrarian,3,1,6 15 22 26 33 45,,2,0,0.5405628796643192,100.0,99.54209908036698,30.0,acfa5f58b03e55e5ad7c753ff1b4723e4298f6574f7f1e2c59ee9173da904d01,observed,observed_history_forward_replay
2,2026-06-13,spectral_contrarian,3,2,3 10 13 19 30 37,,0,0,0.5405628796643192,100.0,97.16272662036064,51.66666666666667,347bc7a0d877bfb2c07982a65d58b1e3ed540a20cd2538f2718643d207c5cc0d,observed,observed_history_forward_replay
2,2026-06-13,spectral_contrarian,3,3,1 7 17 23 35 42,,1,0,0.5405628796643192,100.0,96.9738656697513,63.33333333333333,b596bad324b4aa51d9396c5eb148bb46371881ff9ac5e8fb8e286e3365987f71,observed,observed_history_forward_replay
2,2026-06-13,spectral_contrarian,3,4,5 11 21 27 32 39,,0,0,0.5405628796643192,100.0,98.84471592079501,68.33333333333333,05ac725c8a51b5590197e288ad0ba674f6d5032f538e6c330117a2f44ea4e93d,observed,observed_history_forward_replay
2,2026-06-13,spectral_contrarian,3,5,9 15 18 25 36 44,,1,0,0.5405628796643192,100.0,99.54209908036698,43.333333333333336,371f6d3f03c4a26df38ea17ed02908a6bf38c429c944262e12ca4b1cf27ec576,observed,observed_history_forward_replay
2,2026-06-13,spectral_contrarian,3,6,2 6 12 22 29 41,,3,0,0.5405628796643192,100.0,96.02716397710356,53.333333333333336,fe4184a28182da068825d4bf0ace86c36b4494681782dcf0b4f160f263bb6360,observed,observed_history_forward_replay
2,2026-06-13,spectral_contrarian,3,7,10 16 26 33 38 45,,0,0,0.5405628796643192,100.0,99.8729549382011,33.33333333333333,9cdb9906684634eb9d435a620dcb0be23f7f52dbbe54c0c62003e0cca2a0fbe4,observed,observed_history_forward_replay
2,2026-06-13,spectral_contrarian,3,8,4 14 20 24 30 43,,1,0,0.5405628796643192,100.0,97.85307251418786,48.333333333333336,873116490351a84973213a9d70a699ffba689fff6da6aa4a962b82f03735cd9b,observed,observed_history_forward_replay
2,2026-06-13,spectral_contrarian,3,9,1 8 11 18 28 35,,2,0,0.5405628796643192,100.0,89.441652538715,53.333333333333336,edb74c29a2be8bb05e8b490c14327d2197ab276983717fffec84e713914840b0,observed,observed_history_forward_replay
2,2026-06-13,spectral_contrarian,3,10,6 15 21 33 40 44,,1,0,0.5405628796643192,100.0,99.78049161878903,43.333333333333336,14274f2b33b65b3656bfd34b3ba1f87a5962a28c07e9ccee2a501acc845cf85a,observed,observed_history_forward_replay
2,2026-06-13,spectral_contrarian,3,11,3 9 19 26 30 37,,0,0,0.5405628796643192,100.0,97.63361047151736,45.0,abc25965728c8759e0c360a1e15bd3263957540bb71d553182eb734aae90a0dd,observed,observed_history_forward_replay
2,2026-06-13,spectral_contrarian,3,12,7 13 16 22 34 42,,1,0,0.5405628796643192,100.0,98.74320250945875,54.99999999999999,6b4b215e1ce65b262b5f6785951ea994e17b7a3544705cdffda71af064fc5673,observed,observed_history_forward_replay
2,2026-06-13,parallax,5,1,34 38 41 43 44 45,,1,0,0.2773511746931301,50.0,100.0,54.99999999999999,1e8bfcf9311899a9f439737a872a3fce31de722b8c334a3c1e469a699aae23fa,observed,observed_history_forward_replay
2,2026-06-13,parallax,5,2,18 32 33 36 37 39,,1,0,0.2773511746931301,50.0,99.9925923887035,60.0,2894d3270dafeac5b125196402066daefe7ed25ed6cd6ee1f32e26b52d9472ff,observed,observed_history_forward_replay
2,2026-06-13,parallax,5,3,25 28 29 31 40 42,,0,0,0.2773511746931301,50.0,99.64410417777742,66.66666666666666,8df7c4a5e1d2e5ca285257d2dbe51aac7b46374854b537812df2f4a9996bd41b,observed,observed_history_forward_replay
2,2026-06-13,parallax,5,4,1 16 23 26 30 35,,1,0,0.2773511746931301,50.0,97.71917568142419,46.666666666666664,03b06a1d037ab5e6876e672dd3c49b576664a818c5e4eadd841c977aa52fe34e,observed,observed_history_forward_replay
2,2026-06-13,parallax,5,5,11 13 15 17 20 22,,1,0,0.2773511746931301,50.0,93.48701168636981,48.333333333333336,a691381b7ff3588bf0aa399516cfb164c6762c2fe2ff1b4661798f3fa05efc31,observed,observed_history_forward_replay
2,2026-06-13,parallax,5,6,2 4 6 9 10 24,,2,0,0.2773511746931301,50.0,52.06766073083378,43.333333333333336,d325fbcaa4296b267a6ccdf36bccd59fe0c835aaa3da774772de776a762e0d68,observed,observed_history_forward_replay
2,2026-06-13,parallax,5,7,3 8 14 21 40 45,,0,0,0.2773511746931301,50.0,98.15810982509325,50.0,36dbd045b94fef67534fd3764d9c1791b0b8d6952665d2e5402d865d6d49f522,observed,observed_history_forward_replay
2,2026-06-13,parallax,5,8,5 7 12 18 27 31,,1,0,0.2773511746931301,50.0,81.41892609249678,65.0,b65d81c1a31d4038b56598ab50442f3026c39ed03089290e10b1dbdb2b113ecf,observed,observed_history_forward_replay
2,2026-06-13,parallax,5,9,19 22 34 35 37 40,,2,0,0.2773511746931301,50.0,99.96184234915523,51.66666666666667,fd7b01f61713c4e4ae61ae389b43bea72f03169fe67627fc6c2f39dc3531c1af,observed,observed_history_forward_replay
2,2026-06-13,parallax,5,10,15 27 33 35 38 42,,1,0,0.2773511746931301,50.0,99.94459270701313,46.66666666666667,201abd63e7c6fef9b9332fd241f4b9f73b3fd6e4dc17d2996aa2383fed88bf21,observed,observed_history_forward_replay
2,2026-06-13,parallax,5,11,13 19 30 39 42 44,,0,0,0.2773511746931301,50.0,99.89817694219819,61.66666666666667,9657ca9c8d89f05c3e3b473cdd41edfc5675543cd686e94d8a5ebb6e3f1f0cff,observed,observed_history_forward_replay
2,2026-06-13,parallax,5,12,5 17 26 39 40 43,,0,0,0.2773511746931301,50.0,99.87678633429485,60.0,bdf076db6c2e6533ad62f9ccb179c7ccf0024cb045fa2841083e4bff4adddc58,observed,observed_history_forward_replay
2,2026-06-13,coordinated_aggregation,6,1,34 38 41 43 44 45,,1,0,0.2773511746931301,50.0,100.0,54.99999999999999,69c0edd61e9d4e4f49ae994c4900d27da6afb4e39e0f0b457efd9585a8c763b1,observed,observed_history_forward_replay
2,2026-06-13,coordinated_aggregation,6,2,18 32 33 36 37 39,,1,0,0.2773511746931301,50.0,99.9925923887035,60.0,cf51842de43fa5f5d7351dbb454a00da3cfbf8c43856273d745a5bb6dce42c09,observed,observed_history_forward_replay
2,2026-06-13,coordinated_aggregation,6,3,25 28 29 31 40 42,,0,0,0.2773511746931301,50.0,99.64410417777742,66.66666666666666,1603645879d64d5f7550eb3137304ec4684af165b1082f0c68d35d8f38a0ff33,observed,observed_history_forward_replay
2,2026-06-13,coordinated_aggregation,6,4,1 16 23 26 30 35,,1,0,0.2773511746931301,50.0,97.71917568142419,46.666666666666664,748e23c814f261df4baa4bc0b02ce33c1e3263a7e201b7dad7419d4400b8252a,observed,observed_history_forward_replay
2,2026-06-13,coordinated_aggregation,6,5,11 13 15 17 20 22,,1,0,0.2773511746931301,50.0,93.48701168636981,48.333333333333336,250b8ed1f5505a37b021b89bfa9aa7f2e82de8adfdeb4cc52c4429ca716cbad4,observed,observed_history_forward_replay
2,2026-06-13,coordinated_aggregation,6,6,2 4 6 9 10 24,,2,0,0.2773511746931301,50.0,52.06766073083378,43.333333333333336,e3967b5982a47b6a973b59d8df8e01b5c60b415ac244d651d70d443411e2c12b,observed,observed_history_forward_replay
2,2026-06-13,coordinated_aggregation,6,7,3 8 14 21 40 45,,0,0,0.2773511746931301,50.0,98.15810982509325,50.0,56ba494ca79e421eea5554254ed4d6eee7a3a8f5bca9bed132fe81caa6482403,observed,observed_history_forward_replay
2,2026-06-13,coordinated_aggregation,6,8,5 7 12 18 27 31,,1,0,0.2773511746931301,50.0,81.41892609249678,65.0,b5e1c025b4ec9c90c0b4e618ff9f8eb344abb306fa2e2bad13847fef44bd1ca8,observed,observed_history_forward_replay
2,2026-06-13,coordinated_aggregation,6,9,19 22 34 35 37 40,,2,0,0.2773511746931301,50.0,99.96184234915523,51.66666666666667,a08730f7c008bdffa7dfac3d435183d630906030c0aa394221307b330899cc6b,observed,observed_history_forward_replay
2,2026-06-13,coordinated_aggregation,6,10,15 27 33 35 38 42,,1,0,0.2773511746931301,50.0,99.94459270701313,46.66666666666667,aafee8461e3291ca7b8a79629137510d0745af5031850447f1a77a35439d1e8a,observed,observed_history_forward_replay
2,2026-06-13,coordinated_aggregation,6,11,13 19 30 39 42 44,,0,0,0.2773511746931301,50.0,99.89817694219819,61.66666666666667,6915bfb45ad2cd8b5f9bb5e5b9e7f8d320078264d27e739a8e88977edd595704,observed,observed_history_forward_replay
2,2026-06-13,coordinated_aggregation,6,12,5 17 26 39 40 43,,0,0,0.2773511746931301,50.0,99.87678633429485,60.0,7ea50c9da1ba82d77ce628eaa30a7bd2a3a31e7b8fa83e2274522945f93290b4,observed,observed_history_forward_replay
3,2026-06-20,uniform_random,7,1,7 12 34 35 36 38,,1,0,0.0,0.0,99.32163334647821,58.333333333333336,69a4ebfbf01d138c66a1f063feaf68ce4e72b2960e5721438d8ab6a78ffbbea2,observed,observed_history_forward_replay
3,2026-06-20,uniform_random,7,2,12 19 20 21 35 41,,0,0,0.0,0.0,95.92054838356084,60.0,6a2a716f3a59ed185fca1ca10b09e43b70bb765fc78c994fbc364cbf52fb4264,observed,observed_history_forward_replay
3,2026-06-20,uniform_random,7,3,6 14 20 22 27 34,,0,0,0.0,0.0,89.67254429375446,51.66666666666667,0ced19c2a34b5285a1b3efbaac7a0a7f72e8d6abe8d615393d8f99f9419c785a,observed,observed_history_forward_replay
3,2026-06-20,uniform_random,7,4,5 19 34 39 43 45,,2,0,0.0,0.0,99.85288646928853,60.0,4efe4597dbd979bb3a3f48329e1c9a418d86870d415dc71c425e2958b01cb200,observed,observed_history_forward_replay
3,2026-06-20,uniform_random,7,5,17 19 22 32 34 35,,0,0,0.0,0.0,99.37273873110325,58.333333333333336,cff8c5fe8b686e878dac4f9288742842bc8167e1adb3afdc6f62c3cc43a79189,observed,observed_history_forward_replay
3,2026-06-20,uniform_random,7,6,3 5 11 22 42 45,,0,0,0.0,0.0,92.7832723490036,48.333333333333336,d30d97bfaa63955aa267e9fea3a96d1f01c3ba09f660af24b4eb02b37a02f8a3,observed,observed_history_forward_replay
3,2026-06-20,uniform_random,7,7,8 16 17 30 40 41,,0,0,0.0,0.0,98.29702636353545,63.33333333333333,4b523c595b3be3ace88443ead6f5e1b2dbe9a5b1e1ee7f5becede589bab69d6d,observed,observed_history_forward_replay
3,2026-06-20,uniform_random,7,8,6 9 10 16 27 31,,0,0,0.0,0.0,49.54807507404493,51.66666666666667,d359d9130ee2001dbca62e4e3d262532b0cd54e04c7318a4eefe2746cf8d734f,observed,observed_history_forward_replay
3,2026-06-20,uniform_random,7,9,7 11 27 28 39 40,,1,0,0.0,0.0,94.62175675273214,68.33333333333333,a0edbbb69d2f8a5ef3cd7f936a0029f3195df8ebe5ea0e9c6ce8ce19382ad352,observed,observed_history_forward_replay
3,2026-06-20,uniform_random,7,10,1 3 6 11 24 31,,0,0,0.0,0.0,0.0,65.0,b47caa84007fa15091461824514c8973cf34c1576f80dee632cdfc1e99cf3e90,observed,observed_history_forward_replay
3,2026-06-20,uniform_random,7,11,3 4 5 19 23 27,,1,0,0.0,0.0,33.77242939317202,63.33333333333333,bf8a6dd6a0b6e39ece724ddb1af7b452897c73ce1f422f502b75b3608bae7455,observed,observed_history_forward_replay
3,2026-06-20,uniform_random,7,12,3 9 18 23 30 41,,1,0,0.0,0.0,90.50614635061049,53.333333333333336,303559cbab23a6f30fe4002bdb4dc3aa4e943ab0a330073b12c2f330abb01754,observed,observed_history_forward_replay
3,2026-06-20,frequency,2,1,12 13 25 34 37 38,,2,0,0.24918476630610975,66.66666666666666,99.41498642166239,61.66666666666666,eaff01a5e7f21b97ef57fbf25f51da718339264ef0ffe265f3a32015ad066377,observed,observed_history_forward_replay
3,2026-06-20,frequency,2,2,4 6 17 22 31 39,,1,0,0.24918476630610975,66.66666666666666,89.76040290873424,68.33333333333333,d7601fa429646f885a9710577341b3c8dcce5dcd7e3c17574d130508da758065,observed,observed_history_forward_replay
3,2026-06-20,frequency,2,3,5 10 21 31 39 44,,1,0,0.24918476630610975,66.66666666666666,96.30648941685726,63.33333333333333,6c94c3976851c3e05fe466341cefec5a797ebe0e90e7bdfa74d1515267a68241,observed,observed_history_forward_replay
3,2026-06-20,frequency,2,4,26 32 34 35 36 45,,1,0,0.24918476630610975,66.66666666666666,99.9617525138895,51.66666666666666,89445f1139f6a5a54416d0b5dc6c45b56acb2c8a030acdfe778779d46ada5dd8,observed,observed_history_forward_replay
3,2026-06-20,frequency,2,5,5 13 25 31 36 41,,2,0,0.24918476630610975,66.66666666666666,98.27099446923155,78.33333333333333,141fd0babbd3ef43bfa8e40fcfd1f9c125e2c6b6dcf39038c9ae39c8fbb40bed,observed,observed_history_forward_replay
3,2026-06-20,frequency,2,6,18 25 28 39 42 45,,2,0,0.24918476630610975,66.66666666666666,99.47119721900627,58.333333333333336,991c98b5ae7954d2096beee63f938abd75b5145f1eb6808a3c9f8616e99b7dd3,observed,observed_history_forward_replay
3,2026-06-20,frequency,2,7,6 11 25 31 33 36,,2,0,0.24918476630610975,66.66666666666666,97.22279225933782,65.0,dbf59bdec945350a48a69ed27876430c8b8e66250b7403bee45bb27f576bfefe,observed,observed_history_forward_replay
3,2026-06-20,frequency,2,8,1 4 19 29 39 42,,1,0,0.24918476630610975,66.66666666666666,95.29431729682976,65.0,6d7bb97ab8e0da44f942147d0062ccce8fd56b844ef3173d21a779e0aeb1a59c,observed,observed_history_forward_replay
3,2026-06-20,frequency,2,9,3 21 26 32 36 37,,2,0,0.24918476630610975,66.66666666666666,99.06396279755768,56.666666666666664,312993b2a78c284a52611d9cafd50e41466b9715562ceef74da61ee7351a8d45,observed,observed_history_forward_replay
3,2026-06-20,frequency,2,10,3 17 27 33 43 44,,1,0,0.24918476630610975,66.66666666666666,99.48234601183444,58.333333333333336,09b829e6c9214d4b006298c46d2e501374e4ef5de97f565e6b9403a6dc527ee8,observed,observed_history_forward_replay
3,2026-06-20,frequency,2,11,1 3 7 9 28 40,,0,0,0.24918476630610975,66.66666666666666,27.81729797717083,51.66666666666667,d28ee65b2e9f412d3b8e225d2bd67659148612e0dd21375870635f916a38965d,observed,observed_history_forward_replay
3,2026-06-20,frequency,2,12,1 6 12 24 28 37,,1,0,0.24918476630610975,66.66666666666666,74.59805629177758,60.0,ea2202333845faac28aad0d7b8370e3940393d90e4940caaa41ad989747ae461,observed,observed_history_forward_replay
3,2026-06-20,unpopularity,1,1,33 36 37 41 43 45,,3,0,0.5049076988374313,100.0,99.99883265980141,60.0,ce9daad652f7103d17dd7c1ca0ba0c4ef626165efd07cf20b1bd9d721f6aa505,observed,observed_history_forward_replay
3,2026-06-20,unpopularity,1,2,32 36 37 40 44 45,,2,0,0.5049076988374313,100.0,99.99871659742035,54.99999999999999,759f4b83fef519083700152ea47f7751a379eda996c352996330d2a5f54fa21a,observed,observed_history_forward_replay
3,2026-06-20,unpopularity,1,3,33 34 38 39 43 45,,2,0,0.5049076988374313,100.0,99.99847914340052,53.333333333333336,06c7ce714291c939436404f52d088b547351c54993adc1c322c5be8e6ebda786,observed,observed_history_forward_replay
3,2026-06-20,unpopularity,1,4,32 37 38 40 41 43,,2,0,0.5049076988374313,100.0,99.99835769752097,61.66666666666667,986efd962be45e72a895d7881c130ca170b6fe9a0d146b69fa65ba83a8319e2e,observed,observed_history_forward_replay
3,2026-06-20,unpopularity,1,5,32 33 37 40 43 44,,2,0,0.5049076988374313,100.0,99.99810922930908,53.333333333333336,43ec2a3fc86c8dce179f41d4d1ae136094223e068c7298605400b4b1ca714ad5,observed,observed_history_forward_replay
3,2026-06-20,unpopularity,1,6,32 34 36 39 43 44,,3,0,0.5049076988374313,100.0,99.99798215022003,65.0,d5643eb6a853556d6243823aebe205d75710cd212316cddd99b4bc686d1f687c,observed,observed_history_forward_replay
3,2026-06-20,unpopularity,1,7,32 34 36 39 41 45,,2,0,0.5049076988374313,100.0,99.99785313591642,70.0,e5bf58d39bae9b37ad2438c2717d264d39b44329521b74750fe7a49af8df257f,observed,observed_history_forward_replay
3,2026-06-20,unpopularity,1,8,36 39 40 41 43 45,,3,0,0.5049076988374313,100.0,99.99780628476724,65.0,eaa05cc120f9a1a25a0f9c72c581f8589b3a49896b30ba9a39b050d83ad1a1ec,observed,observed_history_forward_replay
3,2026-06-20,unpopularity,1,9,36 37 38 39 43 44,,4,0,0.5049076988374313,100.0,99.99684123738439,61.66666666666667,8ca50d2155278c0f9fa4d3dfc48060bd166877d7e6870ea00cb81268f37b0948,observed,observed_history_forward_replay
3,2026-06-20,unpopularity,1,10,32 33 34 38 39 43,,2,0,0.5049076988374313,100.0,99.99674772134158,58.333333333333336,55765395ddda5b782d6850afa98e57994f473a179304b2b4b9a0a0a0afb6552f,observed,observed_history_forward_replay
3,2026-06-20,unpopularity,1,11,34 39 41 42 44 45,,1,0,0.5049076988374313,100.0,99.99662552681463,66.66666666666666,91fee74426de10f70e6eb9bf1b912c746188f071a5c9718799748e1f6562787a,observed,observed_history_forward_replay
3,2026-06-20,unpopularity,1,12,32 36 37 39 40 41,,3,0,0.5049076988374313,100.0,99.9949297114892,73.33333333333334,42f819d08e6ef358260b83d436c37c5463024c690a1af4fb9dcc9fcab44c9ae4,observed,observed_history_forward_replay
3,2026-06-20,gingerm,6,1,6 24 27 31 37 41,,1,0,0.1748699660515829,100.0,98.62302160024615,78.33333333333333,2022b4a900dd08b99ab0d963cf7f6ff6ad68a8a12be82d7bc488324e954f089b,observed,observed_history_forward_replay
3,2026-06-20,gingerm,6,2,13 23 27 31 36 41,,2,0,0.1748699660515829,100.0,99.09021020810755,81.66666666666667,2277ea152ec2db35b284115c3d3a72a138ef2926df6de2237c27968850383fae,observed,observed_history_forward_replay
3,2026-06-20,gingerm,6,3,3 4 11 21 25 31,,1,0,0.1748699660515829,100.0,19.602088113351968,66.66666666666666,24d3eeb5e735f2939bfe1779305053e084dd648ba45b13e2e56bdc35d53a66cd,observed,observed_history_forward_replay
3,2026-06-20,gingerm,6,4,11 28 29 31 39 41,,1,0,0.1748699660515829,100.0,98.30147040998006,78.33333333333333,b5f3293a2a33dbdc19edd6eba507f267a0be9c72a02c8570fb7e46fc75161979,observed,observed_history_forward_replay
3,2026-06-20,gingerm,6,5,17 19 27 31 32 39,,1,0,0.1748699660515829,100.0,99.00323981157581,78.33333333333333,e0057f4f668c433ab9d7f3cee4af51b80c5208398bc795510978ee1b8289c269,observed,observed_history_forward_replay
3,2026-06-20,gingerm,6,6,20 31 36 37 39 41,,3,0,0.1748699660515829,100.0,99.92414268769666,78.33333333333333,434134def3889bb6cd9939b8ad9f1c6f65732c16b5955ead6d804ca33c58a4db,observed,observed_history_forward_replay
3,2026-06-20,gingerm,6,7,1 11 20 29 36 39,,2,0,0.1748699660515829,100.0,96.95856547638431,63.33333333333333,39bec6c30a788f981c6e5ec0428e71a2701dc09c9e6a08aec2307801733f6c82,observed,observed_history_forward_replay
3,2026-06-20,gingerm,6,8,13 23 27 31 35 39,,2,0,0.1748699660515829,100.0,98.56833896069361,76.66666666666666,785eff55d057012cd0afeb94edb4681d88e81b42c98fd2c9cae0bc8615bd63e7,observed,observed_history_forward_replay
3,2026-06-20,gingerm,6,9,3 8 23 27 31 42,,1,0,0.1748699660515829,100.0,87.75489842857262,71.66666666666667,29a3b54b126857ef4bbf5d3c5b61418a03d49497a7cc11f37026241874581444,observed,observed_history_forward_replay
3,2026-06-20,gingerm,6,10,5 8 12 25 31 39,,2,0,0.1748699660515829,100.0,85.87714951122763,73.33333333333334,5e6d644251ef84b97da8540d5375e740a77bb48d1df7971ebdd2d6383826447e,observed,observed_history_forward_replay
3,2026-06-20,gingerm,6,11,8 18 21 24 25 31,,1,0,0.1748699660515829,100.0,74.71446788536159,68.33333333333333,179eeb3978d78e04544a8d6b1f1986d8d8f0d6b8e9a6b9ba248b615f3aa38416,observed,observed_history_forward_replay
3,2026-06-20,gingerm,6,12,1 2 11 27 29 36,,1,0,0.1748699660515829,100.0,82.54768744758583,65.0,5a8ed6dd8814bb827ea921a9a835e8b562e54da62157a7abaece8d466b0abf49,observed,observed_history_forward_replay
3,2026-06-20,spectral_contrarian,3,1,6 15 22 26 33 45,,0,0,0.24642190459787106,100.0,98.1628418138313,33.33333333333333,0d245b67be83f5a112d6e9f95ba3e55c1b48f93f097e42589e4cd471595a3208,observed,observed_history_forward_replay
3,2026-06-20,spectral_contrarian,3,2,3 10 14 19 30 37,,1,0,0.24642190459787106,100.0,83.17853570612634,46.666666666666664,a85d861d728d0b5d0d55d97231ddedc033c182f50c80c156889d1735e842011b,observed,observed_history_forward_replay
3,2026-06-20,spectral_contrarian,3,3,1 8 17 23 35 42,,1,0,0.24642190459787106,100.0,92.02982671606803,65.0,88b7fb3f87722da555a154a84ecf47cac2da568f413bcd710b353160cdc54ae8,observed,observed_history_forward_replay
3,2026-06-20,spectral_contrarian,3,4,5 11 21 27 32 39,,1,0,0.24642190459787106,100.0,95.36499934871966,68.33333333333333,31a6c0829c127ddc2f16918fc445945f7116040eed7317e1908b785dde2b2661,observed,observed_history_forward_replay
3,2026-06-20,spectral_contrarian,3,5,9 15 18 25 36 44,,2,0,0.24642190459787106,100.0,98.1628418138313,45.0,b654c7336590f654bf208425a8d6c74c70eb3b0e593bff936fc1ed011ff18dec,observed,observed_history_forward_replay
3,2026-06-20,spectral_contrarian,3,6,2 6 12 22 29 41,,0,0,0.24642190459787106,100.0,84.06121839628587,58.333333333333336,a8a9f7fe9b92b99c46ffb52bbae8ad63190f0c2f71e25c4ae605867ca3f2b021,observed,observed_history_forward_replay
3,2026-06-20,spectral_contrarian,3,7,10 16 26 33 38 45,,0,0,0.24642190459787106,100.0,99.49020763299929,33.33333333333333,cc73bfaa4dc63b1d03672c6af6215064085ede14988f6d3ae06ab1399dd16269,observed,observed_history_forward_replay
3,2026-06-20,spectral_contrarian,3,8,4 14 20 24 30 43,,1,0,0.24642190459787106,100.0,91.38660957091612,50.0,e5d79ef866443891af80d763acaf00e033be647ba9c714b43f518f14cf2a0e52,observed,observed_history_forward_replay
3,2026-06-20,spectral_contrarian,3,9,1 8 11 18 28 35,,0,0,0.24642190459787106,100.0,57.640701491187976,56.666666666666664,962a89b1f9d57d8475e447394bdc1322f171fcedbe2bea8ea9bd53d6a5fb06c3,observed,observed_history_forward_replay
3,2026-06-20,spectral_contrarian,3,10,6 15 21 33 40 44,,0,0,0.24642190459787106,100.0,99.11925258774835,45.0,2530e336e848bf83c83cbd45be1b57b08bffb0b9dca0a3fa9a5a248d6e05dce6,observed,observed_history_forward_replay
3,2026-06-20,spectral_contrarian,3,11,3 9 19 26 30 37,,1,0,0.24642190459787106,100.0,90.50614635061049,45.0,96c51f639e43536012777229c71130950a3c7953726725f9877d5ae2574bbf2a,observed,observed_history_forward_replay
3,2026-06-20,spectral_contrarian,3,12,7 13 16 23 34 42,,1,0,0.24642190459787106,100.0,95.03346686723604,63.33333333333333,6328ec95f81b2d95dbc631e8453e29b2a76bf35f7e9c5b8987d853f7cfc9d062,observed,observed_history_forward_replay
3,2026-06-20,parallax,4,1,33 40 41 43 44 45,,1,0,0.23594456092028704,66.66666666666666,100.0,53.333333333333336,5af5ab9b350d1350bc4434fa12bf80a05afb2a843934ae31ff73c24fdecd67ab,observed,observed_history_forward_replay
3,2026-06-20,parallax,4,2,18 32 34 36 37 39,,3,0,0.23594456092028704,66.66666666666666,99.97072706842937,66.66666666666666,2bc9b6d34276f230be06613c92d47cd07c968c10b369593054f309087cb064b8,observed,observed_history_forward_replay
3,2026-06-20,parallax,4,3,15 17 25 29 35 38,,1,0,0.23594456092028704,66.66666666666666,98.35879415768369,53.333333333333336,17b55babb7d31aa3c184dbd2674acef15d58bd2c2902624f37fca65ba457032e,observed,observed_history_forward_replay
3,2026-06-20,parallax,4,4,16 19 24 28 31 42,,0,0,0.23594456092028704,66.66666666666666,93.67696846145476,65.0,e0c8570b2d4a99f4dfc77796b0d65f941cfbf07919a6271a3a8a7a9151207b47,observed,observed_history_forward_replay
3,2026-06-20,parallax,4,5,2 12 13 20 21 30,,0,0,0.23594456092028704,66.66666666666666,45.12061759698261,53.333333333333336,59149f5b0532cb2f82e31b9236a33bc0d895eb4e8ee32d87ae9c004bfa170712,observed,observed_history_forward_replay
3,2026-06-20,parallax,4,6,9 11 22 26 27 41,,0,0,0.23594456092028704,66.66666666666666,92.08194369541445,53.333333333333336,7600760b15f43e1c9f280ee9d4ad8e35067f7801be9e8460d55bcb356487ac4b,observed,observed_history_forward_replay
3,2026-06-20,parallax,4,7,3 4 6 10 23 35,,1,0,0.23594456092028704,66.66666666666666,46.509741834771745,50.0,21b9a56e1469a14edb9dea425c837db5da565ce957c96960ed6a920c016994e1,observed,observed_history_forward_replay
3,2026-06-20,parallax,4,8,1 5 14 37 40 42,,1,0,0.23594456092028704,66.66666666666666,97.48577851512937,56.666666666666664,74882e0cb830bd0f8c6a115702822313751d00ef14b0b1a56a02df9798c4014f,observed,observed_history_forward_replay
3,2026-06-20,parallax,4,9,7 8 31 32 35 45,,0,0,0.23594456092028704,66.66666666666666,98.11495850201999,63.33333333333333,d16f6a00e2c91c801f784a92799c428818209f4601490dbd4adb0ef6116760e3,observed,observed_history_forward_replay
3,2026-06-20,parallax,4,10,4 26 36 38 42 44,,1,0,0.23594456092028704,66.66666666666666,99.7928684419701,51.66666666666667,59f2ab2e0a1296d58c10d3cb0000f3e929c895d0a3c588c500194ac87c9282c9,observed,observed_history_forward_replay
3,2026-06-20,parallax,4,11,23 24 27 33 38 39,,2,0,0.23594456092028704,66.66666666666666,99.71691397888495,65.0,d237d7743a3a66ef544aa32e6cf1640b60954128a4175e6c1cb1d1d876025f07,observed,observed_history_forward_replay
3,2026-06-20,parallax,4,12,16 30 37 38 43 45,,2,0,0.23594456092028704,66.66666666666666,99.9301335994144,45.0,7e6a95c529cafd70f2af70c525e652fcbb4fa82cf3e89b15ffbb4835583b7bbc,observed,observed_history_forward_replay
3,2026-06-20,coordinated_aggregation,5,1,33 40 41 43 44 45,,1,0,0.23594456092028704,66.66666666666666,100.0,53.333333333333336,f51efac099f2192482a614584557e780ea3cdcd7b672ec7129c6819714c5ccdb,observed,observed_history_forward_replay
3,2026-06-20,coordinated_aggregation,5,2,18 32 34 36 37 39,,3,0,0.23594456092028704,66.66666666666666,99.97072706842937,66.66666666666666,9cee3c763940d69f9754d91a07845ccdcbb03ae92a8b2cf55181de692a4bd811,observed,observed_history_forward_replay
3,2026-06-20,coordinated_aggregation,5,3,15 17 25 29 35 38,,1,0,0.23594456092028704,66.66666666666666,98.35879415768369,53.333333333333336,b55f86c3ff1bf35efa9d63580c9a8c431eb4ba4f3ee415b584e1fe9b3881b603,observed,observed_history_forward_replay
3,2026-06-20,coordinated_aggregation,5,4,16 19 24 28 31 42,,0,0,0.23594456092028704,66.66666666666666,93.67696846145476,65.0,bfcc0677ef4de6e4180446b202da4ed7210e306a7cafd7bcd51e2b0cefbc779e,observed,observed_history_forward_replay
3,2026-06-20,coordinated_aggregation,5,5,2 12 13 20 21 30,,0,0,0.23594456092028704,66.66666666666666,45.12061759698261,53.333333333333336,01c49ab2e4febd586e56d6b01f38aa398787e481a2db2ebd90ebffb9a1ee7855,observed,observed_history_forward_replay
3,2026-06-20,coordinated_aggregation,5,6,9 11 22 26 27 41,,0,0,0.23594456092028704,66.66666666666666,92.08194369541445,53.333333333333336,50efbcf55871f036d051db68629af3e483e08cb0cc75d465b45f3d9b3f5fc6b6,observed,observed_history_forward_replay
3,2026-06-20,coordinated_aggregation,5,7,3 4 6 10 23 35,,1,0,0.23594456092028704,66.66666666666666,46.509741834771745,50.0,487db1f2f0d9245072fff8ec2f550e4ab2cefc34af591b27284b1f5659178f3f,observed,observed_history_forward_replay
3,2026-06-20,coordinated_aggregation,5,8,1 5 14 37 40 42,,1,0,0.23594456092028704,66.66666666666666,97.48577851512937,56.666666666666664,9948fe2476af40a6839b5dc12264a90bbe5888aadc281e6bcdc2a9cf744f8ba8,observed,observed_history_forward_replay
3,2026-06-20,coordinated_aggregation,5,9,7 8 31 32 35 45,,0,0,0.23594456092028704,66.66666666666666,98.11495850201999,63.33333333333333,442d1612ca0042646e8bb46d042b945343a41814439e1ff4804ae89f1071a817,observed,observed_history_forward_replay
3,2026-06-20,coordinated_aggregation,5,10,4 26 36 38 42 44,,1,0,0.23594456092028704,66.66666666666666,99.7928684419701,51.66666666666667,b88faa19aaabcd3cb154bde6f3c2a5e8305e72d0e8b389ddd3f533bada326592,observed,observed_history_forward_replay
3,2026-06-20,coordinated_aggregation,5,11,23 24 27 33 38 39,,2,0,0.23594456092028704,66.66666666666666,99.71691397888495,65.0,c744d761a566fe2d2336ce8974ed803d13ac5ede0f2da5dd060b444625a292f1,observed,observed_history_forward_replay
3,2026-06-20,coordinated_aggregation,5,12,16 30 37 38 43 45,,2,0,0.23594456092028704,66.66666666666666,99.9301335994144,45.0,d3ba1e280b42ad30433e15089b5c0d7561050dcc1bdd74936451de536cb2f700,observed,observed_history_forward_replay
4,2026-06-27,uniform_random,4,1,1 8 19 26 29 40,,0,0,0.0,0.0,96.17917837550374,54.99999999999999,317be2e4fa298bae73f285de3dbc3a7a840a1e98ca3ea77e7317f11294bc2cb3,observed,observed_history_forward_replay
4,2026-06-27,uniform_random,4,2,7 8 25 31 38 41,,1,0,0.0,0.0,98.5358506464431,76.66666666666666,41f57a0d581748f9bc32ef75430cd22a53185fab864c59ebcddbd171f8b7e6d6,observed,observed_history_forward_replay
4,2026-06-27,uniform_random,4,3,5 14 15 30 31 35,,1,0,0.0,0.0,94.4747171121821,51.66666666666667,23f94de7194b00e4e2711065c82db102672899f2f513a13cc572bceefeca1126,observed,observed_history_forward_replay
4,2026-06-27,uniform_random,4,4,8 26 27 39 41 42,,0,0,0.0,0.0,99.75785629735645,73.33333333333334,61151965fc490f52b993a2152650b3b081b018178d0becaacc50dc33a3cba7fe,observed,observed_history_forward_replay
4,2026-06-27,uniform_random,4,5,2 9 10 15 34 44,,1,0,0.0,0.0,97.6438401091283,40.0,cf3121f3a0b92ef772d436dd78d77c9bf177598c23be4652c8217490d6ea83ac,observed,observed_history_forward_replay
4,2026-06-27,uniform_random,4,6,2 5 17 34 44 45,,1,0,0.0,0.0,99.60903530110828,58.333333333333336,2c3fc8b3ac62bfe4840c9b1bff37b2de1853cda245a2375e8101f72bab93a4c2,observed,observed_history_forward_replay
4,2026-06-27,uniform_random,4,7,5 6 8 16 25 35,,0,0,0.0,0.0,87.74363550661658,58.333333333333336,a164fb51b2dff5ad35871fc024fcd23b7d5b59e09be79fc9681eff26f0f31712,observed,observed_history_forward_replay
4,2026-06-27,uniform_random,4,8,6 9 13 16 21 26,,0,0,0.0,0.0,75.81719011656786,45.0,838668854b60b377be5ed427ed33d207179f14dec81304e769d4d282d6509b50,observed,observed_history_forward_replay
4,2026-06-27,uniform_random,4,9,1 8 14 22 28 42,,1,0,0.0,0.0,85.44021036879585,53.333333333333336,61201137b6edf3ca77fdf89edb772bb6bdc004d99c2974464da5d648dc63d51d,observed,observed_history_forward_replay
4,2026-06-27,uniform_random,4,10,2 4 12 17 25 45,,0,0,0.0,0.0,92.97631229777224,60.0,9c45ecd5fdd6cf96d44ac386c776a909cac517cb8e86c48f40c29f03533e1a16,observed,observed_history_forward_replay
4,2026-06-27,uniform_random,4,11,1 2 17 26 30 32,,0,0,0.0,0.0,95.20628411623827,54.99999999999999,57f65c8808ea4fd994bca686e6c76ed5489294f6f1e11baf4236d2098fa90b02,observed,observed_history_forward_replay
4,2026-06-27,uniform_random,4,12,19 36 38 39 40 41,,2,0,0.0,0.0,99.99160482664361,71.66666666666667,074c358f338621320af47e37c04f31cea0535e14fa2def17e00d0d5acb6ffe33,observed,observed_history_forward_replay
4,2026-06-27,frequency,7,1,1 8 21 33 41 43,,0,0,-0.1006906356889492,50.0,99.41227371464082,65.0,0df3de669cb50cf407cc62e5baa4dca964942abec32a2730257f19628029c5df,observed,observed_history_forward_replay
4,2026-06-27,frequency,7,2,4 17 18 19 25 41,,0,0,-0.1006906356889492,50.0,97.31253747614223,70.0,d01d3e90e309cead4d68a0ba889950f3d6d2ba5de668861285c19fdd9a3bd9e7,observed,observed_history_forward_replay
4,2026-06-27,frequency,7,3,8 18 24 31 41 43,,1,0,-0.1006906356889492,50.0,99.4457987992589,73.33333333333334,dc7a81d89a16f00d7059263dff47c8ef3deadfab59a3e9fc8297b955ded5c871,observed,observed_history_forward_replay
4,2026-06-27,frequency,7,4,2 8 18 36 42 43,,1,0,-0.1006906356889492,50.0,99.42984944335203,61.66666666666667,d49397e6d93711ae4a0de51c2810f368e31f347caf1d06fa51787fb6fed6d88f,observed,observed_history_forward_replay
4,2026-06-27,frequency,7,5,2 7 10 14 19 21,,1,0,-0.1006906356889492,50.0,0.0,51.66666666666667,f10c8ead0c1fa3b45fae3540b66b0171b00e37e478e61c28392b1c969df8ffa1,observed,observed_history_forward_replay
4,2026-06-27,frequency,7,6,5 6 13 15 25 39,,0,0,-0.1006906356889492,50.0,94.82979208607651,63.33333333333333,3b115e0381ebe9304b66aa1a97c643861e4857fb4cbdec788f482636f1cec928,observed,observed_history_forward_replay
4,2026-06-27,frequency,7,7,10 12 17 21 29 33,,0,0,-0.1006906356889492,50.0,94.18015223261254,51.66666666666667,777f3497ef0c9cc8ed65c07e6813b638679a1b2e1048d2ed6b1ac0d15ebc43a8,observed,observed_history_forward_replay
4,2026-06-27,frequency,7,8,14 20 21 25 27 29,,1,0,-0.1006906356889492,50.0,90.6265440578532,60.0,b0c6048379761e4929d030043cd693c1ae6fd89df6c17e1305891c8dbe691157,observed,observed_history_forward_replay
4,2026-06-27,frequency,7,9,2 4 6 20 36 44,,2,0,-0.1006906356889492,50.0,97.57145397259777,56.666666666666664,940a1addaa3b969d0ee86bc074f3cfa8bb789dbbbb7990bd9bacec8da2b82202,observed,observed_history_forward_replay
4,2026-06-27,frequency,7,10,6 18 19 23 37 40,,1,0,-0.1006906356889492,50.0,99.22618497696497,60.0,a654a89240faa863db81c98e74016ceebd6badad30b36f4e2db2f677b770efb1,observed,observed_history_forward_replay
4,2026-06-27,frequency,7,11,5 7 17 27 31 34,,0,0,-0.1006906356889492,50.0,94.09148614771766,76.66666666666666,a284f45b9bffd07ec1e0ef9b1cfb5022f3281209872c88e6455b8a50e8a99d92,observed,observed_history_forward_replay
4,2026-06-27,frequency,7,12,8 17 18 28 37 39,,1,0,-0.1006906356889492,50.0,98.90631534943877,71.66666666666667,ec8836056f272f88c53058b02e8f431e4818d4d5e6616f7de8c3f51cd7c4b4e6,observed,observed_history_forward_replay
4,2026-06-27,unpopularity,1,1,32 36 39 40 44 45,,2,0,0.41559788035638867,100.0,99.9995825714609,61.66666666666667,af7776e4d995259c68702989347dc9e8209bade881b7df6d2ef021045ce20c46,observed,observed_history_forward_replay
4,2026-06-27,unpopularity,1,2,32 33 37 41 44 45,,2,0,0.41559788035638867,100.0,99.99939711524934,60.0,c7215b3d6ae54a8ef440f385f82199a2ed7e585a82be04dfbf09c9b2ffb2aab2,observed,observed_history_forward_replay
4,2026-06-27,unpopularity,1,3,32 36 38 39 41 44,,3,0,0.41559788035638867,100.0,99.99930009707512,71.66666666666667,b442f5f637409f605385bd2719e75ce65d50f65d907aef509e6a69c19cae0d2e,observed,observed_history_forward_replay
4,2026-06-27,unpopularity,1,4,32 34 37 38 43 44,,3,0,0.41559788035638867,100.0,99.99920010153365,60.0,0dcfeb4f9810c12aaae608210dfd908b002791a0753c48fdab741f6a41ff3e75,observed,observed_history_forward_replay
4,2026-06-27,unpopularity,1,5,36 38 39 40 41 45,,2,0,0.41559788035638867,100.0,99.99886129268954,66.66666666666666,c3e5aed6044929a43c493dab71b7c6d578089878eccc48fd51c39923371d7ab0,observed,observed_history_forward_replay
4,2026-06-27,unpopularity,1,6,36 37 38 40 43 45,,3,0,0.41559788035638867,100.0,99.99886129268954,56.666666666666664,5f523bc165444c7879763e4abc00a3c38e69ec5dd2acb7120a9f5c9000c66770,observed,observed_history_forward_replay
4,2026-06-27,unpopularity,1,7,34 38 42 43 44 45,,2,0,0.41559788035638867,100.0,99.9987207629784,51.66666666666667,465476e8748ba608e47d89ff37f25ef52867364480be0bf137cc3273fe994abc,observed,observed_history_forward_replay
4,2026-06-27,unpopularity,1,8,32 33 34 37 40 43,,1,0,0.41559788035638867,100.0,99.99871075996991,60.0,db6b48ed5d8b981a689b87a1fd8f3c862c59e129e56fcd45302505c8847be4f4,observed,observed_history_forward_replay
4,2026-06-27,unpopularity,1,9,35 38 39 40 43 45,,1,0,0.41559788035638867,100.0,99.99835648523548,54.99999999999999,2a268affc14693a9e409ed81208b2d4a78c217f856e7393f4c5b585caf7c7bfd,observed,observed_history_forward_replay
4,2026-06-27,unpopularity,1,10,33 35 40 41 43 45,,0,0,0.41559788035638867,100.0,99.99816157797785,54.99999999999999,9f2d07b7f6bacf7cf59cb81a7577cb33924a4b15c83e655e494d6fcde8f0ac49,observed,observed_history_forward_replay
4,2026-06-27,unpopularity,1,11,32 34 35 36 43 45,,1,0,0.41559788035638867,100.0,99.99728725050517,58.333333333333336,f08370bc232fdc2ae684f53d71df8f04e7509b6f8ae41838a9a0a780f02ba3f5,observed,observed_history_forward_replay
4,2026-06-27,unpopularity,1,12,34 36 39 40 41 42,,1,0,0.41559788035638867,100.0,99.99639382439518,76.66666666666666,3ad28f4af1bf3b10654588cdeebf85f08be66cce80b5ecacd18924b55fd1a5ec,observed,observed_history_forward_replay
4,2026-06-27,gingerm,2,1,7 8 25 31 41 45,,0,0,0.3780957627693482,100.0,98.6830954531676,75.0,2603cb41f391c5f72254231960af4d0c2428609d59c65508ba772e98eaacb82d,observed,observed_history_forward_replay
4,2026-06-27,gingerm,2,2,4 21 23 31 39 41,,0,0,0.3780957627693482,100.0,99.08814703873675,83.33333333333334,d4d39f5fcc991e7d8a9d2a6a498c3eb1848ea49276cc208e9cb741ef8f143fba,observed,observed_history_forward_replay
4,2026-06-27,gingerm,2,3,25 26 36 37 39 43,,2,0,0.3780957627693482,100.0,99.97090083731396,71.66666666666667,e4c5531dab259e91628a082233e44e7e38e2cf2500d4d529a451405713f478a2,observed,observed_history_forward_replay
4,2026-06-27,gingerm,2,4,17 20 25 31 41 43,,0,0,0.3780957627693482,100.0,99.6708363001713,76.66666666666666,dfbb1354c6f76f84602e3aff170f305b39a8c504adc48f7f5ae14454fd05404c,observed,observed_history_forward_replay
4,2026-06-27,gingerm,2,5,8 17 23 31 39 42,,0,0,0.3780957627693482,100.0,99.10186321026634,81.66666666666667,bf5d6893a8f852a4300f964c362d49c7978612b40b5919133e67925f817e2895,observed,observed_history_forward_replay
4,2026-06-27,gingerm,2,6,11 24 29 34 36 37,,3,0,0.3780957627693482,100.0,99.8069841636828,70.0,5f8b0c8ca4897e51a91b3bfb7214625cbd5667ac94a547562d871f50f5f16ed2,observed,observed_history_forward_replay
4,2026-06-27,gingerm,2,7,8 17 23 32 36 39,,1,0,0.3780957627693482,100.0,99.75348233816415,78.33333333333333,d454d1861caf8a4c7a355c4d0900f315c9e5d270a28a58344bee0d0d13f2774e,observed,observed_history_forward_replay
4,2026-06-27,gingerm,2,8,8 17 23 31 41 45,,0,0,0.3780957627693482,100.0,99.4457987992589,76.66666666666666,36bea924c0ea1d5273bf1055ad4c64d0bc4304462b0995396523b910bfbdb2ce,observed,observed_history_forward_replay
4,2026-06-27,gingerm,2,9,14 21 25 31 37 41,,2,0,0.3780957627693482,100.0,99.16025774438303,76.66666666666666,54bb967e85b732a41ec6b19503d0e232af6148b0bb2b918e374df09b59a5bbb3,observed,observed_history_forward_replay
4,2026-06-27,gingerm,2,10,21 27 32 36 37 39,,2,0,0.3780957627693482,100.0,99.94388220066097,76.66666666666666,fba779f7bc2b761c8a503963ddfc04d989b0c482ec4fcc2847ead1f4d182665e,observed,observed_history_forward_replay
4,2026-06-27,gingerm,2,11,4 13 25 31 39 43,,0,0,0.3780957627693482,100.0,99.35496052075766,78.33333333333333,57e65c2bcb2f015111b8d5749feafe4181181ed1dddceb8e8ff23256aabf9f87,observed,observed_history_forward_replay
4,2026-06-27,gingerm,2,12,8 24 31 33 39 42,,1,0,0.3780957627693482,100.0,99.7346290259159,73.33333333333334,83e03ce759223c16d2330cfa00a70a490a6f9eac745e7bdeb352145bea1d5f1e,observed,observed_history_forward_replay
4,2026-06-27,spectral_contrarian,3,1,6 15 21 26 33 45,,0,0,0.17223630840400572,100.0,98.88962129170368,38.33333333333333,fe1fa159575ecad6c6c97c5863aedb91b7129d146dc9a35567be72a7b261735f,observed,observed_history_forward_replay
4,2026-06-27,spectral_contrarian,3,2,3 10 13 19 30 37,,1,0,0.17223630840400572,100.0,95.48765011421597,53.333333333333336,a68eb861124cc8487886e0c82385b69de464551fb02fedb0711cf37e90494541,observed,observed_history_forward_replay
4,2026-06-27,spectral_contrarian,3,3,1 7 16 22 34 42,,0,0,0.17223630840400572,100.0,96.6434779501409,54.99999999999999,2626fd23903d0a1a2ea8d09fc01c3fcb8d2802a744a6f15cdd6b2be0cc425bf6,observed,observed_history_forward_replay
4,2026-06-27,spectral_contrarian,3,4,5 11 20 27 32 39,,0,0,0.17223630840400572,100.0,98.7572622743907,66.66666666666666,d1d47a9d978af20ee114e8c47bc891bac68e8583f32d015bca8fe910e3f6c004,observed,observed_history_forward_replay
4,2026-06-27,spectral_contrarian,3,5,9 15 18 25 36 44,,2,0,0.17223630840400572,100.0,99.27172972430691,48.33333333333334,07edf3da35f809d11d7274db666c86eaf1f3fbbd7ac54dbae24773da0c85c21c,observed,observed_history_forward_replay
4,2026-06-27,spectral_contrarian,3,6,2 6 12 22 29 41,,0,0,0.17223630840400572,100.0,93.68168677028508,58.333333333333336,c32f93bc427a6c2fa87bd9672070c9df12c77427b68e703e3fe209bbaf96b811,observed,observed_history_forward_replay
4,2026-06-27,spectral_contrarian,3,7,10 16 26 33 38 45,,1,0,0.17223630840400572,100.0,99.79791254206798,33.33333333333333,641818300ac0acad26bef03f72593e9f49f6b18691a932dd8214c3ac7eebbb68,observed,observed_history_forward_replay
4,2026-06-27,spectral_contrarian,3,8,4 14 20 23 30 43,,1,0,0.17223630840400572,100.0,96.53351906072551,53.333333333333336,e285a0b2c18964891a35e5d82e3d65f45e458985d8c582972adc8a482f520a85,observed,observed_history_forward_replay
4,2026-06-27,spectral_contrarian,3,9,1 8 11 17 28 35,,0,0,0.17223630840400572,100.0,82.95254495910281,63.33333333333333,a533a1022af1fc5a6887adc5ade8fa11e6ad6e154226150addf6cfe4e5dc74fe,observed,observed_history_forward_replay
4,2026-06-27,spectral_contrarian,3,10,5 15 21 32 40 44,,1,0,0.17223630840400572,100.0,99.64006863314331,50.0,b66f92ada916135223f4cdb742992aa0c71d7dffc1699852ff26d947664f2c5c,observed,observed_history_forward_replay
4,2026-06-27,spectral_contrarian,3,11,3 9 19 25 29 37,,1,0,0.17223630840400572,100.0,96.12095431308943,58.333333333333336,339d63d98a421face4c7d9ff6cfbc81388112d46fdc10248b9d29cacf5261b5f,observed,observed_history_forward_replay
4,2026-06-27,spectral_contrarian,3,12,4 10 20 27 38 45,,1,0,0.17223630840400572,100.0,98.93193942157232,45.0,606616632f77bf3850796bcf27dd7ed6a58cfbf34634cd6366943d4cdfff86d2,observed,observed_history_forward_replay
4,2026-06-27,parallax,5,1,33 40 41 43 44 45,,1,0,-0.008693359286471303,50.0,100.0,54.99999999999999,4db73944d16b3b73ea3d684d5ca929e7a6a8d7c5c73db3fa0224ed09ce658f44,observed,observed_history_forward_replay
4,2026-06-27,parallax,5,2,24 32 35 36 37 39,,3,0,-0.008693359286471303,50.0,99.98344728489394,73.33333333333334,7caf0e6ff5f83d17de7a3baebdf0e8f67b333086438c095a08da51f53c630025,observed,observed_history_forward_replay
4,2026-06-27,parallax,5,3,7 25 29 34 38 42,,1,0,-0.008693359286471303,50.0,99.58833066895578,63.33333333333333,707def70f6e84996361a29cf4dc3e1b1b755bae7fb592348d3e7c43b9272ad52,observed,observed_history_forward_replay
4,2026-06-27,parallax,5,4,4 19 20 22 30 31,,0,0,-0.008693359286471303,50.0,93.21675185505316,54.99999999999999,bce0eca7e2ceebfab65ace524e2a58d664906ec89e94949ce4e9d4fc901a567d,observed,observed_history_forward_replay
4,2026-06-27,parallax,5,5,3 13 14 18 23 26,,1,0,-0.008693359286471303,50.0,84.22491806905042,51.66666666666667,0f47d9e8c9057a97b6a70774cbdf146a4a066b1d5f10102421ca4b85d1070e32,observed,observed_history_forward_replay
4,2026-06-27,parallax,5,6,5 12 15 16 21 44,,1,0,-0.008693359286471303,50.0,93.33178137239845,46.666666666666664,9c4b3182e1a5f5c19f7ae08cf6ec15d01bff01a7665b3d305921e04de4ff9869,observed,observed_history_forward_replay
4,2026-06-27,parallax,5,7,1 6 8 10 18 28,,0,0,-0.008693359286471303,50.0,35.86917275255913,50.0,bdf009b344f1356199563f4e631f644bbbcb6a0bde16232bad86de25b6e9a828,observed,observed_history_forward_replay
4,2026-06-27,parallax,5,8,11 17 19 27 34 36,,1,0,-0.008693359286471303,50.0,99.23783057942114,71.66666666666667,b0b58fa5f605d53664a68c44fd1c81e13938fc5a2a9d1268218c6cfbb139938c,observed,observed_history_forward_replay
4,2026-06-27,parallax,5,9,2 9 26 30 38 45,,1,0,-0.008693359286471303,50.0,99.02475325564313,36.66666666666667,5d42eb4f1458f4add5a5b65a4e87007ae3b276c3260a62dc104499f337e6f7b2,observed,observed_history_forward_replay
4,2026-06-27,parallax,5,10,20 23 27 37 38 43,,2,0,-0.008693359286471303,50.0,99.89451471385809,63.33333333333334,8739ccae24883305e5e41a5f99880d1f391e694ff2d23fa728b6e5bd30220f75,observed,observed_history_forward_replay
4,2026-06-27,parallax,5,11,17 23 31 39 42 44,,1,0,-0.008693359286471303,50.0,99.85894975999136,78.33333333333333,c46188d794d4d4be549384ab5adf0d2519f62b9beb1037d8f4a635cf4fc66561,observed,observed_history_forward_replay
4,2026-06-27,parallax,5,12,15 17 28 32 38 41,,1,0,-0.008693359286471303,50.0,99.79301457008563,60.0,a8bd9b77e25644a3c40dff13f8cd508af396ae53a2e6817bc835f0e8af61e84d,observed,observed_history_forward_replay
4,2026-06-27,coordinated_aggregation,6,1,33 40 41 43 44 45,,1,0,-0.008693359286471303,50.0,100.0,54.99999999999999,af3792c448faa9834f4eff093158061c40ecb068635cf1d34654691851bd066a,observed,observed_history_forward_replay
4,2026-06-27,coordinated_aggregation,6,2,24 32 35 36 37 39,,3,0,-0.008693359286471303,50.0,99.98344728489394,73.33333333333334,7542a5107dd142ae23791fe4fec51bf6e6a3bd705dd90c0840182ecb6d8958b4,observed,observed_history_forward_replay
4,2026-06-27,coordinated_aggregation,6,3,7 25 29 34 38 42,,1,0,-0.008693359286471303,50.0,99.58833066895578,63.33333333333333,4208b39ab5963a9494bbfa5398f5410bbed41c168f67131d20cd2837e544c84b,observed,observed_history_forward_replay
4,2026-06-27,coordinated_aggregation,6,4,4 19 20 22 30 31,,0,0,-0.008693359286471303,50.0,93.21675185505316,54.99999999999999,7d7b97917ed06b5e5d638ecfcc239e054cda2d8bd468bb469af754fea0dcb475,observed,observed_history_forward_replay
4,2026-06-27,coordinated_aggregation,6,5,3 13 14 18 23 26,,1,0,-0.008693359286471303,50.0,84.22491806905042,51.66666666666667,955778c867f78423c0577818c6df19b7bcd3b4c8945bb1f8d0ff0befd7833214,observed,observed_history_forward_replay
4,2026-06-27,coordinated_aggregation,6,6,5 12 15 16 21 44,,1,0,-0.008693359286471303,50.0,93.33178137239845,46.666666666666664,9d9d3bc7dc6422a4e3a4dddedba5da5d2f6ea2897ed384bf7f4a6e4b2d583b18,observed,observed_history_forward_replay
4,2026-06-27,coordinated_aggregation,6,7,1 6 8 10 18 28,,0,0,-0.008693359286471303,50.0,35.86917275255913,50.0,a3d41a39763ecf3237fe02c53235c36abcfc62e73a86a82a08b13d1c36b92284,observed,observed_history_forward_replay
4,2026-06-27,coordinated_aggregation,6,8,11 17 19 27 34 36,,1,0,-0.008693359286471303,50.0,99.23783057942114,71.66666666666667,3305b689ea30169bff353b524015290695ba43b87360631c2a4cb409dd39a60c,observed,observed_history_forward_replay
4,2026-06-27,coordinated_aggregation,6,9,2 9 26 30 38 45,,1,0,-0.008693359286471303,50.0,99.02475325564313,36.66666666666667,5f396192943f53c2eb2ccd9299b41732769c472b25f40900aee77611fa19a716,observed,observed_history_forward_replay
4,2026-06-27,coordinated_aggregation,6,10,20 23 27 37 38 43,,2,0,-0.008693359286471303,50.0,99.89451471385809,63.33333333333334,31874526a94d5176fcc7ca65f403517f214e6cb7cd34eff40cd6d62126d6123a,observed,observed_history_forward_replay
4,2026-06-27,coordinated_aggregation,6,11,17 23 31 39 42 44,,1,0,-0.008693359286471303,50.0,99.85894975999136,78.33333333333333,bfc7fc20b6a866e897513a3c06380c05088aba0aa0ed6a28f08dda4d6d95de4e,observed,observed_history_forward_replay
4,2026-06-27,coordinated_aggregation,6,12,15 17 28 32 38 41,,1,0,-0.008693359286471303,50.0,99.79301457008563,60.0,3444f6d344fad2fe4615011dff88a1f8499f13962412299253946ca013b2aec5,observed,observed_history_forward_replay
5,2026-07-04,uniform_random,5,1,1 10 17 27 31 32,,1,0,0.0,0.0,94.16976284796954,66.66666666666666,82fcce6f763e3b9fabd9660bd78fef305d79163028e58da8649fe5459d0f6db1,observed,observed_history_forward_replay
5,2026-07-04,uniform_random,5,2,5 6 15 17 29 35,,2,0,0.0,0.0,89.67005223010702,53.333333333333336,ad6ceac67801575a5e7df3b2fb3f4ef36dee5dc3a4643e481d4bfe0ee2d2d86d,observed,observed_history_forward_replay
5,2026-07-04,uniform_random,5,3,7 11 13 26 35 44,,1,0,0.0,0.0,96.15756934472876,56.666666666666664,a623fa8fb727209f3e26cd8b623ea280d018e14bc957f86f9356f69638cab8c7,observed,observed_history_forward_replay
5,2026-07-04,uniform_random,5,4,7 14 16 27 33 38,,1,0,0.0,0.0,97.21462081854153,54.99999999999999,60c5cf14a53be59833a521333f02c650df55f0659c67f569e130f4ec047fb439,observed,observed_history_forward_replay
5,2026-07-04,uniform_random,5,5,3 7 11 29 35 39,,2,0,0.0,0.0,93.548404094758,65.0,13a2039255272c5f63e92ecf3cf607f3ef3faab131d79e957b3437ba506e6533,observed,observed_history_forward_replay
5,2026-07-04,uniform_random,5,6,3 4 5 16 19 37,,0,0,0.0,0.0,86.3497951440561,60.0,1cd146a3bcd526010e6e5e3528e82556b555cc10038b77b9a9711fb23f09b4c0,observed,observed_history_forward_replay
5,2026-07-04,uniform_random,5,7,1 2 11 16 28 33,,1,0,0.0,0.0,81.57895280847734,53.333333333333336,ab6775e0870cf52d0846de3cc666efa788dadcdb494682cdde708ebcf81a4083,observed,observed_history_forward_replay
5,2026-07-04,uniform_random,5,8,2 3 11 17 37 43,,1,0,0.0,0.0,96.61575279720675,66.66666666666666,e682f2eeeccd021ddf3e92a7137006431253ab432be64e33fa66315e77efb69a,observed,observed_history_forward_replay
5,2026-07-04,uniform_random,5,9,19 25 31 39 43 44,,1,0,0.0,0.0,99.87808218537941,76.66666666666666,3d44401b3d019bf4961632851b1b209c04a4f3584443041ecc55cda48f008206,observed,observed_history_forward_replay
5,2026-07-04,uniform_random,5,10,2 3 8 13 29 44,,0,0,0.0,0.0,89.11939925363903,61.66666666666666,ab2343aa4e975253a6928d2004592d9fe3fcc5aa247df3ce3768c630b67fbbf4,observed,observed_history_forward_replay
5,2026-07-04,uniform_random,5,11,4 24 27 32 37 41,,0,0,0.0,0.0,99.70071296762339,78.33333333333333,d5d8e67e348e084da1e6b22f765b8f538c5f493e21eb8874c8561a74223fad86,observed,observed_history_forward_replay
5,2026-07-04,uniform_random,5,12,6 7 16 31 37 38,,1,0,0.0,0.0,97.40055775324915,66.66666666666666,b91352d19ef7d8af50bee47d86d98d3073c3b49ce55d3afb9f2de3b1642b4170,observed,observed_history_forward_replay
5,2026-07-04,frequency,2,1,1 7 11 24 35 37,,1,0,0.17220774562431984,60.0,92.60781984706836,68.33333333333333,6e19d7a328e8d00624c80c8120d04c1b33bda06f936ddc23d64419b71b4e95e3,observed,observed_history_forward_replay
5,2026-07-04,frequency,2,2,2 6 16 17 25 37,,1,0,0.17220774562431984,60.0,92.6852702422113,66.66666666666666,f197e142ebdef38fdd3cdf250a9781c20f550d7518b203ca7f02f424f97fb4f0,observed,observed_history_forward_replay
5,2026-07-04,frequency,2,3,2 7 16 31 37 40,,0,0,0.17220774562431984,60.0,97.32067132357265,68.33333333333333,16eccb0962802acca118018aa3ce6e60f3a0c8c48764d5ebc0d1b700da5c93f2,observed,observed_history_forward_replay
5,2026-07-04,frequency,2,4,1 7 13 17 32 42,,1,0,0.17220774562431984,60.0,94.47588325512007,66.66666666666666,18ec35676aa74739a9e5f62678b8c32a5888af197700bd0eee5ae8e6d0ad4454,observed,observed_history_forward_replay
5,2026-07-04,frequency,2,5,5 19 21 25 31 33,,0,0,0.17220774562431984,60.0,95.09569483672128,66.66666666666666,adaf7c79dfd949a7675b1403cbe44e90e1dbd29268b6d412863b1ebea42f6009,observed,observed_history_forward_replay
5,2026-07-04,frequency,2,6,2 13 19 30 37 41,,0,0,0.17220774562431984,60.0,98.88853836391517,70.0,7f180f015ee35992e74aa1a121990f2a56f57ac9e20e5857cbb39dab19458fc3,observed,observed_history_forward_replay
5,2026-07-04,frequency,2,7,19 29 31 35 39 44,,2,0,0.17220774562431984,60.0,99.80354558619155,71.66666666666667,1a0d9df15e460f8627be41f99456ef6762600d5d6134c976547b22a66f206275,observed,observed_history_forward_replay
5,2026-07-04,frequency,2,8,3 5 25 34 37 39,,2,0,0.17220774562431984,60.0,99.41222360863391,75.0,a30f1ae36736ba1490d27d36812fb7a062acc220a833aeb3f17dd94828002154,observed,observed_history_forward_replay
5,2026-07-04,frequency,2,9,5 19 26 28 33 39,,2,0,0.17220774562431984,60.0,98.52146693629115,58.333333333333336,448f18b1c5921363abeb969b777dd84337ff3c5610c1a970255277d87e374fd4,observed,observed_history_forward_replay
5,2026-07-04,frequency,2,10,16 23 36 39 40 44,,1,0,0.17220774562431984,60.0,99.953129373984,70.0,c682af86ba193adf463b5350630c448fe04910e9912c35e377736b0071be57e9,observed,observed_history_forward_replay
5,2026-07-04,frequency,2,11,6 26 29 31 33 39,,1,0,0.17220774562431984,60.0,99.20397852851198,63.33333333333333,dd1f97431a0951e7345b94af0c5c76058e763110ac4f80f50b5ef3b0db701bc2,observed,observed_history_forward_replay
5,2026-07-04,frequency,2,12,10 23 24 25 31 38,,1,0,0.17220774562431984,60.0,97.47305187966494,68.33333333333334,72db0a27c4677972d02505cba1dd1e3db585b0e82b3b75fb19149199fc93dad5,observed,observed_history_forward_replay
5,2026-07-04,unpopularity,1,1,34 36 40 43 44 45,,1,0,0.31506165734761504,100.0,99.99982954432893,60.0,07b39de1869e2106678ce331288b6b62ab43fb7975810d394cb374f0edb5b24b,observed,observed_history_forward_replay
5,2026-07-04,unpopularity,1,2,33 37 38 43 44 45,,1,0,0.31506165734761504,100.0,99.99971153700746,54.99999999999999,c24838acf216d2fac9441c9566b6467da643e24e3f4a90b2ea121100a02c0b00,observed,observed_history_forward_replay
5,2026-07-04,unpopularity,1,3,34 36 39 40 41 45,,2,0,0.31506165734761504,100.0,99.99940043060266,73.33333333333334,13deb6b5ed9ad3629c804c9a41dd79b19273cc40f16ad74bef14b340cc859b8e,observed,observed_history_forward_replay
5,2026-07-04,unpopularity,1,4,33 34 37 41 43 45,,1,0,0.31506165734761504,100.0,99.99926925431399,65.0,945364bb5b7c282ef9aa324b11235231c142b30232b3ad8fce02711845bf7868,observed,observed_history_forward_replay
5,2026-07-04,unpopularity,1,5,32 37 38 39 41 44,,2,0,0.31506165734761504,100.0,99.99913405238799,76.66666666666666,ae474e8e9b6e5be78c037d593a0e34fa6a8e45d303e3fb166c23a62ce6de468c,observed,observed_history_forward_replay
5,2026-07-04,unpopularity,1,6,33 36 37 39 40 44,,1,0,0.31506165734761504,100.0,99.99899470128281,71.66666666666667,9a931961fd2f86e3dde40e595c0fe87fab8114ab77ce2feb31bf33d4f63e6268,observed,observed_history_forward_replay
5,2026-07-04,unpopularity,1,7,33 34 36 37 44 45,,1,0,0.31506165734761504,100.0,99.99899470128281,63.33333333333333,5915379b05429c171aa040d3334a3d9efe0546f6aaea80cf84bcf56041540406,observed,observed_history_forward_replay
5,2026-07-04,unpopularity,1,8,32 33 34 40 41 45,,1,0,0.31506165734761504,100.0,99.9987030382947,58.333333333333336,8dc8768b972d510ab1632d0be74da24d1242b0d2f6f000bcec2603dd68697fc6,observed,observed_history_forward_replay
5,2026-07-04,unpopularity,1,9,36 37 38 39 40 43,,2,0,0.31506165734761504,100.0,99.99794757886148,73.33333333333334,4d06134b8598f659086db4abab791b8ed0955a1ce1a2e72a46ee28962468f403,observed,observed_history_forward_replay
5,2026-07-04,unpopularity,1,10,33 39 40 41 42 45,,1,0,0.31506165734761504,100.0,99.99772988593334,63.33333333333333,512d449aa0245c648b91f4e42110c33b05b86669c5935a9fc19c7e9aa398238b,observed,observed_history_forward_replay
5,2026-07-04,unpopularity,1,11,34 36 37 39 41 43,,2,0,0.31506165734761504,100.0,99.99768192260947,85.0,9fce9d152590c5effe931cf116d75d8b5b111150fc2065e9b89fd968f5dafa25,observed,observed_history_forward_replay
5,2026-07-04,unpopularity,1,12,33 37 38 41 42 43,,1,0,0.31506165734761504,100.0,99.99716558755208,66.66666666666666,c8d451d28e48e7de7e391149315fa9b9bc83bb41df489ed61b0a602c36e9e565,observed,observed_history_forward_replay
5,2026-07-04,gingerm,3,1,14 24 25 27 31 41,,0,0,0.14323464228792604,100.0,97.7075832760716,81.66666666666667,b5f23f02525c85b78fd2834c51aa889b135902f034299cdd10f2972f797fadcd,observed,observed_history_forward_replay
5,2026-07-04,gingerm,3,2,2 7 17 24 42 44,,1,0,0.14323464228792604,100.0,96.15756934472876,68.33333333333333,3a9445dc4ba6b9d4485a7ecc0db1105fa935603bf504c9f8b18cc211f6677333,observed,observed_history_forward_replay
5,2026-07-04,gingerm,3,3,18 25 31 39 41 43,,1,0,0.14323464228792604,100.0,99.8702553371796,80.0,e68b34a822c5b9e65131fe0dc808d5da8db95bd47a1c1fd54676e29b21c6f7cc,observed,observed_history_forward_replay
5,2026-07-04,gingerm,3,4,13 17 21 23 25 43,,1,0,0.14323464228792604,100.0,96.89722322955707,71.66666666666667,2ade65b650c2229c0aa175a6cdb46ff8b9e4a83a80f967f53c2fa39c02404aad,observed,observed_history_forward_replay
5,2026-07-04,gingerm,3,5,8 24 31 32 41 43,,0,0,0.14323464228792604,100.0,99.75848910259822,78.33333333333333,7ab095aeed2b639ec3477d6190a4897e550148165b476fbedf8a60303f7bb2d6,observed,observed_history_forward_replay
5,2026-07-04,gingerm,3,6,2 17 21 23 27 32,,1,0,0.14323464228792604,100.0,94.11973777797748,70.0,896f8a10aadd5f495ba17c19ea4a518c29075f087a8d062f11c0dde27f19863f,observed,observed_history_forward_replay
5,2026-07-04,gingerm,3,7,8 24 31 33 34 41,,1,0,0.14323464228792604,100.0,99.72697726098644,76.66666666666666,6addc3ca8280c5c198af04d35d0786b32cf85e9e7cab73e43a31d1c1bccfc869,observed,observed_history_forward_replay
5,2026-07-04,gingerm,3,8,1 6 36 37 39 40,,1,0,0.14323464228792604,100.0,99.82505681552817,73.33333333333334,4237264c39806cc6abebdf6cb1a75f0698c7a2b45738c13a29da1d0470dc6cc0,observed,observed_history_forward_replay
5,2026-07-04,gingerm,3,9,1 4 31 39 40 41,,1,0,0.14323464228792604,100.0,99.51772668574932,78.33333333333333,68fac7789f58fe86c18c9ee947dc9f73256b0076d28e47f389ecfda28461109c,observed,observed_history_forward_replay
5,2026-07-04,gingerm,3,10,1 5 25 31 41 43,,0,0,0.14323464228792604,100.0,98.53406862684506,76.66666666666666,9e402ea1c3654db37edc15540c65888099e2ca8db3bcdea0c2bdff9202d16865,observed,observed_history_forward_replay
5,2026-07-04,gingerm,3,11,2 7 17 25 27 31,,1,0,0.14323464228792604,100.0,73.9362334499086,78.33333333333333,efd072feb6ccfb11a664a865819da6f294098c26c2ec3e18bf5c4f019492695a,observed,observed_history_forward_replay
5,2026-07-04,gingerm,3,12,27 28 30 36 37 39,,2,0,0.14323464228792604,100.0,99.80354558619155,76.66666666666666,6463ac7da098c71b7b636ec8b005a089b65cbf6920f0aa847e36220e3f8d9bad,observed,observed_history_forward_replay
5,2026-07-04,spectral_contrarian,4,1,6 15 21 26 32 45,,0,0,0.07314206159104719,100.0,98.40511840807086,41.66666666666667,3d264610a328e168e05e8fcd7b07ddcd0d3dfa42ca89677639db571af26ea9c6,observed,observed_history_forward_replay
5,2026-07-04,spectral_contrarian,4,2,3 9 13 19 30 37,,0,0,0.07314206159104719,100.0,93.51873039764745,54.99999999999999,353f1665a7a34187c7f2156a6e99642e94447d422d8772b038e9487b90aef5b3,observed,observed_history_forward_replay
5,2026-07-04,spectral_contrarian,4,3,1 7 16 22 34 42,,1,0,0.07314206159104719,100.0,95.25126413589638,54.99999999999999,775b1105c67f62816edc795898039489d886ce64142a5a1c039bc72294d18d65,observed,observed_history_forward_replay
5,2026-07-04,spectral_contrarian,4,4,5 10 20 27 31 39,,1,0,0.07314206159104719,100.0,95.28231501477944,66.66666666666666,e9a134f7a05d0ca35ebfce8933dc2c8623bdd5508b0f42d202aa5343287c9dc9,observed,observed_history_forward_replay
5,2026-07-04,spectral_contrarian,4,5,9 14 18 24 35 44,,1,0,0.07314206159104719,100.0,97.56932494410265,50.0,59ef06002e2231e8b4ee1725d07ec6e9716c2276aee1c86b47b90da3f1a8c8eb,observed,observed_history_forward_replay
5,2026-07-04,spectral_contrarian,4,6,2 6 12 22 29 41,,0,0,0.07314206159104719,100.0,91.06093645431581,58.333333333333336,87dfa8b2c7cf7c526e6fb6fe996edaaa2b3ebc360d67e9a36ecd5241fbdff210,observed,observed_history_forward_replay
5,2026-07-04,spectral_contrarian,4,7,10 15 26 33 38 45,,1,0,0.07314206159104719,100.0,99.70973365734825,31.666666666666664,1283414e2c3cf70661a124504c9f17e571733c83dc33efe5dd555322b2a11e41,observed,observed_history_forward_replay
5,2026-07-04,spectral_contrarian,4,8,4 14 19 23 30 43,,0,0,0.07314206159104719,100.0,95.02095402450146,58.333333333333336,ab7772611e823a232b8cf6b0b6892af3023f55147c389a8934b3932886e7ba14,observed,observed_history_forward_replay
5,2026-07-04,spectral_contrarian,4,9,1 8 11 17 28 34,,3,0,0.07314206159104719,100.0,83.67726146088069,66.66666666666666,0a62453fa89f8f868b6f90f8da5ccfaeadb18d44da7bd4743c3391f596775e35,observed,observed_history_forward_replay
5,2026-07-04,spectral_contrarian,4,10,5 15 21 32 40 44,,0,0,0.07314206159104719,100.0,99.49082598440005,51.66666666666667,747a5cf891d186981bed6ed0a046e2733f8c29e928a83f7f1ea9e91d58171077,observed,observed_history_forward_replay
5,2026-07-04,spectral_contrarian,4,11,3 9 18 25 29 36,,0,0,0.07314206159104719,100.0,94.34346757750711,56.666666666666664,2101b06c408d2ecbe7e367c028e911666b6957dfc94241c83873099f242479dc,observed,observed_history_forward_replay
5,2026-07-04,spectral_contrarian,4,12,7 13 16 22 33 42,,0,0,0.07314206159104719,100.0,97.12902821531672,51.66666666666667,de79929fbe48739d97c073b4ad24a316dbf7f73c374c71c8705997a5e01a0383,observed,observed_history_forward_replay
5,2026-07-04,parallax,6,1,34 38 41 43 44 45,,2,0,-0.05948464855922708,40.0,100.0,61.66666666666666,0d4bbd87498a462fa070ab22a57b11ff715d73a3ca9b696de10ddbd70c61ddff,observed,observed_history_forward_replay
5,2026-07-04,parallax,6,2,21 32 36 37 39 40,,1,0,-0.05948464855922708,40.0,99.97744149104412,75.0,b7f83cbd54ebed79d4ad40b8cf26dfc342d106f83a4a2832ec78b1ab0c0d1c8f,observed,observed_history_forward_replay
5,2026-07-04,parallax,6,3,16 17 28 33 35 42,,3,0,-0.05948464855922708,40.0,99.3366360346405,54.99999999999999,24d799d804ae137207239c403c9da127a18751ad1a0e3a06596db87e562327f1,observed,observed_history_forward_replay
5,2026-07-04,parallax,6,4,19 23 24 27 29 31,,0,0,-0.05948464855922708,40.0,95.4438808975364,76.66666666666666,1288f50676bc6845bf152c3a080aa1667052dcde51cacdae6d0a12f59f36226c,observed,observed_history_forward_replay
5,2026-07-04,parallax,6,5,12 13 15 18 25 26,,0,0,-0.05948464855922708,40.0,87.5906075109428,48.333333333333336,4c324334847b942c7bda7d30b5bd437dd7d5b26dbaaea46fdd787710112d4b17,observed,observed_history_forward_replay
5,2026-07-04,parallax,6,6,2 5 6 8 9 30,,0,0,-0.05948464855922708,40.0,0.0,50.0,728a0b7cfe020d117fd4d2c7ce5c5c6033bc30c3a315156f758be7a63c84ceb4,observed,observed_history_forward_replay
5,2026-07-04,parallax,6,7,3 10 11 14 33 43,,0,0,-0.05948464855922708,40.0,94.99802002217612,46.666666666666664,eff7c4fc6231be6f7bbf8288007c1818e4af900bf15941d603c2dfea95d47695,observed,observed_history_forward_replay
5,2026-07-04,parallax,6,8,1 19 20 22 36 45,,0,0,-0.05948464855922708,40.0,98.90526541104379,51.66666666666667,7bea676055819dfa392061afa060c0b8388577ea19020d47f80aa195f0b7c1f9,observed,observed_history_forward_replay
5,2026-07-04,parallax,6,9,4 7 13 17 40 44,,1,0,-0.05948464855922708,40.0,96.97584546618822,65.0,31a0d2358e9d31b2cc399edb54c9d305690d26cb916efa46271ca279ab646bcd,observed,observed_history_forward_replay
5,2026-07-04,parallax,6,10,26 29 30 33 36 38,,1,0,-0.05948464855922708,40.0,99.85978233763561,51.66666666666667,412573e554754b41c032cf6d08e19c4fc93ab04a59398fefcb009a9c36fa7d7b,observed,observed_history_forward_replay
5,2026-07-04,parallax,6,11,20 30 31 35 40 43,,1,0,-0.05948464855922708,40.0,99.80950443469855,56.666666666666664,187190bb8cee80dd1353fce47c66004da257de48e1f081984d9dc3a73b7f20c7,observed,observed_history_forward_replay
5,2026-07-04,parallax,6,12,11 25 27 35 37 38,,2,0,-0.05948464855922708,40.0,99.6009864774868,68.33333333333333,475b85b0fb58b7b395e80589b1342aa9f8e192d79c13640a67104a052fe60d2a,observed,observed_history_forward_replay
5,2026-07-04,coordinated_aggregation,7,1,34 38 41 43 44 45,,2,0,-0.05948464855922708,40.0,100.0,61.66666666666666,45caadce52c2db83b120cc2ae8e6b6489e10dc2ce5e2ce3f064fb3617f3b0ab8,observed,observed_history_forward_replay
5,2026-07-04,coordinated_aggregation,7,2,21 32 36 37 39 40,,1,0,-0.05948464855922708,40.0,99.97744149104412,75.0,3cebc744a3d00953703f1f128d2bcd9761f3a044357335885b9b628b932b5cbf,observed,observed_history_forward_replay
5,2026-07-04,coordinated_aggregation,7,3,16 17 28 33 35 42,,3,0,-0.05948464855922708,40.0,99.3366360346405,54.99999999999999,dbe1271c110c4a33bcc16451ff21e36dd15439efff46268350855c63078434df,observed,observed_history_forward_replay
5,2026-07-04,coordinated_aggregation,7,4,19 23 24 27 29 31,,0,0,-0.05948464855922708,40.0,95.4438808975364,76.66666666666666,9b806f1f611f943ba722335753d089e7b074bd7055b8e64201ad3338bac0882d,observed,observed_history_forward_replay
5,2026-07-04,coordinated_aggregation,7,5,12 13 15 18 25 26,,0,0,-0.05948464855922708,40.0,87.5906075109428,48.333333333333336,9a247a31aea6b09dac1c9c516a17333416ce2f0804577df8610f848cd94256cf,observed,observed_history_forward_replay
5,2026-07-04,coordinated_aggregation,7,6,2 5 6 8 9 30,,0,0,-0.05948464855922708,40.0,0.0,50.0,52cd4cd28f1c2e8fad7b82f2e3b3ffb7dc24164697fe67f7b3f84cd50bfa0416,observed,observed_history_forward_replay
5,2026-07-04,coordinated_aggregation,7,7,3 10 11 14 33 43,,0,0,-0.05948464855922708,40.0,94.99802002217612,46.666666666666664,273fc0ad8e8bf0df3df24e783182abbd6041820af180e406512d68fa9015c5aa,observed,observed_history_forward_replay
5,2026-07-04,coordinated_aggregation,7,8,1 19 20 22 36 45,,0,0,-0.05948464855922708,40.0,98.90526541104379,51.66666666666667,995c26fc99987614ccea850168ff1067175db6d7bceab6ed3c5b55464e3dfba6,observed,observed_history_forward_replay
5,2026-07-04,coordinated_aggregation,7,9,4 7 13 17 40 44,,1,0,-0.05948464855922708,40.0,96.97584546618822,65.0,6bfa3f3fa0bf43c6ca86779c492a443c459edc354ec5e00660724f1b8b62953c,observed,observed_history_forward_replay
5,2026-07-04,coordinated_aggregation,7,10,26 29 30 33 36 38,,1,0,-0.05948464855922708,40.0,99.85978233763561,51.66666666666667,5e4c00e92921d63436a4b982e76f7e986010607390d7bb3d40c847b041b029bc,observed,observed_history_forward_replay
5,2026-07-04,coordinated_aggregation,7,11,20 30 31 35 40 43,,1,0,-0.05948464855922708,40.0,99.80950443469855,56.666666666666664,d43a3fdc1df8e6b35973d35e9ba57f1d20b8f5cf332537f8b716461300b2f6d0,observed,observed_history_forward_replay
5,2026-07-04,coordinated_aggregation,7,12,11 25 27 35 37 38,,2,0,-0.05948464855922708,40.0,99.6009864774868,68.33333333333333,9889b9b5981072ddbac5c91dcc36c26fb9546c8322dbd1fd51d27094b0ba54b0,observed,observed_history_forward_replay
6,2026-07-11,uniform_random,5,1,8 10 14 28 31 37,,1,0,0.0,0.0,75.30703679219741,60.60606060606061,5b226043cd2c23f974625b67ba9e955d23ef509b5a4a6bdd6a91f47107138730,observed,observed_history_forward_replay
6,2026-07-11,uniform_random,5,2,1 6 14 15 26 39,,1,0,0.0,0.0,75.2426528804978,48.484848484848484,4993b9d86966ff67024d30f361c78ae4e46b2354e64fab3b99dfb1cd5d35b137,observed,observed_history_forward_replay
6,2026-07-11,uniform_random,5,3,8 21 23 25 27 30,,0,0,0.0,0.0,72.07703660538452,62.121212121212125,8c994aa8b2b76de369c3cc4063cf133d7467d80c5565c67c0721e9f508abef98,observed,observed_history_forward_replay
6,2026-07-11,uniform_random,5,4,10 13 20 22 24 32,,1,0,0.0,0.0,91.29153570289415,45.45454545454545,e7bc482406b4e8e6514a7d2effccfa0bcf5d0c90992327bf07e27d55fa6b5454,observed,observed_history_forward_replay
6,2026-07-11,uniform_random,5,5,6 8 15 31 40 43,,0,0,0.0,0.0,96.64234880441907,53.03030303030303,559fe85a92f8596695cd45acc80e628580b318bb6739a09b6c0d6d782e6659bd,observed,observed_history_forward_replay
6,2026-07-11,uniform_random,5,6,5 6 10 27 34 42,,0,0,0.0,0.0,90.58858113479624,53.03030303030303,19ed4e66dadf60278e437d6c2573a547a954e02a469abdddb0f833387cd1b546,observed,observed_history_forward_replay
6,2026-07-11,uniform_random,5,7,1 12 26 31 34 37,,0,0,0.0,0.0,96.53905223540306,62.121212121212125,3ed0a02879f9c688bce18d644fda0b1fd6e56d26c4bb279f3ea870d3a34c7a83,observed,observed_history_forward_replay
6,2026-07-11,uniform_random,5,8,11 14 28 32 36 37,,2,0,0.0,0.0,98.34973051882372,63.63636363636363,4af456af7f33e2aaa886ff4d8b2fb43cabf564eefa55ae9e7240ca554f67395d,observed,observed_history_forward_replay
6,2026-07-11,uniform_random,5,9,1 3 17 32 35 45,,1,0,0.0,0.0,97.74957154895024,53.03030303030303,135b8969b5b62e0bd263aeb711c970d64848fa9ac3a329c50884bee8720f97e2,observed,observed_history_forward_replay
6,2026-07-11,uniform_random,5,10,2 8 21 22 30 37,,0,0,0.0,0.0,81.4243462743909,53.03030303030303,bd4850386eadd2a5bb17138dc3e94df6f67792ac1eed65191e7d0212fc32001e,observed,observed_history_forward_replay
6,2026-07-11,uniform_random,5,11,15 21 24 35 37 41,,2,0,0.0,0.0,99.06391088044957,62.121212121212125,e88b728c8a07ca3e227441eea0653286b891e046bdeaaa90090fa3ca3c778beb,observed,observed_history_forward_replay
6,2026-07-11,uniform_random,5,12,7 15 19 20 23 42,,2,0,0.0,0.0,81.8230729977552,50.0,a201c303a3aa9b97d986f566a4cd1410a261e7e92c274d7218a6d7886dd70a51,observed,observed_history_forward_replay
6,2026-07-11,frequency,2,1,5 8 12 17 18 34,,0,0,0.052560104924603834,66.66666666666666,74.31423386862912,59.09090909090909,91f6b12534089538c6becda7a8f303d017116ab32b7e7307384e47f3da4367f1,observed,observed_history_forward_replay
6,2026-07-11,frequency,2,2,4 5 6 35 37 41,,2,0,0.052560104924603834,66.66666666666666,96.59786098494935,63.63636363636363,cfe0328eb2f87bc8b9db2029c6db1901dde1535f7e42decbac4498e98e959d40,observed,observed_history_forward_replay
6,2026-07-11,frequency,2,3,8 10 12 24 27 28,,0,0,0.052560104924603834,66.66666666666666,20.127796613442317,56.06060606060607,92423cfb4e321886a08a1d85da93b48749b75ad20a90e5bf02c4ff7b66025a19,observed,observed_history_forward_replay
6,2026-07-11,frequency,2,4,8 16 24 33 34 43,,0,0,0.052560104924603834,66.66666666666666,99.27115272476007,56.06060606060607,0415e03baeb0081a6a86cd01f3f60ebf6e77f7df759ec2b74bae1a90099f7944,observed,observed_history_forward_replay
6,2026-07-11,frequency,2,5,8 12 13 36 39 44,,1,0,0.052560104924603834,66.66666666666666,98.87834026165247,68.18181818181817,ce9b947e9d55ff7058e9001f201d25d6bc186f6ba86d1a991e12899f7aae3939,observed,observed_history_forward_replay
6,2026-07-11,frequency,2,6,13 15 25 31 34 38,,0,0,0.052560104924603834,66.66666666666666,98.59730836213251,62.121212121212125,506e04846f797cff3db938f143cbf9d0cd7f8f69307b4865d1e5cfe2166ef64e,observed,observed_history_forward_replay
6,2026-07-11,frequency,2,7,13 17 24 25 31 41,,1,0,0.052560104924603834,66.66666666666666,96.05176736700255,78.7878787878788,14863c23b24cc5a4db31703037fd5f8c9338240917f650f2e4352ac28e34c1a8,observed,observed_history_forward_replay
6,2026-07-11,frequency,2,8,4 21 32 34 43 44,,0,0,0.052560104924603834,66.66666666666666,99.69395661740026,57.57575757575757,bdc37f1a592164df9b2c67d7172a0c6d094e84f902fbd62e58ab9e2c21a5014d,observed,observed_history_forward_replay
6,2026-07-11,frequency,2,9,3 8 26 30 35 38,,1,0,0.052560104924603834,66.66666666666666,94.72518654924608,46.96969696969697,7632b7e3271b630870b27cf250e9783bb6379c35969f6f0348b3e60851f84291,observed,observed_history_forward_replay
6,2026-07-11,frequency,2,10,16 17 24 25 31 45,,0,0,0.052560104924603834,66.66666666666666,96.44896813972073,63.63636363636363,f4f4c3caaaea772909c30d2595760573e2fb2f5741b3e921986f51819da275e1,observed,observed_history_forward_replay
6,2026-07-11,frequency,2,11,8 13 38 39 42 45,,0,0,0.052560104924603834,66.66666666666666,99.72551302514192,60.60606060606061,f4a9c2b146c23e3bb55035f17efc8f8124be823abd3e8bacdb62b7131ea30017,observed,observed_history_forward_replay
6,2026-07-11,frequency,2,12,6 34 35 37 43 44,,1,0,0.052560104924603834,66.66666666666666,99.92027103456526,60.60606060606061,3017c753479978be8ac99a6a2b9cf605a0f9ae14c00f2950abb811d55b60519f,observed,observed_history_forward_replay
6,2026-07-11,unpopularity,1,1,32 38 40 41 44 45,,1,0,0.2661769200662967,100.0,99.99961544957674,54.54545454545454,b5267a9c6dd6f1709d48217b5abedd2bc8cf128c12e749dc525c10c26d67c3ba,observed,observed_history_forward_replay
6,2026-07-11,unpopularity,1,2,33 37 39 41 44 45,,1,0,0.2661769200662967,100.0,99.99948334236964,65.15151515151516,a504b33cb7ef624ba2f932c51b43941c6540c156c677895447834d034b4f8209,observed,observed_history_forward_replay
6,2026-07-11,unpopularity,1,3,34 37 38 40 44 45,,0,0,0.2661769200662967,100.0,99.99934922337768,56.06060606060607,7effe0e7b920e16b645a28d902d0fb88b33421546f92e1a20c007be1c194efdd,observed,observed_history_forward_replay
6,2026-07-11,unpopularity,1,4,34 37 39 40 43 45,,0,0,0.2661769200662967,100.0,99.99934922337768,63.63636363636363,7034b10541b761338c8de0d30dfa534c702421e4cc84ec04cad56b412d8c6c49,observed,observed_history_forward_replay
6,2026-07-11,unpopularity,1,5,32 37 39 41 43 44,,1,0,0.2661769200662967,100.0,99.99907482702727,72.72727272727272,104484dbe60e2c2bfaf865cf02cdde2dbc107c425750485c3eef59862b9ad552,observed,observed_history_forward_replay
6,2026-07-11,unpopularity,1,6,32 34 37 40 43 45,,0,0,0.2661769200662967,100.0,99.99835142731777,56.06060606060607,02cde07f7a83363f72a4e48c09f847a26c0223b088257c3a71fa927503c34c77,observed,observed_history_forward_replay
6,2026-07-11,unpopularity,1,7,32 33 36 41 43 44,,2,0,0.2661769200662967,100.0,99.9980464098458,62.121212121212125,f1e1800db7282f9055b4e9a039e08da61f61d6d58f43493ecfe86c296a027544,observed,observed_history_forward_replay
6,2026-07-11,unpopularity,1,8,32 33 36 39 43 45,,1,0,0.2661769200662967,100.0,99.99789040863266,59.09090909090909,c53e1903574c5ebfc2319e3b80b8da157fedbea80fa6df61cfff5e477d73f01b,observed,observed_history_forward_replay
6,2026-07-11,unpopularity,1,9,32 33 36 38 41 44,,2,0,0.2661769200662967,100.0,99.99724228271256,62.121212121212125,15716ea53621cbb96e98fdb97490a8c3eda38764ccbc456d9fa79ff7db33df79,observed,observed_history_forward_replay
6,2026-07-11,unpopularity,1,10,32 39 41 42 43 44,,1,0,0.2661769200662967,100.0,99.995473118009,68.18181818181817,0f18b43f53cd75e3778c13e878f3ef4538c6f55ceb1730e8a70ee15630fba278,observed,observed_history_forward_replay
6,2026-07-11,unpopularity,1,11,34 36 37 40 41 43,,2,0,0.2661769200662967,100.0,99.99536970866036,71.2121212121212,423a59716e04c147fb1cdf862074096a27a1a94bbebbcbb42d07692f2dd7b0cd,observed,observed_history_forward_replay
6,2026-07-11,unpopularity,1,12,39 40 41 42 43 45,,1,0,0.2661769200662967,100.0,99.99374700746961,62.121212121212125,53968085796d79dd9854c654a79566680deb6433cab664a36fde23f5f8909ed1,observed,observed_history_forward_replay
6,2026-07-11,gingerm,4,1,16 34 36 37 39 40,,1,0,0.03279275098893031,100.0,99.96823444401495,69.69696969696969,96ddd787b8ddb83d0c8db125f1eef0ff067c09cccef40196fb78130981eb7610,observed,observed_history_forward_replay
6,2026-07-11,gingerm,4,2,4 5 11 29 36 39,,1,0,0.03279275098893031,100.0,93.72848425303388,66.66666666666666,c498a4a90aeb2fab902db2b34253b5fbb135c9ffa27aea42f4d22cbe2881adc5,observed,observed_history_forward_replay
6,2026-07-11,gingerm,4,3,8 16 23 31 34 39,,0,0,0.03279275098893031,100.0,97.8778549620056,72.72727272727272,25f382a30888342bed6bdff4f388c06d027e4be96f103190030f88de3858261e,observed,observed_history_forward_replay
6,2026-07-11,gingerm,4,4,23 28 30 37 39 41,,1,0,0.03279275098893031,100.0,99.57681005773203,74.24242424242425,aefae03b484a7d87e74c7dfdd2e213360d032a1873701612f65fc5ee24e4b4d9,observed,observed_history_forward_replay
6,2026-07-11,gingerm,4,5,1 13 23 32 39 41,,1,0,0.03279275098893031,100.0,99.16374589438013,72.72727272727272,c4d9a5926e37acc78e5acaa2a6b6e0caa06d833a513630a63c60f29a145db874,observed,observed_history_forward_replay
6,2026-07-11,gingerm,4,6,17 20 23 25 39 41,,2,0,0.03279275098893031,100.0,98.7767531408906,75.75757575757576,0b55a7bb6c8c3fdceef736c87a9ed08add4f5e9e2c2eb6c72fa091d2ae9165d2,observed,observed_history_forward_replay
6,2026-07-11,gingerm,4,7,7 8 19 31 35 41,,3,0,0.03279275098893031,100.0,92.20250441777044,69.69696969696969,7b307bfae30fede2fea738655ac41da1539fe29d1f3e61a99ac5cf05f8b87505,observed,observed_history_forward_replay
6,2026-07-11,gingerm,4,8,2 7 17 24 27 31,,0,0,0.03279275098893031,100.0,42.08189899127359,72.72727272727272,e30ea4e4586e81d316da915fc64b19a92ef14d2725793fa9721c2e2f2ca3acaa,observed,observed_history_forward_replay
6,2026-07-11,gingerm,4,9,7 17 29 36 37 39,,1,0,0.03279275098893031,100.0,99.01358724639418,77.27272727272728,352ae294defdb2ca2f018c06b246c72c43ae687d57e5388ec945bc3314ad89b9,observed,observed_history_forward_replay
6,2026-07-11,gingerm,4,10,3 13 21 25 28 31,,0,0,0.03279275098893031,100.0,49.01527498781143,65.15151515151516,d549092f58dcd599eea9cf61c6dbf642f44442b5dd12aef4017f3ebe229dd16b,observed,observed_history_forward_replay
6,2026-07-11,gingerm,4,11,16 24 28 37 38 39,,0,0,0.03279275098893031,100.0,99.45877312980878,68.18181818181817,220d552e1ef4c992145c52536e90bf673f3e670260f28a32785a59b5981ed40e,observed,observed_history_forward_replay
6,2026-07-11,gingerm,4,12,7 8 19 31 36 44,,2,0,0.03279275098893031,100.0,95.10970933238437,68.18181818181817,a42ca7a9794a053a22aa6a04210c24cce1e49fc7e45436fb35031aedd9236640,observed,observed_history_forward_replay
6,2026-07-11,spectral_contrarian,3,1,6 15 21 25 32 45,,0,0,0.03851218443504667,100.0,96.45601988970873,45.45454545454545,96779e70ba8a833ff09bba800ead83682aede415e954df4043c5a9e4444dfd48,observed,observed_history_forward_replay
6,2026-07-11,spectral_contrarian,3,2,3 9 13 19 30 37,,1,0,0.03851218443504667,100.0,85.8137754398925,50.0,8ef59d3db82c76d2d07e101438c6f768059bea480abfac1a38fc4b3137aac187,observed,observed_history_forward_replay
6,2026-07-11,spectral_contrarian,3,3,1 7 16 22 34 42,,0,0,0.03851218443504667,100.0,89.60601706098235,51.515151515151516,4bbb19dc5c49f769fb447f2f4f9e6d0ce7d9b6ae418d2e75fb696bfccec15a9c,observed,observed_history_forward_replay
6,2026-07-11,spectral_contrarian,3,4,5 10 20 27 31 39,,1,0,0.03851218443504667,100.0,89.67398251104672,62.121212121212125,39dcd3a83012a9b9d1575cff60b908be2b1ff838a71e4d78142682b6b7d6f968,observed,observed_history_forward_replay
6,2026-07-11,spectral_contrarian,3,5,9 14 18 24 35 44,,2,0,0.03851218443504667,100.0,94.67988458980852,46.96969696969697,58f6e7c95c987591ba93b566aa23d877313c2278b4b5c5333b20b251dc8bb434,observed,observed_history_forward_replay
6,2026-07-11,spectral_contrarian,3,6,2 6 12 22 29 41,,1,0,0.03851218443504667,100.0,80.43405423608777,53.03030303030303,0d52d5848c62f461c0471996de57a784171c9bfa791c741389c419462b20989e,observed,observed_history_forward_replay
6,2026-07-11,spectral_contrarian,3,7,10 15 26 33 38 45,,0,0,0.03851218443504667,100.0,99.364899853475,30.303030303030305,f116b7f988ef33eda0cc41d6691237277506e6e4fdf5f92eed5a54f225533fcd,observed,observed_history_forward_replay
6,2026-07-11,spectral_contrarian,3,8,4 14 19 23 30 43,,2,0,0.03851218443504667,100.0,89.10190474795327,53.03030303030303,de2a8e51bf1b2232236a06073ad9a83928d8ea3789c0598f0007f9f27533cce3,observed,observed_history_forward_replay
6,2026-07-11,spectral_contrarian,3,9,1 8 11 17 27 34,,0,0,0.03851218443504667,100.0,75.8215358584465,66.66666666666666,42927e0839e1ab48bca7632f4c055d9b7d9f78b79024c762726c8c4cce911735,observed,observed_history_forward_replay
6,2026-07-11,spectral_contrarian,3,10,5 15 21 32 40 44,,0,0,0.03851218443504667,100.0,98.88574567009431,46.96969696969697,7b7f3c81a150935d0d55f7cd5504a291fc3d3fbba8221b92ae4386fda3c95b08,observed,observed_history_forward_replay
6,2026-07-11,spectral_contrarian,3,11,3 9 18 25 29 36,,1,0,0.03851218443504667,100.0,87.61899434609698,51.515151515151516,b9d09064de340854eb2ad23a0f39fd1c433370df119325438b4645815b3e85bc,observed,observed_history_forward_replay
6,2026-07-11,spectral_contrarian,3,12,7 12 16 22 33 42,,0,0,0.03851218443504667,100.0,91.06513935430128,43.93939393939394,023038638462bac1a9dd270b60e26998beaafcc277886de513777b962995c37c,observed,observed_history_forward_replay
6,2026-07-11,parallax,6,1,32 39 40 43 44 45,,0,0,-0.0677951087349582,33.33333333333333,100.0,56.060606060606055,93e0ef0c19e4328f0e43dc1b5dd9e0d5d6f85199f5dcc3276f8b7a1081343531,observed,observed_history_forward_replay
6,2026-07-11,parallax,6,2,31 34 36 37 38 41,,2,0,-0.0677951087349582,33.33333333333333,99.976359562347,78.7878787878788,dc3d0adb99a9aa639662c0a8a3aa8d8a3f002f54149abdb3c28a8dad082c041d,observed,observed_history_forward_replay
6,2026-07-11,parallax,6,3,11 17 27 33 35 42,,1,0,-0.0677951087349582,33.33333333333333,98.51623562483668,59.09090909090909,db25737879aaa31374714b8902f47b47f13951550c036a977d4ce851ac385ec7,observed,observed_history_forward_replay
6,2026-07-11,parallax,6,4,13 20 24 25 28 30,,1,0,-0.0677951087349582,33.33333333333333,81.78697281798954,57.57575757575758,9d5c0ccc23e9e2b93e2762c3634822871a625f4b513910a3b88d09a5ed6d574c,observed,observed_history_forward_replay
6,2026-07-11,parallax,6,5,12 15 16 21 26 29,,0,0,-0.0677951087349582,33.33333333333333,64.96967195484095,39.393939393939384,8c81e229551fca03e01b94f998a91b90cb47c674198dbf1d90b53a73cb5fb3db,observed,observed_history_forward_replay
6,2026-07-11,parallax,6,6,2 6 19 22 23 43,,1,0,-0.0677951087349582,33.33333333333333,86.64647465490836,51.515151515151516,14bf8a91834fdc540cad8d1ed72ac3263ea04ac8a51ff4ddf153417b0551d4e9,observed,observed_history_forward_replay
6,2026-07-11,parallax,6,7,1 7 8 9 14 41,,2,0,-0.0677951087349582,33.33333333333333,0.0,56.060606060606055,2662eae9f82c559b4bd26116d00069405c537d6213ef0a73419989e8dc23cef2,observed,observed_history_forward_replay
6,2026-07-11,parallax,6,8,3 4 5 18 23 34,,0,0,-0.0677951087349582,33.33333333333333,71.44691864929118,56.06060606060607,544c7909a685c5da513eac0991b1efc6bec18a7b1318294621a2fc4c2ada212f,observed,observed_history_forward_replay
6,2026-07-11,parallax,6,9,10 19 26 35 38 39,,2,0,-0.0677951087349582,33.33333333333333,99.04320453545792,51.515151515151516,769aacd940c052421f972bdc6da54e320bf45165c5b31828b5c8e07f2d647187,observed,observed_history_forward_replay
6,2026-07-11,parallax,6,10,23 29 30 38 42 45,,0,0,-0.0677951087349582,33.33333333333333,99.63168453779554,50.0,b3a4f5831f0b49ac03ee79c2ea6adaf9ddc619735c3936b89b32248335904823,observed,observed_history_forward_replay
6,2026-07-11,parallax,6,11,16 19 20 33 36 45,,3,0,-0.0677951087349582,33.33333333333333,99.56240928961898,45.45454545454546,6df0d71cc3bf28f0ec83e333bf1e75782389b62a29b99dbcf5a51fb3a762fe94,observed,observed_history_forward_replay
6,2026-07-11,parallax,6,12,18 28 29 35 41 43,,2,0,-0.0677951087349582,33.33333333333333,99.32073549418261,59.09090909090909,762d53ae3958cc875ed764bb1e5be77655eb64e43c564349cdc48c453980d429,observed,observed_history_forward_replay
6,2026-07-11,coordinated_aggregation,7,1,32 39 40 43 44 45,,0,0,-0.0677951087349582,33.33333333333333,100.0,56.060606060606055,d8149f2a7d846599e6a27f76958ed7e293782fcf36b3cbdef0e0c6a205d9512c,observed,observed_history_forward_replay
6,2026-07-11,coordinated_aggregation,7,2,31 34 36 37 38 41,,2,0,-0.0677951087349582,33.33333333333333,99.976359562347,78.7878787878788,50f1a65594c10196528816958486f0c5fa7668665c5ca8ad294bd77a400e06a9,observed,observed_history_forward_replay
6,2026-07-11,coordinated_aggregation,7,3,11 17 27 33 35 42,,1,0,-0.0677951087349582,33.33333333333333,98.51623562483668,59.09090909090909,743de0e5874abfa1c331df9cdf72ca3d8bad9f5d7e403923e8b83cc537df60d9,observed,observed_history_forward_replay
6,2026-07-11,coordinated_aggregation,7,4,13 20 24 25 28 30,,1,0,-0.0677951087349582,33.33333333333333,81.78697281798954,57.57575757575758,112c77d47a5a1ec6429750855c4457bfd8a540c696a31f75dd84f8638b0b2cfd,observed,observed_history_forward_replay
6,2026-07-11,coordinated_aggregation,7,5,12 15 16 21 26 29,,0,0,-0.0677951087349582,33.33333333333333,64.96967195484095,39.393939393939384,d86c8ce66cd601aabdf2b4f1cde7eafcd30454614748b557f1ff9338d4f7c6bf,observed,observed_history_forward_replay
6,2026-07-11,coordinated_aggregation,7,6,2 6 19 22 23 43,,1,0,-0.0677951087349582,33.33333333333333,86.64647465490836,51.515151515151516,dabe15aa6e54bdff309454ef7f73da6e42d2e55dd4eb7e8d93c66f045fe63e5a,observed,observed_history_forward_replay
6,2026-07-11,coordinated_aggregation,7,7,1 7 8 9 14 41,,2,0,-0.0677951087349582,33.33333333333333,0.0,56.060606060606055,c60e3b47322b4d9f3a0ddc48a3d67fe9e46ae9c8a9d24771c2d419da15bbbade,observed,observed_history_forward_replay
6,2026-07-11,coordinated_aggregation,7,8,3 4 5 18 23 34,,0,0,-0.0677951087349582,33.33333333333333,71.44691864929118,56.06060606060607,1f04f2d04498af47522f6fd5fe85d9fbefe667d1fa866e50681bda4db9ca116b,observed,observed_history_forward_replay
6,2026-07-11,coordinated_aggregation,7,9,10 19 26 35 38 39,,2,0,-0.0677951087349582,33.33333333333333,99.04320453545792,51.515151515151516,57933733a4bcbadf3f4b28840543112546657e16c69cce9da07424670cf53476,observed,observed_history_forward_replay
6,2026-07-11,coordinated_aggregation,7,10,23 29 30 38 42 45,,0,0,-0.0677951087349582,33.33333333333333,99.63168453779554,50.0,e4dc8550b239e3cd28697d0d2f73177deb34457b98f2f66111d590a6967a8e93,observed,observed_history_forward_replay
6,2026-07-11,coordinated_aggregation,7,11,16 19 20 33 36 45,,3,0,-0.0677951087349582,33.33333333333333,99.56240928961898,45.45454545454546,8cb218621d8b63f8102bfa7be28f2a192b1a5864df11d4adbf817d6949534de2,observed,observed_history_forward_replay
6,2026-07-11,coordinated_aggregation,7,12,18 28 29 35 41 43,,2,0,-0.0677951087349582,33.33333333333333,99.32073549418261,59.09090909090909,f6695287995c1249cce2f366da694e039868b1f2bfb90c8dff07894be0eb9967,observed,observed_history_forward_replay
7,2026-07-18,uniform_random,3,1,2 4 5 25 37 40,,1,0,0.0,0.0,97.65928217852323,60.60606060606061,8c5d97a3698f37758c26c5918ab98ce409d8f2dc3f9e01910b03cc992c426ab6,observed,observed_history_forward_replay
7,2026-07-18,uniform_random,3,2,3 7 32 38 42 45,,0,0,0.0,0.0,99.75623024240771,50.0,20928d9e6aa043fd949618fe133b376bc92ca2821ea5a66ec06fa9e85ba9d245,observed,observed_history_forward_replay
7,2026-07-18,uniform_random,3,3,16 23 24 39 41 43,,1,0,0.0,0.0,99.89357150230033,72.72727272727272,1ff64ebc6cb56798e9f417a404e5575add726c7c0780d6a373fd91bded30f9f8,observed,observed_history_forward_replay
7,2026-07-18,uniform_random,3,4,5 24 33 40 42 43,,0,0,0.0,0.0,99.91584752663852,53.03030303030303,5df8d8c71bbaba0c2bb824e342f95d096fefb1822abc40e765885928d7ac6e18,observed,observed_history_forward_replay
7,2026-07-18,uniform_random,3,5,16 19 20 26 29 32,,1,0,0.0,0.0,98.57015488389902,46.96969696969697,9eb43d10fb6b7f57357c707e9f15b72fdda0aedeb4cf87779a9ce20b5f530ae3,observed,observed_history_forward_replay
7,2026-07-18,uniform_random,3,6,8 12 15 39 42 45,,1,0,0.0,0.0,99.53507645755994,51.515151515151516,5472c7a9cc2ab380dcc5a2544bab128606f069d55215797ff73151774ebfb26f,observed,observed_history_forward_replay
7,2026-07-18,uniform_random,3,7,4 21 22 26 33 34,,0,0,0.0,0.0,98.81010921060269,45.45454545454545,2f1c0e419f6811c3adbe38309fb56710773dae3263ee18270c90c364303b3c92,observed,observed_history_forward_replay
7,2026-07-18,uniform_random,3,8,8 11 21 30 44 45,,0,0,0.0,0.0,98.74983264780872,48.484848484848484,44a71e05d53293b693fe2970f471e27754bc0b8564ad40c7c71a629b07c17d6d,observed,observed_history_forward_replay
7,2026-07-18,uniform_random,3,9,7 13 29 31 39 42,,0,0,0.0,0.0,98.70031708530227,71.2121212121212,a261d9550b94a09a090eb5b92faf5ff71bd8fc2819e2ca0f478d73971a67da43,observed,observed_history_forward_replay
7,2026-07-18,uniform_random,3,10,5 6 11 27 28 41,,0,0,0.0,0.0,91.52897698344897,65.15151515151516,51897b29f390da874932b2e005624a6272158dbc632a694b278096b0be39ef15,observed,observed_history_forward_replay
7,2026-07-18,uniform_random,3,11,17 18 24 35 39 41,,0,0,0.0,0.0,99.80658313856762,75.75757575757576,0217c2fc247796afa554707264787f96d94166f826bcd0fb1b0f7988f1baa1a3,observed,observed_history_forward_replay
7,2026-07-18,uniform_random,3,12,2 8 20 28 36 41,,1,0,0.0,0.0,98.20209327857393,69.69696969696969,961272c405e6e4a1fa49e0f4978c4d1c467b4e9ea788ec1676a352b73d0c7429,observed,observed_history_forward_replay
7,2026-07-18,frequency,7,1,1 2 4 27 34 41,,2,0,-0.6494812137450179,57.14285714285714,97.51325184901697,68.18181818181817,2e29638c5afa4e8d7f82cb81c931142657940997cac2af8ee4158bb687302c67,observed,observed_history_forward_replay
7,2026-07-18,frequency,7,2,1 2 3 19 31 39,,2,0,-0.6494812137450179,57.14285714285714,92.00527480306087,68.18181818181817,9162fa9e1fbf168d3efd2013c8b92a5411bab0aae2f7305232dc3077ab480c61,observed,observed_history_forward_replay
7,2026-07-18,frequency,7,3,3 6 25 29 40 41,,0,0,-0.6494812137450179,57.14285714285714,98.95489343340384,60.60606060606061,424bb57b4f8c50f343e837a9128d66a4744baf35f80c659d920d43f73c7aadff,observed,observed_history_forward_replay
7,2026-07-18,frequency,7,4,17 21 24 35 41 45,,0,0,-0.6494812137450179,57.14285714285714,99.74598605242431,66.66666666666666,bbc5c07f23c7e1b47de24988122e1bc73eac5c5dee3719a1c6ac61c7540995b7,observed,observed_history_forward_replay
7,2026-07-18,frequency,7,5,1 9 14 19 23 43,,3,0,-0.6494812137450179,57.14285714285714,93.06809139007541,53.03030303030303,83e48222f72773ffd51250be82bdcecec8720291f0160a19b943bb92b070da2d,observed,observed_history_forward_replay
7,2026-07-18,frequency,7,6,4 7 8 9 16 25,,2,0,-0.6494812137450179,57.14285714285714,35.31923102153933,51.515151515151516,e0fe368377946d8139b38972b028c67feb6d8d1faa8c39a508644ba9c2bbe6ce,observed,observed_history_forward_replay
7,2026-07-18,frequency,7,7,1 8 13 24 33 34,,1,0,-0.6494812137450179,57.14285714285714,98.32878490066636,60.60606060606061,6b9bee173e5a5bab5d64b09936822afc7781bb243d273e0cd58062c620334a8c,observed,observed_history_forward_replay
7,2026-07-18,frequency,7,8,4 6 7 9 14 27,,2,0,-0.6494812137450179,57.14285714285714,0.0,51.515151515151516,a99d3a3bdba3baef853348e8e668ca517f9b767624a38a466c7d41be602ef994,observed,observed_history_forward_replay
7,2026-07-18,frequency,7,9,7 11 28 39 41 44,,0,0,-0.6494812137450179,57.14285714285714,99.39052022662884,72.72727272727272,5bea490976ebe99b973817af59b66cdfd9ecc6abc1df124ad6e8879dbd48d43d,observed,observed_history_forward_replay
7,2026-07-18,frequency,7,10,2 8 13 25 34 41,,1,0,-0.6494812137450179,57.14285714285714,98.56356202751967,71.2121212121212,08b7dd9afcdc849024e18566fe1484a5390ead8da69906d311c49c5c35797321,observed,observed_history_forward_replay
7,2026-07-18,frequency,7,11,7 12 15 19 28 36,,1,0,-0.6494812137450179,57.14285714285714,90.78546622824113,57.57575757575758,f33b460da4a80117af832716d73d366cd75a0863118b70905ecb9d81fe0f3a3b,observed,observed_history_forward_replay
7,2026-07-18,frequency,7,12,8 12 20 24 37 43,,0,0,-0.6494812137450179,57.14285714285714,98.95489343340384,60.60606060606061,7a241b078e6061e6acfb08f5e8be6f79aed5fcbea4a6e6ef81f604ed00bc7d41,observed,observed_history_forward_replay
7,2026-07-18,unpopularity,1,1,34 38 39 41 43 44,,0,0,0.11195468653598661,100.0,99.9997587398014,72.72727272727272,902f31ba1cb38740b95a3ef30f9a766f7f249f746d12263e6821d00ea15388dd,observed,observed_history_forward_replay
7,2026-07-18,unpopularity,1,2,33 37 40 41 43 45,,0,0,0.11195468653598661,100.0,99.9997587398014,57.57575757575758,b1f0339d842067a93658b6a9ecdecf5dbe7f891e37f4770f0216e2ab6f85f902,observed,observed_history_forward_replay
7,2026-07-18,unpopularity,1,3,32 38 39 41 44 45,,0,0,0.11195468653598661,100.0,99.9997587398014,65.15151515151516,382f77ce0d530ab5fcf7116989f2841b7e00bdf5e44566d0664a36658a34cef5,observed,observed_history_forward_replay
7,2026-07-18,unpopularity,1,4,33 37 38 40 44 45,,0,0,0.11195468653598661,100.0,99.99967333402512,50.0,0d6bc10af12033b8217a2fcb954ec541c263ea5feecbd84c58841ae8f344e1d0,observed,observed_history_forward_replay
7,2026-07-18,unpopularity,1,5,32 37 39 40 44 45,,0,0,0.11195468653598661,100.0,99.99967333402512,60.60606060606061,4f79bf799c762d1ca06b0a95ecd55c448cc9b7e0078de7ce9aec1f148d31fdaa,observed,observed_history_forward_replay
7,2026-07-18,unpopularity,1,6,32 34 39 41 44 45,,0,0,0.11195468653598661,100.0,99.99958530725166,68.18181818181817,7282e1ef41775b44c9ff0aa86ce6c5380b3a3ab56177ada5531c23c3ec45696d,observed,observed_history_forward_replay
7,2026-07-18,unpopularity,1,7,39 40 41 43 44 45,,0,0,0.11195468653598661,100.0,99.99956920314428,63.63636363636363,127627a3f52efe890f345ddbc87bb2ba5b9483b899343ccabf4c2664bbd945e5,observed,observed_history_forward_replay
7,2026-07-18,unpopularity,1,8,33 37 38 39 41 44,,0,0,0.11195468653598661,100.0,99.99944817609698,71.2121212121212,ff545fd8a68bb1e7bc7b4a29a17b067743c44f48c6cdcca65068fb8829ef6432,observed,observed_history_forward_replay
7,2026-07-18,unpopularity,1,9,32 34 37 41 43 45,,0,0,0.11195468653598661,100.0,99.99944817609698,65.15151515151516,96d8519cc3bced0ad11830f1264a31169e96fba5273a4b65ed336c074519adfb,observed,observed_history_forward_replay
7,2026-07-18,unpopularity,1,10,33 36 37 40 41 44,,0,0,0.11195468653598661,100.0,99.99940106650418,68.18181818181817,3ae678d267004559b2f84d02376a81898aa3d49e392ae63067b6006184872470,observed,observed_history_forward_replay
7,2026-07-18,unpopularity,1,11,33 36 37 38 43 44,,0,0,0.11195468653598661,100.0,99.99940106650418,62.121212121212125,ef4dc24e9ce1c1dbfd84207f18f196a0b5245f9238999775762b84bbf7edf9cb,observed,observed_history_forward_replay
7,2026-07-18,unpopularity,1,12,32 34 36 41 43 45,,0,0,0.11195468653598661,100.0,99.99940106650418,66.66666666666666,4fb9ca2383b0dc56b1dce6d50feef6342acfb1c458b3a6746e36d1abf90f5f3c,observed,observed_history_forward_replay
7,2026-07-18,gingerm,2,1,12 17 21 27 31 41,,0,0,0.0697306649079299,100.0,97.29650785496064,74.24242424242424,1cb03dbd5605de9fccd1369e6bb3433c74274161d6fb1836a7ce0471946f0c75,observed,observed_history_forward_replay
7,2026-07-18,gingerm,2,2,8 20 25 27 31 41,,0,0,0.0697306649079299,100.0,98.2784885275236,74.24242424242424,d9822021927e135504a2dff2a4528f7580e4a20d78724305292a43afa3e6aebc,observed,observed_history_forward_replay
7,2026-07-18,gingerm,2,3,17 27 30 31 41 42,,0,0,0.0697306649079299,100.0,99.59021180398294,72.72727272727272,ee02dcac5db1c47f5dcf6cd98ed942d88c3caf6ead4e284e3c07d0a25793e281,observed,observed_history_forward_replay
7,2026-07-18,gingerm,2,4,11 28 36 38 39 40,,0,0,0.0697306649079299,100.0,99.92215743223875,68.18181818181817,c01a67670123df160dc749abf7f80715c9d8c843a58f484325aa1587706cbf85,observed,observed_history_forward_replay
7,2026-07-18,gingerm,2,5,1 3 36 37 39 40,,1,0,0.0697306649079299,100.0,99.8732699729222,69.69696969696969,e6196fcde4beb7d6efa46e798cb80ab66c484787253ad7370335906ec55a877d,observed,observed_history_forward_replay
7,2026-07-18,gingerm,2,6,28 31 33 38 39 43,,0,0,0.0697306649079299,100.0,99.96010245929352,66.66666666666666,39ad44892a959355eba7df41e41477a1ccea16dd2b9cd77720ccf264671980c5,observed,observed_history_forward_replay
7,2026-07-18,gingerm,2,7,27 34 35 37 39 41,,0,0,0.0697306649079299,100.0,99.98646376062818,81.81818181818183,b34f71ca7d8684d03d70fb97f58f1cd992d38cc75857796aaa858e3825173c0f,observed,observed_history_forward_replay
7,2026-07-18,gingerm,2,8,5 8 25 31 36 44,,0,0,0.0697306649079299,100.0,99.03114493897577,71.2121212121212,c5826302ce5bcd9123f134d9ab55f2ee63082b385fa5619d213fff895210c702,observed,observed_history_forward_replay
7,2026-07-18,gingerm,2,9,12 27 30 31 39 41,,0,0,0.0697306649079299,100.0,99.56823977186644,74.24242424242424,511c81315df0dbebbf90ed5e65e165374ffd360891aa01b8efe72464208904af,observed,observed_history_forward_replay
7,2026-07-18,gingerm,2,10,17 27 30 31 32 39,,0,0,0.0697306649079299,100.0,99.67299361076586,72.72727272727272,ab67c79bc9ebb58c70504e984b5d0ae03a08f7c98e7f5836ed87e7e2208a3318,observed,observed_history_forward_replay
7,2026-07-18,gingerm,2,11,17 27 29 36 37 39,,0,0,0.0697306649079299,100.0,99.89191205757358,80.30303030303031,9062811d83524f75f6a102326fdeb29c3c0924c412de91546c1e158016269bdd,observed,observed_history_forward_replay
7,2026-07-18,gingerm,2,12,19 31 34 36 39 41,,0,0,0.0697306649079299,100.0,99.96862281521601,86.36363636363636,097203bcd2c71fc22927bbad3585851212a157040ff3ad0e11cf6f77fb83c12e,observed,observed_history_forward_replay
7,2026-07-18,spectral_contrarian,4,1,6 15 21 25 32 45,,1,0,-0.11694186631507897,85.71428571428571,98.88006141393095,45.45454545454545,6b3d89625f72ea498028620bbd60f305e8ce7aef09be41df81dfbd9f013ed91e,observed,observed_history_forward_replay
7,2026-07-18,spectral_contrarian,4,2,3 9 13 19 29 37,,1,0,-0.11694186631507897,85.71428571428571,95.44891933188451,54.54545454545454,a44f94aed14dda8a62e49e8b27d5d3e7b7feb9e26c606e700ecc051362f24e7e,observed,observed_history_forward_replay
7,2026-07-18,spectral_contrarian,4,3,1 7 16 22 33 42,,2,0,-0.11694186631507897,85.71428571428571,96.66547630713708,45.45454545454545,8495b5a3c61d5a0fc2a89310ad2d577d8b244970705f6619100a917cff0d2a78,observed,observed_history_forward_replay
7,2026-07-18,spectral_contrarian,4,4,5 10 20 27 31 39,,0,0,-0.11694186631507897,85.71428571428571,96.73700865826088,63.63636363636363,cd29b1451e9d1af7480bf5e79dc4c9aba700e98ae20debd75f1f7be760c52946,observed,observed_history_forward_replay
7,2026-07-18,spectral_contrarian,4,5,9 14 18 24 35 44,,2,0,-0.11694186631507897,85.71428571428571,98.31882126788432,50.0,f52028097d22c3bd9d4a7da1f3176ece29abfe62f66d76e496a5559a3795f6a2,observed,observed_history_forward_replay
7,2026-07-18,spectral_contrarian,4,6,2 6 12 22 28 41,,1,0,-0.11694186631507897,85.71428571428571,90.58337382511621,56.060606060606055,7752394f3f76765dc9dffe98c5266342dd0ac8cacda6da21dd244bd8867d59a2,observed,observed_history_forward_replay
7,2026-07-18,spectral_contrarian,4,7,10 15 26 33 38 45,,1,0,-0.11694186631507897,85.71428571428571,99.79923700589632,30.303030303030305,416ffc3bebb137cb99d480c0610eda7fd4637ae7bb01dc865d9d54f045b36737,observed,observed_history_forward_replay
7,2026-07-18,spectral_contrarian,4,8,4 13 19 23 30 43,,0,0,-0.11694186631507897,85.71428571428571,97.67001810047898,57.57575757575758,00f3803db304465855620eb73744fc5f8023ae7573f6f631e94384ede89c591e,observed,observed_history_forward_replay
7,2026-07-18,spectral_contrarian,4,9,1 8 11 17 27 34,,1,0,-0.11694186631507897,85.71428571428571,92.35978064931052,66.66666666666666,73fd71e17c36b6197ec71bd8c2564f282818b379096122b82ad818203559a996,observed,observed_history_forward_replay
7,2026-07-18,spectral_contrarian,4,10,5 15 21 32 40 44,,1,0,-0.11694186631507897,85.71428571428571,99.64782930408748,46.96969696969697,58a16469d395f46cdaa005f2a2c4e79ad99c79b04e3fc3982ed073baeec7af7c,observed,observed_history_forward_replay
7,2026-07-18,spectral_contrarian,4,11,3 9 18 25 29 36,,1,0,-0.11694186631507897,85.71428571428571,96.08765392842396,53.03030303030303,9eebdd1ee9fd4fec5d3cfe854bd0a9386a8cc9f15b9c4fa6ffcf65f8a718625c,observed,observed_history_forward_replay
7,2026-07-18,spectral_contrarian,4,12,4 10 20 26 38 45,,0,0,-0.11694186631507897,85.71428571428571,98.93893939879541,37.878787878787875,fa87e1b66b6f107f607fa933a59a926ae19cd1d3b54bd442ebff791ed2227651,observed,observed_history_forward_replay
7,2026-07-18,parallax,5,1,34 38 41 43 44 45,,0,0,-0.11899648067691393,28.57142857142857,100.0,60.60606060606061,ca5cd39de7477f586cf521363cc1799c57b78418e5e9cc5206554e857691df45,observed,observed_history_forward_replay
7,2026-07-18,parallax,5,2,32 35 36 37 39 40,,0,0,-0.11899648067691393,28.57142857142857,99.99519964589878,72.72727272727272,ac2dc4d57b513357776cad20d63531b9e738539bccd5e24a0236dedaf2f1f405,observed,observed_history_forward_replay
7,2026-07-18,parallax,5,3,16 22 28 29 33 42,,1,0,-0.11899648067691393,28.57142857142857,99.19067647825482,45.45454545454545,b4dae8a854497ad7dc36770028a7c487eb89f99c531ff16ce5e6d86ecc9c6269,observed,observed_history_forward_replay
7,2026-07-18,parallax,5,4,1 15 19 24 30 31,,2,0,-0.11899648067691393,28.57142857142857,92.73203583333802,56.06060606060607,4d2801373b6b0e46c10c4ad6390f59480a7c979f71ff6ff4cb571d054bf8d343,observed,observed_history_forward_replay
7,2026-07-18,parallax,5,5,4 13 17 18 23 27,,0,0,-0.11899648067691393,28.57142857142857,90.45893616572693,63.63636363636363,4f36905cf2f2efa57ae881ad16b20daf5b36b81e10dad2645bd62a0cf08c9985,observed,observed_history_forward_replay
7,2026-07-18,parallax,5,6,2 3 11 20 25 43,,1,0,-0.11899648067691393,28.57142857142857,93.02234494323326,54.54545454545454,6fc9b8123675b00c358ea047a596c4a3c1469ee45438a167a3f60cdfc02bde4a,observed,observed_history_forward_replay
7,2026-07-18,parallax,5,7,9 10 14 21 26 39,,2,0,-0.11899648067691393,28.57142857142857,91.05990465059213,45.45454545454545,47d84ddf6dbd87d908371a2a07cff0e77bbf2bba56a317a2078a6829d033187b,observed,observed_history_forward_replay
7,2026-07-18,parallax,5,8,5 6 12 19 33 35,,0,0,-0.11899648067691393,28.57142857142857,96.32461594229599,51.515151515151516,1d6ec842c156924b2231435a89bef14208c516053de00040b785c9e82d7e0420,observed,observed_history_forward_replay
7,2026-07-18,parallax,5,9,7 8 19 26 32 38,,0,0,-0.11899648067691393,28.57142857142857,98.06076389808315,54.54545454545454,623974350febdbd686d6c552cc86575b30400607a22001eec6938df35421a5f7,observed,observed_history_forward_replay
7,2026-07-18,parallax,5,10,24 25 27 37 42 44,,0,0,-0.11899648067691393,28.57142857142857,99.86824355967691,68.18181818181817,a19441eed2e9522ff57938acc18998bd5a63737d87481b9901b88fec8c0e7064,observed,observed_history_forward_replay
7,2026-07-18,parallax,5,11,10 23 31 33 34 40,,0,0,-0.11899648067691393,28.57142857142857,99.81116356087996,56.06060606060607,74f0612ea16e76aac64bd73692533b98dc24185b3b24739c8f583121c9be8960,observed,observed_history_forward_replay
7,2026-07-18,parallax,5,12,15 20 23 35 41 42,,1,0,-0.11899648067691393,28.57142857142857,99.71735585435833,59.09090909090909,25888ee50cea4a5a7fa0b2fc83dd2d5c55853e2789ff003f8655a8b8832f22c8,observed,observed_history_forward_replay
7,2026-07-18,coordinated_aggregation,6,1,34 38 41 43 44 45,,0,0,-0.11899648067691393,28.57142857142857,100.0,60.60606060606061,8384a1d4bc57663fced1a1bf8db8078863fc7be067fd68d071c39a8e93c49365,observed,observed_history_forward_replay
7,2026-07-18,coordinated_aggregation,6,2,32 35 36 37 39 40,,0,0,-0.11899648067691393,28.57142857142857,99.99519964589878,72.72727272727272,24a8640424943f6318b067b59e2f6e72d79ed4b7e2ace98ded1534bae4f09a19,observed,observed_history_forward_replay
7,2026-07-18,coordinated_aggregation,6,3,16 22 28 29 33 42,,1,0,-0.11899648067691393,28.57142857142857,99.19067647825482,45.45454545454545,a05f4759e76fa06b73ed314db9264b8e2ceec2283ee226f93d424967087966ea,observed,observed_history_forward_replay
7,2026-07-18,coordinated_aggregation,6,4,1 15 19 24 30 31,,2,0,-0.11899648067691393,28.57142857142857,92.73203583333802,56.06060606060607,a079c397c459dfb36e9f88d428164ab08edc5026e5c73ff5e6efea06e526bdf7,observed,observed_history_forward_replay
7,2026-07-18,coordinated_aggregation,6,5,4 13 17 18 23 27,,0,0,-0.11899648067691393,28.57142857142857,90.45893616572693,63.63636363636363,5f3e8b7f76486f494c3629924d503bfc62e986437d7f3036b45208efae416e3b,observed,observed_history_forward_replay
7,2026-07-18,coordinated_aggregation,6,6,2 3 11 20 25 43,,1,0,-0.11899648067691393,28.57142857142857,93.02234494323326,54.54545454545454,81db28a10760e0d9587335d533e73a4977ce9331f47ec312d7a12a400c607fbb,observed,observed_history_forward_replay
7,2026-07-18,coordinated_aggregation,6,7,9 10 14 21 26 39,,2,0,-0.11899648067691393,28.57142857142857,91.05990465059213,45.45454545454545,4c5e6c51b8a6069160928cd42feb008b1dcdcf84e9b4bd5df02dbeeb6380cbbb,observed,observed_history_forward_replay
7,2026-07-18,coordinated_aggregation,6,8,5 6 12 19 33 35,,0,0,-0.11899648067691393,28.57142857142857,96.32461594229599,51.515151515151516,c8d8006781870edfd0e4e5e72ceb9a76a586fa7673ad318b72b4b9bd8dac2136,observed,observed_history_forward_replay
7,2026-07-18,coordinated_aggregation,6,9,7 8 19 26 32 38,,0,0,-0.11899648067691393,28.57142857142857,98.06076389808315,54.54545454545454,bac229dfca8015eb9327c7142cd1042d28e92d64bc02e2208daf3aac2576923f,observed,observed_history_forward_replay
7,2026-07-18,coordinated_aggregation,6,10,24 25 27 37 42 44,,0,0,-0.11899648067691393,28.57142857142857,99.86824355967691,68.18181818181817,16a3c2182fd6c3788692778c6c5b874a53447bab15045605aecff6125b3c19f3,observed,observed_history_forward_replay
7,2026-07-18,coordinated_aggregation,6,11,10 23 31 33 34 40,,0,0,-0.11899648067691393,28.57142857142857,99.81116356087996,56.06060606060607,53bfba091289592cf409c3f6afc83eeded1a99dce0bc19496c384e97f7b10982,observed,observed_history_forward_replay
7,2026-07-18,coordinated_aggregation,6,12,15 20 23 35 41 42,,1,0,-0.11899648067691393,28.57142857142857,99.71735585435833,59.09090909090909,702c2cf795397d779323378a82caed1598993574cdc16e68baf37a9fc526b3a8,observed,observed_history_forward_replay
8,2026-07-25,uniform_random,7,1,2 4 11 26 36 45,,1,0,0.0,0.0,94.65430313244637,53.03030303030303,5cc98ad4733ba349887e064144b304cf4e9dcc406b298e01146fd37c15f97eac,observed,observed_history_forward_replay
8,2026-07-25,uniform_random,7,2,5 35 36 40 43 44,,3,0,0.0,0.0,99.93654845671391,60.60606060606061,4be1e5d69eb7fdc1f19cacb82b7fbc104f5432993b423471b31cb18902498a59,observed,observed_history_forward_replay
8,2026-07-25,uniform_random,7,3,1 3 8 10 35 36,,1,0,0.0,0.0,82.04814144677441,57.57575757575758,3ba7f149887aa4ad99a19df84111abfc07f3505329e57a692f821cdb958deebb,observed,observed_history_forward_replay
8,2026-07-25,uniform_random,7,4,9 13 21 23 36 40,,3,0,0.0,0.0,96.8863154789072,59.09090909090909,1402c38fc604e2a44e2b0f48d7cc79a9bff233d54f65cd06f42078e441996103,observed,observed_history_forward_replay
8,2026-07-25,uniform_random,7,5,14 17 23 26 28 37,,0,0,0.0,0.0,91.69873611961224,65.15151515151516,81f1fb448a33ba69742ba1bb3705e43b6d5964f572054710bd4c028badfb9c93,observed,observed_history_forward_replay
8,2026-07-25,uniform_random,7,6,6 20 21 26 27 30,,2,0,0.0,0.0,74.7150060133514,46.96969696969697,f42bf80181b2f9bdf98c8be5ae3946fa4b823656d8cbb455b183095f367dee90,observed,observed_history_forward_replay
8,2026-07-25,uniform_random,7,7,1 6 24 36 39 41,,1,0,0.0,0.0,98.96840601608086,78.7878787878788,77ee46839e191cb2a9b37e211f9bc57d8fd99d8561e0695c8eb14f5b1352e3f9,observed,observed_history_forward_replay
8,2026-07-25,uniform_random,7,8,2 9 20 23 27 37,,1,0,0.0,0.0,89.12251791059923,60.60606060606061,ee92a55b9f4610cadbdeaa83166263cf73efbc2db4ca7f79256fbd701168097e,observed,observed_history_forward_replay
8,2026-07-25,uniform_random,7,9,2 8 28 35 38 40,,0,0,0.0,0.0,97.80705546342845,59.09090909090909,41f242f22a05dcc7927c2f6a1e68bfedc908a64d38cf605947e622e8f8c492af,observed,observed_history_forward_replay
8,2026-07-25,uniform_random,7,10,3 5 15 16 23 39,,0,0,0.0,0.0,85.93378161134896,57.57575757575758,af98c8aa7ce9e196aeb210c16705affd00443d825849367b20337fc04d09d6ac,observed,observed_history_forward_replay
8,2026-07-25,uniform_random,7,11,1 5 11 16 17 36,,1,0,0.0,0.0,75.29087843784654,65.15151515151516,a187decac44649c2062786f6de1f340086cfc3556ec1973b68175a444e96f4e6,observed,observed_history_forward_replay
8,2026-07-25,uniform_random,7,12,3 8 20 28 29 40,,0,0,0.0,0.0,85.97036859900358,53.03030303030303,702bc636ccb9db58d94e46995be513c97b81692ee64a8b6934bb1c6de421a561,observed,observed_history_forward_replay
8,2026-07-25,frequency,2,1,2 6 13 30 33 40,,1,0,0.16323260058811462,62.5,96.18369491803517,48.484848484848484,b29da769a8051da91af3d9cd456f17942a8536656ac00a663bd57830a228abed,observed,observed_history_forward_replay
8,2026-07-25,frequency,2,2,7 23 32 37 38 39,,0,0,0.16323260058811462,62.5,99.7310153350663,71.2121212121212,f0a7f47b930db824ca2923dcef7001ae59d624123eab7b300f523b2021b59c10,observed,observed_history_forward_replay
8,2026-07-25,frequency,2,3,2 10 22 38 39 45,,0,0,0.16323260058811462,62.5,99.10051368490805,48.484848484848484,628a460aac4b6904771c123ffd183c580cb577953e707881ae84f1ab9808151f,observed,observed_history_forward_replay
8,2026-07-25,frequency,2,4,12 21 30 31 34 37,,1,0,0.16323260058811462,62.5,97.80268792212725,63.63636363636363,26a8b7672d3031813103b177f150187fb4c17f51634c8d02143e97e675e97aa4,observed,observed_history_forward_replay
8,2026-07-25,frequency,2,5,1 23 31 34 36 38,,1,0,0.16323260058811462,62.5,99.42457453307443,74.24242424242424,b97771aef9eec0b079e6c95732c4b591269f9c7634738713ccdfeb3cec44aad2,observed,observed_history_forward_replay
8,2026-07-25,frequency,2,6,2 6 14 28 39 41,,0,0,0.16323260058811462,62.5,92.15013982961409,72.72727272727272,5c9bda25bf163c2a74f1c8a340f99cd42c5b9a106698478fc4f4521df008482f,observed,observed_history_forward_replay
8,2026-07-25,frequency,2,7,8 10 17 23 32 42,,0,0,0.16323260058811462,62.5,94.92511348294344,57.57575757575758,bbf45e44bef0b2f96034133bdbd226133fb7f6f394d459819b3d6985b5e07cdd,observed,observed_history_forward_replay
8,2026-07-25,frequency,2,8,3 13 17 23 36 41,,2,0,0.16323260058811462,62.5,97.62344581744632,75.75757575757576,fc6b566370bab6a406627f28f987586de4a250d6dd551b956a9b4f19b9ff55ee,observed,observed_history_forward_replay
8,2026-07-25,frequency,2,9,1 6 7 12 32 34,,0,0,0.16323260058811462,62.5,81.77465363557798,57.57575757575758,8656565876a2e2f33f506b112727dfbe2798449bcd40e92f43e1f06dba9d9e16,observed,observed_history_forward_replay
8,2026-07-25,frequency,2,10,3 10 16 25 33 35,,0,0,0.16323260058811462,62.5,94.0959484334303,46.96969696969697,7f50f403c443cd08dac5759b0dc227912eb6e15358beb0309d107f5609f3a9f5,observed,observed_history_forward_replay
8,2026-07-25,frequency,2,11,5 19 20 31 42 45,,0,0,0.16323260058811462,62.5,97.70043386339032,56.060606060606055,a443cd2821518d5669f0ff18b4331c6cd638c1f0b1cc0acff3282335772a9b41,observed,observed_history_forward_replay
8,2026-07-25,frequency,2,12,2 14 17 34 39 43,,1,0,0.16323260058811462,62.5,98.92734684147412,72.72727272727272,f74c511d5405ed80cf2822c55aea0f91497dc86360010a91fb5bb65ee4f15609,observed,observed_history_forward_replay
8,2026-07-25,unpopularity,1,1,34 36 40 43 44 45,,3,0,0.2753229805090296,100.0,100.0,57.57575757575758,c58d3487b148d145caf40e02cde9eb53fae9701ba96cd2bc3f96fb718e9d40f0,observed,observed_history_forward_replay
8,2026-07-25,unpopularity,1,2,33 37 40 41 43 45,,1,0,0.2753229805090296,100.0,99.99966721969379,57.57575757575758,95cd720e9cba37ec020dc2c96526f5da1f4584194410f9b03d04cf90595c1c90,observed,observed_history_forward_replay
8,2026-07-25,unpopularity,1,3,33 34 37 43 44 45,,2,0,0.2753229805090296,100.0,99.99931900353093,54.54545454545454,8edd681c8d65d9d212c82c142d25efad564272c937aa588611a44ca6528336f6,observed,observed_history_forward_replay
8,2026-07-25,unpopularity,1,4,34 36 38 40 43 45,,2,0,0.2753229805090296,100.0,99.99931900353093,57.57575757575758,ffba8db958e5375c6bed6712295aeeca348c12313fb937a09a30619c0edc180a,observed,observed_history_forward_replay
8,2026-07-25,unpopularity,1,5,33 37 38 39 43 45,,1,0,0.2753229805090296,100.0,99.99919937847798,59.09090909090909,80cbd4dbc9bbbcf20e4726e5483b67508ea73e73ca30a008e112652c225bd7d6,observed,observed_history_forward_replay
8,2026-07-25,unpopularity,1,6,33 34 36 40 44 45,,2,0,0.2753229805090296,100.0,99.99882946172225,54.54545454545454,fab3be6d4e115db3776f0b8f98db49778535c46cd1fdd88d8de85b6c3d9cae29,observed,observed_history_forward_replay
8,2026-07-25,unpopularity,1,7,32 33 39 40 43 44,,2,0,0.2753229805090296,100.0,99.99870238171792,57.57575757575758,000b2b781e453448141a334670439b46f33885f90fd957a0916a535a8d591a82,observed,observed_history_forward_replay
8,2026-07-25,unpopularity,1,8,32 33 36 40 44 45,,2,0,0.2753229805090296,100.0,99.99857336648509,51.515151515151516,df8987ab503ad4afeb146f192225f43a94a0b8254e2a5875882ca9c6a22f030a,observed,observed_history_forward_replay
8,2026-07-25,unpopularity,1,9,36 38 40 41 44 45,,2,0,0.2753229805090296,100.0,99.9981253877894,62.121212121212125,5e6a0e54408e540ea1888a6260cb83e34ccf7023a32ea1917bdd8bb9db717a55,observed,observed_history_forward_replay
8,2026-07-25,unpopularity,1,10,32 33 34 38 40 44,,1,0,0.2753229805090296,100.0,99.99732013017099,53.03030303030303,3c2f45fd38fe81355f720d589e0b37b16ad218a3f32e9c8b846d6a079d2ccafd,observed,observed_history_forward_replay
8,2026-07-25,unpopularity,1,11,35 39 40 43 44 45,,2,0,0.2753229805090296,100.0,99.99704411998994,57.57575757575758,a4fe2c9a9f002106a579a49459ee8bff4f39ef8dd4b66013f666e1778c3026c5,observed,observed_history_forward_replay
8,2026-07-25,unpopularity,1,12,35 37 39 43 44 45,,2,0,0.2753229805090296,100.0,99.99657423259158,63.63636363636363,52a18f228625d1caf623c73d7c077c0468c1b4afb190ddc6b78866a5050e3c67,observed,observed_history_forward_replay
8,2026-07-25,gingerm,3,1,16 28 33 36 39 41,,1,0,0.06604461775702175,100.0,99.85461210639107,72.72727272727272,d1d7f6ba14317c94ead5085f6887d4a019b95c43f06851d05e00c0302b24975a,observed,observed_history_forward_replay
8,2026-07-25,gingerm,3,2,16 28 33 35 37 39,,0,0,0.06604461775702175,100.0,99.76036750050724,65.15151515151516,a0cc49ece35068d0f8f0802034cde4b8df6da3b5103ecfbbf37451dabb05549d,observed,observed_history_forward_replay
8,2026-07-25,gingerm,3,3,19 32 35 37 39 41,,0,0,0.06604461775702175,100.0,99.95672729251197,77.27272727272728,38914c8b609c42672acdc1738583839ed19e388ba310ef3d0093208dcbefeb21,observed,observed_history_forward_replay
8,2026-07-25,gingerm,3,4,23 32 36 37 41 44,,2,0,0.06604461775702175,100.0,99.97826044963224,75.75757575757575,4af9a531eaaa02b2e6be2dc9f6943b4413ac66265895a1e30cef9bda237fca7e,observed,observed_history_forward_replay
8,2026-07-25,gingerm,3,5,4 8 29 31 35 41,,0,0,0.06604461775702175,100.0,96.0167457043013,71.2121212121212,01012ff22803778a38e4645dc37325c78e70de5659d7a0a5c912dc967a3082ab,observed,observed_history_forward_replay
8,2026-07-25,gingerm,3,6,5 17 36 37 39 44,,2,0,0.06604461775702175,100.0,99.82855010779502,77.27272727272728,7703187d389c43875dc7af54bb11512b5f2682de64354abad07f8fd831a236f8,observed,observed_history_forward_replay
8,2026-07-25,gingerm,3,7,8 23 24 28 31 41,,0,0,0.06604461775702175,100.0,93.3403582336497,77.27272727272728,f51d500e3df70a3ff823df3cd21100e8b335b3fee30d0b0e74df5693f8b45e69,observed,observed_history_forward_replay
8,2026-07-25,gingerm,3,8,12 27 28 36 37 39,,2,0,0.06604461775702175,100.0,99.32098923262124,75.75757575757576,a98396d9842e67211c277e3b499f29a413f1b0d3e400b106d34eb9a997514b96,observed,observed_history_forward_replay
8,2026-07-25,gingerm,3,9,4 5 6 11 24 29,,0,0,0.06604461775702175,100.0,0.0,56.060606060606055,004c1949d5ded4b3a33c563ceb121c797d6fd6f11f64061e268c053a1039bb42,observed,observed_history_forward_replay
8,2026-07-25,gingerm,3,10,11 20 28 31 34 39,,0,0,0.06604461775702175,100.0,97.73503497116957,71.2121212121212,6373a65a8487a6d28c4161b20e2ad120fbeb1c5520c9fc6b5b1c16efea2641f1,observed,observed_history_forward_replay
8,2026-07-25,gingerm,3,11,14 25 31 33 39 41,,0,0,0.06604461775702175,100.0,99.54579498085499,77.27272727272728,978ffe726d4e0bf580eb3393f714c17984fa23dd0bf99dca87817c9a34dbddc7,observed,observed_history_forward_replay
8,2026-07-25,gingerm,3,12,1 14 28 36 37 41,,1,0,0.06604461775702175,100.0,98.5718981177601,77.27272727272728,118ead3f962c7d6786170e23de67222a7aa9977c73cab9e47adffbab9f310503,observed,observed_history_forward_replay
8,2026-07-25,spectral_contrarian,6,1,6 15 21 26 32 45,,1,0,0.030925546494442457,87.5,97.0246580826859,39.393939393939384,78f800709b620edc66f00d1c510393e5b28a395c823306db3044338a30af921d,observed,observed_history_forward_replay
8,2026-07-25,spectral_contrarian,6,2,3 9 13 19 30 37,,1,0,0.030925546494442457,87.5,87.90785019120256,53.03030303030303,24520534a840400d956c00f9ab460ac497b2fbd7e098ff12d3bd1a6d6cf5b5b7,observed,observed_history_forward_replay
8,2026-07-25,spectral_contrarian,6,3,1 7 16 23 34 42,,0,0,0.030925546494442457,87.5,91.27333804298485,62.121212121212125,d9b017198a03a3b9da34b97ad3aa931c2360dff20caa352db3fff7710365d01b,observed,observed_history_forward_replay
8,2026-07-25,spectral_contrarian,6,4,5 10 21 27 31 39,,2,0,0.030925546494442457,87.5,86.992016419505,65.15151515151516,4869bebd370022a84e7f4cada759b91b17cc4c04b9aa1ba310c90ca4835a4b78,observed,observed_history_forward_replay
8,2026-07-25,spectral_contrarian,6,5,9 15 18 25 35 44,,1,0,0.030925546494442457,87.5,97.06939582717573,46.96969696969697,5025f79f4393576e9fca02a258e29964daa532333a7e99bcb276fa717b3d900b,observed,observed_history_forward_replay
8,2026-07-25,spectral_contrarian,6,6,3 6 12 22 29 41,,0,0,0.030925546494442457,87.5,83.57248084377441,53.03030303030303,ce1ae1be9acd303c737ffd0fc13aff532717c3274e4228fb40ddddd42b0278c4,observed,observed_history_forward_replay
8,2026-07-25,spectral_contrarian,6,7,10 16 26 33 38 45,,0,0,0.030925546494442457,87.5,99.46697818780102,34.848484848484844,9627f4314d18ddadaae5666768346f027cf23d33e3d093b63f9778b8e46eb528,observed,observed_history_forward_replay
8,2026-07-25,spectral_contrarian,6,8,4 13 20 23 30 43,,2,0,0.030925546494442457,87.5,93.809480114149,54.54545454545454,8bdec2f33f79702443b3798b784f74c3d718e6edab61fe4c0712bf4157ff1e15,observed,observed_history_forward_replay
8,2026-07-25,spectral_contrarian,6,9,1 8 11 17 28 34,,0,0,0.030925546494442457,87.5,69.54607018619463,66.66666666666666,b5b2f1469305f48b9c9f698073ddfe99842e03c2d989c1dae321eb89687f1d38,observed,observed_history_forward_replay
8,2026-07-25,spectral_contrarian,6,10,5 15 21 32 40 44,,2,0,0.030925546494442457,87.5,99.05032353917578,48.48484848484848,cf05dc1d6bbaddf1ae3c614110c9bc314789e5db58add111d56856fb01468e0e,observed,observed_history_forward_replay
8,2026-07-25,spectral_contrarian,6,11,3 9 19 25 29 36,,1,0,0.030925546494442457,87.5,89.60501704440998,59.09090909090909,44bf7f78fa50663e2d07338f18066012f5d09f505f22f56c15e51b607c14c1c2,observed,observed_history_forward_replay
8,2026-07-25,spectral_contrarian,6,12,7 12 16 22 33 42,,0,0,0.030925546494442457,87.5,92.3840830334116,45.45454545454545,9fddc71ab3f4671fc58ff7610907e9c73e5813933eb2cd24a3ca55dc983160a5,observed,observed_history_forward_replay
8,2026-07-25,parallax,4,1,33 36 40 43 44 45,,3,0,0.032136756624190355,37.5,99.99989074545167,51.515151515151516,03e41056b885785497793be64247cdf7f5207d9f9c803cc57d25deeef3bdee0e,observed,observed_history_forward_replay
8,2026-07-25,parallax,4,2,9 34 37 38 39 41,,0,0,0.032136756624190355,37.5,99.95639449394932,72.72727272727272,e21e85a51d8718cc8cc23cdba1d152b27b3c9753c21bf979e3e285addbe32969,observed,observed_history_forward_replay
8,2026-07-25,parallax,4,3,19 26 27 31 35 42,,1,0,0.032136756624190355,37.5,98.12433134531717,62.121212121212125,bceb39d778824795aea31c74b653519f36ce08b91e36c080d5ecce318077d236,observed,observed_history_forward_replay
8,2026-07-25,parallax,4,4,12 17 20 22 24 32,,0,0,0.032136756624190355,37.5,93.22119140738614,54.54545454545454,d953c115cf6c294f6c9ec826f13a9bff59b546facb4632b675e5b3a55696ce39,observed,observed_history_forward_replay
8,2026-07-25,parallax,4,5,8 15 16 18 23 29,,0,0,0.032136756624190355,37.5,76.84741917346425,50.0,0a3cc5bfe1cb1ff58ae9705c480d867552c9329717023014ed8a89308628a043,observed,observed_history_forward_replay
8,2026-07-25,parallax,4,6,1 10 11 21 25 43,,2,0,0.032136756624190355,37.5,74.5985935813175,53.03030303030303,49733c15d7936bcc5510adfbc3718159a3bf2b437b97bb3318ef6b846f68e369,observed,observed_history_forward_replay
8,2026-07-25,parallax,4,7,5 6 7 13 14 38,,1,0,0.032136756624190355,37.5,41.81598776561955,57.57575757575758,26a713ab19806f6147abc87ecc9bf746ee55b1891a458fbd941efdde73a3fc48,observed,observed_history_forward_replay
8,2026-07-25,parallax,4,8,2 4 30 32 35 38,,0,0,0.032136756624190355,37.5,98.30112109643905,54.54545454545454,2885334c072603be7abddac97418a87e50004b9303ce7f8f03186c515d887201,observed,observed_history_forward_replay
8,2026-07-25,parallax,4,9,3 10 32 41 42 44,,1,0,0.032136756624190355,37.5,99.59645765645293,54.54545454545454,084cd9fd845ba4d89300c33f7f96f4a57aa67a20f6de7da580820988483e2e88,observed,observed_history_forward_replay
8,2026-07-25,parallax,4,10,13 25 28 33 35 37,,1,0,0.032136756624190355,37.5,99.17748660118177,63.63636363636363,dcdb80181a180f0ba3b5792df4153e2c1a8680118c9c910f77106ebbdddeb252,observed,observed_history_forward_replay
8,2026-07-25,parallax,4,11,14 19 25 32 34 45,,0,0,0.032136756624190355,37.5,99.43707446990747,59.09090909090909,a887fe7190d7e44e8190c95da39851c9b4d7de593a6eb177d317800e5eb46c6b,observed,observed_history_forward_replay
8,2026-07-25,parallax,4,12,29 31 32 36 37 43,,2,0,0.032136756624190355,37.5,99.92609706728832,71.2121212121212,28cf91834ece45c2907e49f39b5565d8f028bcffb6c8591494190d3e62e85a92,observed,observed_history_forward_replay
8,2026-07-25,coordinated_aggregation,5,1,33 36 40 43 44 45,,3,0,0.032136756624190355,37.5,99.99989074545167,51.515151515151516,49569809c88b35481bc412f851bc83308393ccc88cf278d99cae1fd6042d51d3,observed,observed_history_forward_replay
8,2026-07-25,coordinated_aggregation,5,2,9 34 37 38 39 41,,0,0,0.032136756624190355,37.5,99.95639449394932,72.72727272727272,988beecc1cca3805da19fd77a4c560370c634299921970e9589fc763ceb3431b,observed,observed_history_forward_replay
8,2026-07-25,coordinated_aggregation,5,3,19 26 27 31 35 42,,1,0,0.032136756624190355,37.5,98.12433134531717,62.121212121212125,8fe8cbc707c51a028ac9c0890add5edb45682152ebbab50e14d93ace0316c487,observed,observed_history_forward_replay
8,2026-07-25,coordinated_aggregation,5,4,12 17 20 22 24 32,,0,0,0.032136756624190355,37.5,93.22119140738614,54.54545454545454,f52263d7a9f529a4f65aa946e96ee50510cce7dd57694a23df7c3bf3ab3fbb38,observed,observed_history_forward_replay
8,2026-07-25,coordinated_aggregation,5,5,8 15 16 18 23 29,,0,0,0.032136756624190355,37.5,76.84741917346425,50.0,fde85db9313c971f5f61c07a361757f9824166b2510db5dc79f27edf8c3c2e13,observed,observed_history_forward_replay
8,2026-07-25,coordinated_aggregation,5,6,1 10 11 21 25 43,,2,0,0.032136756624190355,37.5,74.5985935813175,53.03030303030303,1242f87a26deb79aadd3c8b516dcdf57856fb1051d729a03ef0495cb2ff599e2,observed,observed_history_forward_replay
8,2026-07-25,coordinated_aggregation,5,7,5 6 7 13 14 38,,1,0,0.032136756624190355,37.5,41.81598776561955,57.57575757575758,9706cc8aca7399346d284d92efca9bae47c85fdf0048c61633aac220c960fe46,observed,observed_history_forward_replay
8,2026-07-25,coordinated_aggregation,5,8,2 4 30 32 35 38,,0,0,0.032136756624190355,37.5,98.30112109643905,54.54545454545454,ce41b63f8a911526bfc807e66d0f806ab7a7263ae394aed20a1ed9aea5d4b019,observed,observed_history_forward_replay
8,2026-07-25,coordinated_aggregation,5,9,3 10 32 41 42 44,,1,0,0.032136756624190355,37.5,99.59645765645293,54.54545454545454,5aeb772a089f4526ce0812a88285bae40a5aed643ff618ac03a5f724368bf3b6,observed,observed_history_forward_replay
8,2026-07-25,coordinated_aggregation,5,10,13 25 28 33 35 37,,1,0,0.032136756624190355,37.5,99.17748660118177,63.63636363636363,f5e62d9e9fa0135f0702bd57e0b72a3ede422e6c8eaf90a666f42fd928f553a8,observed,observed_history_forward_replay
8,2026-07-25,coordinated_aggregation,5,11,14 19 25 32 34 45,,0,0,0.032136756624190355,37.5,99.43707446990747,59.09090909090909,df63f5ca1746e45ca557afffeb09e4ff73204977ff056fc04b98a6b9b1daace3,observed,observed_history_forward_replay
8,2026-07-25,coordinated_aggregation,5,12,29 31 32 36 37 43,,2,0,0.032136756624190355,37.5,99.92609706728832,71.2121212121212,e803c0ab59b58b715c7615b0236e06294568f0f07f3008eb658cbcf83bcec493,observed,observed_history_forward_replay
9,2026-08-01,uniform_random,7,1,2 18 27 28 38 42,,1,0,0.0,0.0,97.69750319300256,59.09090909090909,b06cea9ff4b2af39d3da6c320c4371f98bee87e671bfc58278ee7d3fef34159d,observed,observed_history_forward_replay
9,2026-08-01,uniform_random,7,2,12 14 15 25 29 37,,1,0,0.0,0.0,94.34393897405458,57.57575757575758,c38ffc05bc4a9db3c530d8f08e3efe461c0d31fcdd7d7dc7931efbf667428ce6,observed,observed_history_forward_replay
9,2026-08-01,uniform_random,7,3,2 16 25 26 29 33,,1,0,0.0,0.0,96.1732198349629,50.0,fe00c8e6c024727d226c1277dc0a26ec2ce484ec62d5ebc393f24f0c420aa99f,observed,observed_history_forward_replay
9,2026-08-01,uniform_random,7,4,8 28 32 33 34 43,,1,0,0.0,0.0,99.84348739889934,59.09090909090909,355276af68316513ce0424665415c9a0e601ebb037a0e51dfff2eefa091b75b8,observed,observed_history_forward_replay
9,2026-08-01,uniform_random,7,5,3 4 12 29 31 34,,1,0,0.0,0.0,90.14794207546345,60.60606060606061,732c5582bfb433fbf627403d062d52cf94ec5dacb6905e97dfe07e29fab31b7b,observed,observed_history_forward_replay
9,2026-08-01,uniform_random,7,6,6 10 15 18 24 37,,2,0,0.0,0.0,92.63745372569278,46.96969696969697,d973c47fa6924b0b5aa335ee84b9abf018cd421723ccabc371ffb8082c18ee0c,observed,observed_history_forward_replay
9,2026-08-01,uniform_random,7,7,2 12 15 17 18 28,,1,0,0.0,0.0,62.291557745717306,53.03030303030303,2a5d53f56a9257225f63424b70d6d65458d75656f32e8272c2172b36da1c0c60,observed,observed_history_forward_replay
9,2026-08-01,uniform_random,7,8,7 11 12 19 31 42,,0,0,0.0,0.0,80.64799997750404,62.121212121212125,e500ffadafee54f58e5efef010a0a7fb7897b8a2623550962338d943ab5c9d6b,observed,observed_history_forward_replay
9,2026-08-01,uniform_random,7,9,3 5 10 11 26 28,,1,0,0.0,0.0,15.317190829593553,43.93939393939394,61f830e16d885ce564c463ee86d126681cfe410a82407a72e590084660d2dd69,observed,observed_history_forward_replay
9,2026-08-01,uniform_random,7,10,7 11 16 17 19 45,,0,0,0.0,0.0,89.75835688777714,56.06060606060607,a8dc86e16c878cb09a0428a9002f44e95364854777930dde138fd783ea603d99,observed,observed_history_forward_replay
9,2026-08-01,uniform_random,7,11,5 6 7 17 20 30,,0,0,0.0,0.0,41.31458255421296,54.54545454545454,9c22c549778cd95153b8a3324c4e85cd6f03bbf97e287d481da00d73c19e884f,observed,observed_history_forward_replay
9,2026-08-01,uniform_random,7,12,2 3 15 18 27 36,,1,0,0.0,0.0,91.56406396277556,59.09090909090909,f4c9eb589870f4d7ef614d073cde4b4279975bf3bda4617cde58d6080609ffb6,observed,observed_history_forward_replay
9,2026-08-01,frequency,4,1,17 21 29 32 34 39,,0,0,0.37844944705408556,66.66666666666666,99.6774294859516,71.2121212121212,496724191304faddc4d308753f54f8f95bd29388e24a025c3cc95992a445479d,observed,observed_history_forward_replay
9,2026-08-01,frequency,4,2,15 17 29 34 35 37,,1,0,0.37844944705408556,66.66666666666666,99.65178105738116,63.63636363636363,f6e1d0191a80c6b187a19361188524520d345caca2e226546eb2fc3f15e5af7b,observed,observed_history_forward_replay
9,2026-08-01,frequency,4,3,8 30 31 35 37 41,,1,0,0.37844944705408556,66.66666666666666,99.61089680683062,72.72727272727272,45d17acd7099414dd864dd397c998530dd37063e0dfa72bc5fc841f0f046a137,observed,observed_history_forward_replay
9,2026-08-01,frequency,4,4,1 14 25 31 39 43,,1,0,0.37844944705408556,66.66666666666666,98.41920104948971,75.75757575757575,372fc02982cb6d822e94114a981f765df830b981584ee9b3f4e9d10888889149,observed,observed_history_forward_replay
9,2026-08-01,frequency,4,5,6 23 27 28 31 41,,0,0,0.37844944705408556,66.66666666666666,96.06591767614604,75.75757575757576,afc2ac1af88cc6738300e549819e89a84f72c99af895c6ee4b280c39a3a1a37a,observed,observed_history_forward_replay
9,2026-08-01,frequency,4,6,10 13 14 19 21 36,,0,0,0.37844944705408556,66.66666666666666,88.68962196924471,63.63636363636363,fe710a68ba713de09d7949a5aefeeaca5975382b6f9714456002171994643995,observed,observed_history_forward_replay
9,2026-08-01,frequency,4,7,5 11 13 24 32 39,,0,0,0.37844944705408556,66.66666666666666,97.71115321797436,68.18181818181817,91028866b505e64f55edbe200461d454fa9fe602e565d6e06d14896254b65fe9,observed,observed_history_forward_replay
9,2026-08-01,frequency,4,8,7 13 14 20 34 38,,0,0,0.37844944705408556,66.66666666666666,96.42868892589824,62.121212121212125,8a2efcddef9a320839c8951815d77d5c4c2dc4a71e45a41e2956f23b363c866d,observed,observed_history_forward_replay
9,2026-08-01,frequency,4,9,1 5 7 11 23 25,,0,0,0.37844944705408556,66.66666666666666,0.0,63.63636363636363,2e48967b6f3a479f61b92601ae6247466743d39ffc74970677450adc0210f464,observed,observed_history_forward_replay
9,2026-08-01,frequency,4,10,2 4 25 29 30 43,,2,0,0.37844944705408556,66.66666666666666,94.80053130789197,57.57575757575758,b2edebe5941670f35bd4d34eb2f9f35a0bde4cb3c56735f5a5275800d222d743,observed,observed_history_forward_replay
9,2026-08-01,frequency,4,11,2 13 24 25 29 35,,0,0,0.37844944705408556,66.66666666666666,93.99119697011066,66.66666666666666,414872b47af5153e15e82db2675802894173144cf23ba21f233c01138c9e402b,observed,observed_history_forward_replay
9,2026-08-01,frequency,4,12,13 23 34 35 37 38,,1,0,0.37844944705408556,66.66666666666666,99.89281547489489,69.69696969696969,cb041795d8892eb5a7901f8b922c6e6b87347037f4cdb47e44cba57d4c59bda0,observed,observed_history_forward_replay
9,2026-08-01,unpopularity,1,1,34 37 38 40 43 45,,2,0,0.7529087662702993,100.0,99.99953414683719,57.57575757575758,023621ca836d08b4d0c78084eef3509f71780aa8db96c298cabb996067cbafd9,observed,observed_history_forward_replay
9,2026-08-01,unpopularity,1,2,34 36 39 40 41 45,,0,0,0.7529087662702993,100.0,99.99939173962619,74.24242424242424,858e55d2f3fc42c3c304b26047daed038790ae34dd9be3b9b13704d744cf310f,observed,observed_history_forward_replay
9,2026-08-01,unpopularity,1,3,33 34 39 40 44 45,,1,0,0.7529087662702993,100.0,99.99939173962619,57.57575757575758,78951b7436483d348b8a092981b72f99a947f7575cb251ac4f27c3313aa1024b,observed,observed_history_forward_replay
9,2026-08-01,unpopularity,1,4,33 38 39 40 41 43,,1,0,0.7529087662702993,100.0,99.99931890544546,66.66666666666666,2e6dfd3756127abff1d9bf160e9529bd7f2ec636ccf8f66605733a2941442611,observed,observed_history_forward_replay
9,2026-08-01,unpopularity,1,5,33 34 39 40 43 45,,1,0,0.7529087662702993,100.0,99.99931890544546,57.57575757575758,6db0586eb39259d176d9b245090ca488ed9ce5c860c0ad4575d1384318c9d876,observed,observed_history_forward_replay
9,2026-08-01,unpopularity,1,6,32 36 37 39 43 44,,3,0,0.7529087662702993,100.0,99.9990936801839,77.27272727272728,93a4934d0d7dfd22d0c81a645cad21d49039836d1777c557db7b1ab630127ef0,observed,observed_history_forward_replay
9,2026-08-01,unpopularity,1,7,32 34 37 39 44 45,,2,0,0.7529087662702993,100.0,99.9990936801839,66.66666666666666,53d8ddf49f1b249c8117b0eae523562ead54fd356e0b4a2148b557f37004c964,observed,observed_history_forward_replay
9,2026-08-01,unpopularity,1,8,33 34 38 40 41 43,,1,0,0.7529087662702993,100.0,99.99893775559848,62.121212121212125,edc700483245753cf9a0fac13f15893a17ad91414f4aa30e0a250b108fe915a5,observed,observed_history_forward_replay
9,2026-08-01,unpopularity,1,9,33 36 37 38 40 44,,2,0,0.7529087662702993,100.0,99.9988580079554,63.63636363636363,4b441f9fac728990c1363eb4b776c30f03c9345194fde3b5d2f5f5e517013acd,observed,observed_history_forward_replay
9,2026-08-01,unpopularity,1,10,32 34 36 39 41 45,,0,0,0.7529087662702993,100.0,99.99877704588123,75.75757575757575,3ca3d8b6f249e302c738b41f0dbbec2572ac66d480c75190c581b4f40ad3b78c,observed,observed_history_forward_replay
9,2026-08-01,unpopularity,1,11,32 33 36 40 41 44,,1,0,0.7529087662702993,100.0,99.99869485088205,66.66666666666666,b19f191e5775184ceea90cca8f8db4d6b63d297ecff61a06f63dde193c51c85c,observed,observed_history_forward_replay
9,2026-08-01,unpopularity,1,12,32 33 34 38 44 45,,1,0,0.7529087662702993,100.0,99.99869485088205,51.515151515151516,a426fc1dcebd969abce361de6f23451646f8cccf8970e449de12d32251d2b1f4,observed,observed_history_forward_replay
9,2026-08-01,gingerm,2,1,13 14 17 23 27 39,,0,0,0.6845767534700342,100.0,96.02179451014537,78.7878787878788,bd309592106eea3b0aad56fa37dd59840f9d8295576e28fb9d169bc881deeeeb,observed,observed_history_forward_replay
9,2026-08-01,gingerm,2,2,8 17 23 27 36 44,,1,0,0.6845767534700342,100.0,98.97898726216417,77.27272727272728,1bef9763bc9f138c20c756bb9db94cbf9abf767a580e91fb6eaeb721df9589b7,observed,observed_history_forward_replay
9,2026-08-01,gingerm,2,3,28 33 35 36 37 41,,1,0,0.6845767534700342,100.0,99.9633491300984,74.24242424242425,1c8ed9d410a15decba6872213a4cc550b862de6ea18e160e0f74915fd6a7f52a,observed,observed_history_forward_replay
9,2026-08-01,gingerm,2,4,12 19 25 31 39 41,,0,0,0.6845767534700342,100.0,99.14903305428764,78.7878787878788,95120637917a925c16b42341beaa0c848885995db1744cc7701f85b6e16766aa,observed,observed_history_forward_replay
9,2026-08-01,gingerm,2,5,13 21 27 28 31 41,,0,0,0.6845767534700342,100.0,96.09172801693812,78.7878787878788,9d2933f0761db15a6017b542687624ad73809acae8bfa521515c1416fa1f157b,observed,observed_history_forward_replay
9,2026-08-01,gingerm,2,6,13 14 21 28 37 43,,2,0,0.6845767534700342,100.0,97.56981245896826,68.18181818181817,3614a841189687448ae37c3073e7ed396dad2d5c3e3c82b604a48563e09bd15a,observed,observed_history_forward_replay
9,2026-08-01,gingerm,2,7,8 25 31 32 36 41,,0,0,0.6845767534700342,100.0,99.70378691849598,80.30303030303031,db3f8ed60d1b1825fef84e57a6bfabb31d4aa7fac7f1f6475656a57b17cb7319,observed,observed_history_forward_replay
9,2026-08-01,gingerm,2,8,4 17 18 27 31 41,,2,0,0.6845767534700342,100.0,96.55781462008964,74.24242424242425,31b88afe8a3a3eeb9a1aad41f68cf03f077b210b532cca575b1be002edc19662,observed,observed_history_forward_replay
9,2026-08-01,gingerm,2,9,10 13 23 32 41 43,,1,0,0.6845767534700342,100.0,99.64945632391908,63.63636363636363,48824e55ce7883b91f7143f879c64882c7f8fb67e3946dc98a805019bd482625,observed,observed_history_forward_replay
9,2026-08-01,gingerm,2,10,2 7 8 36 39 44,,1,0,0.6845767534700342,100.0,98.4593156801733,75.75757575757575,437bd964687c9980be1783e61a059c2abaa979ffcdbd3d077edac2492ebf4836,observed,observed_history_forward_replay
9,2026-08-01,gingerm,2,11,1 24 27 36 39 41,,0,0,0.6845767534700342,100.0,99.68020746316355,86.36363636363636,ab287329a9dc206aeb9cfe95fecabaa34867d50c3062ecbe46678b67b3f424ed,observed,observed_history_forward_replay
9,2026-08-01,gingerm,2,12,13 24 32 34 41 43,,1,0,0.6845767534700342,100.0,99.9373881469185,72.72727272727272,d077471cde4f3aba40d82f4ab1046e6859a1459e52db09a453a08fa228393b34,observed,observed_history_forward_replay
9,2026-08-01,spectral_contrarian,3,1,6 15 21 26 32 45,,1,0,0.5235162356456935,88.88888888888889,98.21549656984158,40.909090909090914,044335d8eb43c1a343c56bfc6c400af183f1e44d1bef7de4da8a41af9b96e5af,observed,observed_history_forward_replay
9,2026-08-01,spectral_contrarian,3,2,3 9 13 19 30 37,,1,0,0.5235162356456935,88.88888888888889,92.74795453756978,54.545454545454554,82aa44df5735f604d97e10069ad8a19f180aec0fc94facf95cdc05b3f1d2d125,observed,observed_history_forward_replay
9,2026-08-01,spectral_contrarian,3,3,1 7 16 22 33 42,,0,0,0.5235162356456935,88.88888888888889,94.60556500670262,48.484848484848484,42d7c136907aa492641f14be1cd364367ea2ee71a12c60cf50499df42aedaea7,observed,observed_history_forward_replay
9,2026-08-01,spectral_contrarian,3,4,5 10 20 27 31 39,,0,0,0.5235162356456935,88.88888888888889,94.72128801028383,65.15151515151516,f8768cf4f51d3e1116fdd69bd20666f7051a765d967c59e08eaae6fcf9586161,observed,observed_history_forward_replay
9,2026-08-01,spectral_contrarian,3,5,9 14 18 24 35 44,,2,0,0.5235162356456935,88.88888888888889,97.28029947030787,54.54545454545454,d3ec95932fec85bccd702c4a8926a73bc1ae2f2ed6fd8212a8c6e425841a214f,observed,observed_history_forward_replay
9,2026-08-01,spectral_contrarian,3,6,3 6 12 22 29 41,,0,0,0.5235162356456935,88.88888888888889,90.14794207546343,53.03030303030303,d95d7af861703bb2e52113032808cce2f2245e49b2b8452b6cd34942bf89b78a,observed,observed_history_forward_replay
9,2026-08-01,spectral_contrarian,3,7,10 16 26 33 38 45,,1,0,0.5235162356456935,88.88888888888889,99.68020746316355,34.848484848484844,4c4a0da7a4a44302aaae73609662d5e2facfdc2886b9db22bc6b808530cbed57,observed,observed_history_forward_replay
9,2026-08-01,spectral_contrarian,3,8,4 13 20 23 30 43,,2,0,0.5235162356456935,88.88888888888889,96.28728651063525,57.57575757575758,a1ee6e3a078c9f845cdafc5624b178424df4196b9590ead455acc68d67320b94,observed,observed_history_forward_replay
9,2026-08-01,spectral_contrarian,3,9,1 8 11 17 28 34,,0,0,0.5235162356456935,88.88888888888889,81.73600768515298,66.66666666666666,c1f43d5a1c984eebcf947f4acf32299363568a3774bb5f196d61b4a324e68028,observed,observed_history_forward_replay
9,2026-08-01,spectral_contrarian,3,10,5 15 21 32 40 44,,1,0,0.5235162356456935,88.88888888888889,99.43033088010776,51.515151515151516,884481d822260e6d30039157cf4e23cf313ddf79c88988cc33835979a1f820ec,observed,observed_history_forward_replay
9,2026-08-01,spectral_contrarian,3,11,3 9 18 25 29 36,,1,0,0.5235162356456935,88.88888888888889,93.67078039315902,56.06060606060607,fd5813d2ce009895c6e54e3e2a5e61f6011d472f5b23b1525a58c474502f84a1,observed,observed_history_forward_replay
9,2026-08-01,spectral_contrarian,3,12,4 10 20 26 38 45,,2,0,0.5235162356456935,88.88888888888889,98.28350894905134,37.878787878787875,0c319b532c553d25d8f30b8bfe858a2d105aa3b6ec73f92dd187843636b7fcf8,observed,observed_history_forward_replay
9,2026-08-01,parallax,5,1,32 39 41 43 44 45,,2,0,0.37462314420741993,44.44444444444444,100.0,68.18181818181817,276dedf807a248a67aaad2300b675a9c70163b4e9abb5e16f84ee73c244049f3,observed,observed_history_forward_replay
9,2026-08-01,parallax,5,2,33 35 36 37 38 42,,1,0,0.37462314420741993,44.44444444444444,99.98688834452587,65.15151515151516,fa7bea05ffe3b901bc1a24891cb8840fef148b63a232a250f2da293f18458eef,observed,observed_history_forward_replay
9,2026-08-01,parallax,5,3,22 24 29 31 34 40,,0,0,0.37462314420741993,44.44444444444444,99.5023164321827,60.60606060606061,1cd0750c69c1d527a8b50a8cdf9dc158fa72ccea4390aac3db224c7890966d8d,observed,observed_history_forward_replay
9,2026-08-01,parallax,5,4,11 13 18 19 20 23,,1,0,0.37462314420741993,44.44444444444444,85.02450820362353,57.57575757575758,bccb09cc6d5e94bac45d216ea2b825778e8e27c15a8d8ac39d44e2f7ab7b73f0,observed,observed_history_forward_replay
9,2026-08-01,parallax,5,5,12 16 17 21 25 26,,1,0,0.37462314420741993,44.44444444444444,81.54278461359495,56.06060606060607,552ef9c112b9b05799be229ac8ac61567d858a2a77bb0ea5773a1c05d1b75250,observed,observed_history_forward_replay
9,2026-08-01,parallax,5,6,1 5 9 14 28 30,,0,0,0.37462314420741993,44.44444444444444,14.591010473632727,51.515151515151516,614efd5a299a7a5596f2e73669b79de9e1fcabc8d344130d69323d7b0f24b326,observed,observed_history_forward_replay
9,2026-08-01,parallax,5,7,3 6 7 15 37 44,,2,0,0.37462314420741993,44.44444444444444,94.23129335269648,54.54545454545454,8ded8065c07f3985a1e886eea75844929d75199cb8dd18df42af269a06b78f2c,observed,observed_history_forward_replay
9,2026-08-01,parallax,5,8,2 4 17 27 34 44,,2,0,0.37462314420741993,44.44444444444444,97.8456697568945,69.69696969696969,d7cb5e03b9fe2dd7b0bfe4a791a6da8892787eb17c34af652305d8e70212cfab,observed,observed_history_forward_replay
9,2026-08-01,parallax,5,9,3 8 10 34 36 39,,0,0,0.37462314420741993,44.44444444444444,98.87650936599614,66.66666666666666,e65aba8b52f5fc455472c9e36ca70a6ce7b93fe8572a2156849862ff801a2336,observed,observed_history_forward_replay
9,2026-08-01,parallax,5,10,15 19 25 33 40 45,,0,0,0.37462314420741993,44.44444444444444,99.80219892728573,45.45454545454545,6507c074e33913c60c7d0846a68cfaea741d17eaf590466899120c56795d3da7,observed,observed_history_forward_replay
9,2026-08-01,parallax,5,11,6 19 30 32 34 38,,0,0,0.37462314420741993,44.44444444444444,99.63300288877176,54.54545454545454,94f0bc056ad89d96120ef09612d4cbf3bd33ffbdfa4b77a0ba6e1f03c4d2125d,observed,observed_history_forward_replay
9,2026-08-01,parallax,5,12,1 18 26 32 36 40,,2,0,0.37462314420741993,44.44444444444444,99.59777106415915,54.54545454545454,2b1897ae105c86fb766061adbb71db7fc2241048a8f603608d8baa386167e926,observed,observed_history_forward_replay
9,2026-08-01,coordinated_aggregation,6,1,32 39 41 43 44 45,,2,0,0.37462314420741993,44.44444444444444,100.0,68.18181818181817,04673564b7ea6bcdcd36a7c659aa95a19d32a7c847fb8482dbfb5429722ae37d,observed,observed_history_forward_replay
9,2026-08-01,coordinated_aggregation,6,2,33 35 36 37 38 42,,1,0,0.37462314420741993,44.44444444444444,99.98688834452587,65.15151515151516,db8535a0c9fb1982a78896ab5b81823253b30361b4b13d0bd63cc3d361291671,observed,observed_history_forward_replay
9,2026-08-01,coordinated_aggregation,6,3,22 24 29 31 34 40,,0,0,0.37462314420741993,44.44444444444444,99.5023164321827,60.60606060606061,d112aa68876d6a61e5fc092d081453e14527856a9dc2adca2635b7308b0fc4de,observed,observed_history_forward_replay
9,2026-08-01,coordinated_aggregation,6,4,11 13 18 19 20 23,,1,0,0.37462314420741993,44.44444444444444,85.02450820362353,57.57575757575758,73190c6d942b465ea39be1b7437bed7697d9a8a09b9ec7cfa6378d785298b80e,observed,observed_history_forward_replay
9,2026-08-01,coordinated_aggregation,6,5,12 16 17 21 25 26,,1,0,0.37462314420741993,44.44444444444444,81.54278461359495,56.06060606060607,f03443ba73fcd94a8d170d8af134e9b2fb5958baeec6d2278c901260728fdf05,observed,observed_history_forward_replay
9,2026-08-01,coordinated_aggregation,6,6,1 5 9 14 28 30,,0,0,0.37462314420741993,44.44444444444444,14.591010473632727,51.515151515151516,be86441abb365b4865626b0684408fe06886fcf4bab8ccf999b7fde26f0e96b3,observed,observed_history_forward_replay
9,2026-08-01,coordinated_aggregation,6,7,3 6 7 15 37 44,,2,0,0.37462314420741993,44.44444444444444,94.23129335269648,54.54545454545454,6104099aac3ff30ba00d355cbd215abf40fdccf9468f79c4902eb0e81c2e81d3,observed,observed_history_forward_replay
9,2026-08-01,coordinated_aggregation,6,8,2 4 17 27 34 44,,2,0,0.37462314420741993,44.44444444444444,97.8456697568945,69.69696969696969,6de3fa7b7dffd176dafac7ba876d6fd0e04ee9008cdeb43b75cdff6debadf872,observed,observed_history_forward_replay
9,2026-08-01,coordinated_aggregation,6,9,3 8 10 34 36 39,,0,0,0.37462314420741993,44.44444444444444,98.87650936599614,66.66666666666666,33f8fb5f2cee73df3de6c52ee75fb0f2a9f324b6e1444126736c2f86ca8f420a,observed,observed_history_forward_replay
9,2026-08-01,coordinated_aggregation,6,10,15 19 25 33 40 45,,0,0,0.37462314420741993,44.44444444444444,99.80219892728573,45.45454545454545,439ee3cfa803d1eccc05f0efaa6e7773f4001a3b99f481e011175abbc31fb4bb,observed,observed_history_forward_replay
9,2026-08-01,coordinated_aggregation,6,11,6 19 30 32 34 38,,0,0,0.37462314420741993,44.44444444444444,99.63300288877176,54.54545454545454,cb581659ce59eafaa31b9aeae05591f15e14708ae3b0863aa3b404b14913d825,observed,observed_history_forward_replay
9,2026-08-01,coordinated_aggregation,6,12,1 18 26 32 36 40,,2,0,0.37462314420741993,44.44444444444444,99.59777106415915,54.54545454545454,5bad54aefd1b866babf51ed1e96b75586cb9b03f4bc824242af28b348778bded,observed,observed_history_forward_replay
10,2026-08-08,uniform_random,4,1,2 7 20 23 36 44,,1,0,0.0,0.0,94.1471238995438,69.69696969696969,4e882bc8a6d39ace06ee9f9da6a20c3b56ba4f2390bcd4dc09a19a5e5ecffc7c,observed,observed_history_forward_replay
10,2026-08-08,uniform_random,4,2,1 16 27 31 40 41,,2,0,0.0,0.0,98.06626323727133,71.2121212121212,87acdf3c4cf169753c123d44fe6766a9dbe40ecf3e52c0cca26249bca7ba4fe9,observed,observed_history_forward_replay
10,2026-08-08,uniform_random,4,3,3 7 13 14 20 43,,1,0,0.0,0.0,62.933344368215984,60.60606060606061,8876db71af0d21a5f2c657af042dba6e5acbebca0613e4d822ce6b930f2e6ad6,observed,observed_history_forward_replay
10,2026-08-08,uniform_random,4,4,6 10 15 19 25 38,,1,0,0.0,0.0,86.46974934600595,46.96969696969697,de833bef13ad401e180e281a7aa43c761f6c00701003803078029777f65bd691,observed,observed_history_forward_replay
10,2026-08-08,uniform_random,4,5,5 20 22 25 31 42,,0,0,0.0,0.0,91.06501137505776,57.57575757575758,8317c8bc513ce29b0bd861452675677ed1e6e79742cca0927182250b13d77fcc,observed,observed_history_forward_replay
10,2026-08-08,uniform_random,4,6,3 5 6 10 21 40,,1,0,0.0,0.0,39.23661061751862,45.45454545454545,98c81a7bc739c6b991f89f97184a310aa1aa54013be0a15142789d507c58cd8b,observed,observed_history_forward_replay
10,2026-08-08,uniform_random,4,7,4 14 19 24 35 36,,0,0,0.0,0.0,93.72847918223088,71.2121212121212,80c0609aace63554f407673aaef14aae0389aadc63f9dea2a0f9243883242638,observed,observed_history_forward_replay
10,2026-08-08,uniform_random,4,8,5 8 24 33 36 45,,0,0,0.0,0.0,98.88043996282282,59.09090909090909,e58c3b9c620277fa90a303fa2cd6012863c125a78bbdfb0c4ebb2c66ff6b1b58,observed,observed_history_forward_replay
10,2026-08-08,uniform_random,4,9,13 16 21 22 37 43,,1,0,0.0,0.0,97.79789591910844,62.121212121212125,56e044a68f3d40f4802b16467d1e7830e74a161ddc6fb1f8c35ace23fe5a3661,observed,observed_history_forward_replay
10,2026-08-08,uniform_random,4,10,7 22 24 25 27 40,,2,0,0.0,0.0,91.06501137505776,60.60606060606061,ba903f4df1f7bea4a9a091228829f05260863c93d18ecacccebdc5eec61f0fce,observed,observed_history_forward_replay
10,2026-08-08,uniform_random,4,11,19 20 21 24 35 43,,0,0,0.0,0.0,97.15781593911338,63.63636363636363,c00d886d0f597a20d73eccc388b087a8d9d7f2bff05438160a5c52a4d94409d6,observed,observed_history_forward_replay
10,2026-08-08,uniform_random,4,12,4 21 22 33 36 45,,0,0,0.0,0.0,98.96937144291759,53.03030303030303,0b9449f33a7990ccdb254758de4e1ec57f5ee0c1a5bd669a535c6be1c0445e66,observed,observed_history_forward_replay
10,2026-08-08,frequency,7,1,1 4 7 26 39 40,,1,0,-0.0964509218887355,60.0,89.7147646466642,62.121212121212125,fa540631792c75b02f3355699cf6090c01d0b908711baf068ed98d1fe49ba31e,observed,observed_history_forward_replay
10,2026-08-08,frequency,7,2,1 4 25 35 41 43,,0,0,-0.0964509218887355,60.0,98.26467294570958,72.72727272727272,91046bb5c206e138bfa3665d45869a2635fb037d24372ec9f155799232b7f8e1,observed,observed_history_forward_replay
10,2026-08-08,frequency,7,3,4 7 16 17 22 39,,2,0,-0.0964509218887355,60.0,77.09056890863152,63.63636363636363,ccfb24390d43614fa1568186e37aedfeb8dd7704d6f8015cc17dc2109e4ad663,observed,observed_history_forward_replay
10,2026-08-08,frequency,7,4,5 19 22 30 31 37,,0,0,-0.0964509218887355,60.0,93.95526427907059,60.60606060606061,c25727db907de116d92079cbc9afc68d37a18e58b3f9fcff04b8215a0da4a6c7,observed,observed_history_forward_replay
10,2026-08-08,frequency,7,5,3 7 11 13 25 42,,1,0,-0.0964509218887355,60.0,48.88199305578037,60.60606060606061,3c75a889e1b14ac74a10628132bce6d5a26ff38fc6fd9f9ee42e4eea1f1a12f4,observed,observed_history_forward_replay
10,2026-08-08,frequency,7,6,16 22 23 24 38 40,,1,0,-0.0964509218887355,60.0,98.76033705624953,53.03030303030303,7833c364ce272ba5dafb70f6165efe276dcffd2faaf397e29868803e64cc09ac,observed,observed_history_forward_replay
10,2026-08-08,frequency,7,7,6 23 27 30 34 39,,2,0,-0.0964509218887355,60.0,98.15234391932273,68.18181818181817,46ce9dd7fe6b256a2c769671ff437b06becdbd98bbee24228459282cdea7ac76,observed,observed_history_forward_replay
10,2026-08-08,frequency,7,8,7 21 24 28 31 40,,1,0,-0.0964509218887355,60.0,81.6305048182036,66.66666666666666,6fdca8ba3adc600eca228bf02c5dddec34507ebbcf678f59c51b7321faf88778,observed,observed_history_forward_replay
10,2026-08-08,frequency,7,9,19 24 26 32 38 42,,0,0,-0.0964509218887355,60.0,99.45972205992916,56.060606060606055,9115d229c56d8929f23a5c08fb60d1638107de9558faa33ae4c61365a90200af,observed,observed_history_forward_replay
10,2026-08-08,frequency,7,10,11 15 19 24 38 39,,0,0,-0.0964509218887355,60.0,97.74943417567754,62.121212121212125,3f97440d29ff6ad75cf5312a823d19a5eeb5f5160324acf65b262281d3559393,observed,observed_history_forward_replay
10,2026-08-08,frequency,7,11,19 25 38 39 42 45,,0,0,-0.0964509218887355,60.0,99.86789298836256,62.121212121212125,f662952253da976064aed934892781f933ae181c15620c975f1b8e8bcc7ced92,observed,observed_history_forward_replay
10,2026-08-08,frequency,7,12,5 8 12 20 21 27,,2,0,-0.0964509218887355,60.0,0.0,59.09090909090909,8163436dd768d4afed654176543ed948a745c2ee650c05a094057b7233fe35bf,observed,observed_history_forward_replay
10,2026-08-08,unpopularity,1,1,33 34 40 41 44 45,,1,0,0.27196284957313743,100.0,99.9992264028221,59.09090909090909,7e0eff306c03759c1a5217539a5d61fd3a23ecfb8de473a8357fa05ea42aeaa9,observed,observed_history_forward_replay
10,2026-08-08,unpopularity,1,2,33 34 38 43 44 45,,1,0,0.27196284957313743,100.0,99.9992264028221,56.06060606060607,5e7fb68240948650d772ca2f4a6d938a4358201eb9f827ebcdd71febc768ac5e,observed,observed_history_forward_replay
10,2026-08-08,unpopularity,1,3,34 36 37 39 41 44,,1,0,0.27196284957313743,100.0,99.99837937535486,89.39393939393939,7f4d817d717b4937505943d591d7117b841bb130b7ac5d0b16074e9d6fa4e240,observed,observed_history_forward_replay
10,2026-08-08,unpopularity,1,4,33 34 38 42 43 45,,1,0,0.27196284957313743,100.0,99.99435385477594,53.03030303030303,8fe940ed26ea2d5f39cfa7a1f0eb0957a5e26ed5ada56ccca12156c56b4c54c8,observed,observed_history_forward_replay
10,2026-08-08,unpopularity,1,5,36 40 42 43 44 45,,0,0,0.27196284957313743,100.0,99.99385301363424,62.121212121212125,594eea04dbb1bbc5083468c0919c84134c71c0b2e544e0cbc0e79d3751310724,observed,observed_history_forward_replay
10,2026-08-08,unpopularity,1,6,32 35 38 39 41 43,,0,0,0.27196284957313743,100.0,99.99281428742648,74.24242424242424,1bcc5c09a501d03a892657b358da2220b06e86fac2eb0f0e9f1ce6d9bc90893d,observed,observed_history_forward_replay
10,2026-08-08,unpopularity,1,7,32 34 36 39 42 44,,1,0,0.27196284957313743,100.0,99.99258074954072,75.75757575757575,6898c0610539ee6a7b947a2cd5d3cc69cec4e0ad63be6edaa65d08204bfb48a8,observed,observed_history_forward_replay
10,2026-08-08,unpopularity,1,8,32 34 37 38 41 42,,1,0,0.27196284957313743,100.0,99.99185857993727,71.2121212121212,54ef409f9cf85e5e7cf0e114d8e6e7f936617b3947ed9b276b330ef5412e2fe8,observed,observed_history_forward_replay
10,2026-08-08,unpopularity,1,9,32 33 34 40 41 42,,1,0,0.27196284957313743,100.0,99.99135861827563,60.60606060606061,245685be3d1fa4978491691b770b8222fee753ae14b49b1893551a140902667f,observed,observed_history_forward_replay
10,2026-08-08,unpopularity,1,10,32 35 42 43 44 45,,0,0,0.27196284957313743,100.0,99.98924982150874,57.57575757575758,950ea052650b1e3750e5171a4f93ca04c54381c4f60ab14dd7a73318b03fba3c,observed,observed_history_forward_replay
10,2026-08-08,unpopularity,1,11,32 35 40 42 43 44,,0,0,0.27196284957313743,100.0,99.98776622316241,60.60606060606061,1f438db12772ada26afec8f5a5a737476bbc0795b2a225407d40de3ec825b063,observed,observed_history_forward_replay
10,2026-08-08,unpopularity,1,12,33 35 39 41 42 45,,0,0,0.27196284957313743,100.0,99.98745581120157,63.63636363636363,4f86c59aa9f0bc6c630bf4a711661e25c2c78ac9eae0f44bc8e9c333b9bb8de1,observed,observed_history_forward_replay
10,2026-08-08,gingerm,2,1,27 31 32 36 41 44,,1,0,0.23423063709174796,100.0,99.91879021477251,83.33333333333334,6a50ed95509deecb1f77b6962cb7e1173e781020b8620892d2bd2bbb42bdffa6,observed,observed_history_forward_replay
10,2026-08-08,gingerm,2,2,13 20 23 24 25 43,,0,0,0.23423063709174796,100.0,95.93829100535427,68.18181818181817,b777d04e2598a42f4686acdd9ed1ca9729efde065a19f78719c61bdba1412c7e,observed,observed_history_forward_replay
10,2026-08-08,gingerm,2,3,11 29 36 37 41 43,,0,0,0.23423063709174796,100.0,99.85356661754025,78.7878787878788,eb8f37d87684be57b2b5ab898045ba1c294d8ac1f6a1f155c0d4d765540a4855,observed,observed_history_forward_replay
10,2026-08-08,gingerm,2,4,3 25 27 31 33 41,,1,0,0.23423063709174796,100.0,98.18018100966175,71.2121212121212,24c44aec90b17ea78f93dd309b148a723936c38bf593883fedc7eca207983776,observed,observed_history_forward_replay
10,2026-08-08,gingerm,2,5,17 36 37 39 40 41,,0,0,0.23423063709174796,100.0,99.97325742839398,86.36363636363636,101eea51518888b1929039a4fb793e891d18c32125467ab3502b18812f2714be,observed,observed_history_forward_replay
10,2026-08-08,gingerm,2,6,3 4 21 25 34 37,,1,0,0.23423063709174796,100.0,93.39385118913614,68.18181818181817,a0fcbcc46386389c9450c4f678c0ca44c23ad897e9959608a7e602d07098c59c,observed,observed_history_forward_replay
10,2026-08-08,gingerm,2,7,17 23 27 29 35 39,,1,0,0.23423063709174796,100.0,98.32433507917071,75.75757575757576,a2cec2627686418d19f85a8d9db86cdf570c7b2a3de102d28009df621af12fef,observed,observed_history_forward_replay
10,2026-08-08,gingerm,2,8,17 23 27 29 36 37,,1,0,0.23423063709174796,100.0,98.86851213295415,80.30303030303031,276b102a727fd1d99c33d4c4bef606d6b65d15751539f619882109a655e923c9,observed,observed_history_forward_replay
10,2026-08-08,gingerm,2,9,5 8 35 36 37 44,,0,0,0.23423063709174796,100.0,99.48162062009153,74.24242424242424,da8e0edcd61dafaba8b6868026568bb625a13ddbed17256f613d48a672a3168c,observed,observed_history_forward_replay
10,2026-08-08,gingerm,2,10,3 14 36 37 38 39,,0,0,0.23423063709174796,100.0,99.64325571958499,75.75757575757575,04df852c7cb8648e81645e5940f84d6acd9133f4ef6a4252f9ad37d4ec7d714d,observed,observed_history_forward_replay
10,2026-08-08,gingerm,2,11,3 28 36 37 39 41,,0,0,0.23423063709174796,100.0,99.72593311451902,83.33333333333334,36a041743c21e7a9772759b3853598b1a540373b5dd63b6c32879b99c769ae37,observed,observed_history_forward_replay
10,2026-08-08,gingerm,2,12,12 17 27 30 35 41,,2,0,0.23423063709174796,100.0,97.34783820596748,68.18181818181817,0cc4487bd57a26cf96fd655a349d0ed6836c07c109c7330369a6551b0995100a,observed,observed_history_forward_replay
10,2026-08-08,spectral_contrarian,3,1,6 15 21 25 32 45,,0,0,0.023730881102146384,90.0,96.51610052104735,48.484848484848484,aae30d727653ba71e1514413578fb53fa2b32d7748e0c5f326dd67c6872929f5,observed,observed_history_forward_replay
10,2026-08-08,spectral_contrarian,3,2,3 9 12 19 29 36,,1,0,0.023730881102146384,90.0,79.56658016191199,56.060606060606055,18c3b7200b2b1cb9d68f3fb22aa959d28b28ffebca49b9c302692c6f8442de8d,observed,observed_history_forward_replay
10,2026-08-08,spectral_contrarian,3,3,1 7 16 22 33 42,,2,0,0.023730881102146384,90.0,89.6265001475376,48.484848484848484,dd8b1371b081a4adf099ac2a7a212d3629e7982aaf6c72da71a1beac7f063a95,observed,observed_history_forward_replay
10,2026-08-08,spectral_contrarian,3,4,5 10 20 27 31 38,,2,0,0.023730881102146384,90.0,89.69433084873327,57.57575757575758,4177913125982992de62fce44b3058250037f141e946386f7169b348b89d9685,observed,observed_history_forward_replay
10,2026-08-08,spectral_contrarian,3,5,9 14 18 24 35 44,,0,0,0.023730881102146384,90.0,94.77007581060865,57.57575757575758,787f5932001350b74a4555cf2b7fb1a45ff94b180919d93ba292f4355cb34d3b,observed,observed_history_forward_replay
10,2026-08-08,spectral_contrarian,3,6,2 6 12 22 28 40,,1,0,0.023730881102146384,90.0,70.25876688220545,48.484848484848484,c9d5efef9199e7fd9cd8b591c5a31b9922c379839381a1103162bfc2519a4207,observed,observed_history_forward_replay
10,2026-08-08,spectral_contrarian,3,7,10 15 26 33 38 45,,1,0,0.023730881102146384,90.0,99.37566662320253,33.33333333333333,382b570ad20c90df7283700afa318d7a1c89a7c5dba3d2ed7f248aefb44a0ab0,observed,observed_history_forward_replay
10,2026-08-08,spectral_contrarian,3,8,4 13 19 23 30 42,,0,0,0.023730881102146384,90.0,88.95762948493389,60.60606060606061,8a8fd615394a02b5e8cea291083e805cd815256e1778945d0829b61771c94060,observed,observed_history_forward_replay
10,2026-08-08,spectral_contrarian,3,9,1 8 11 17 27 34,,2,0,0.023730881102146384,90.0,76.23143019905076,69.69696969696969,a0fe07d06219c94bf495bbee7b3e3a2d155acc1e9d693dfc8916b14877c2313a,observed,observed_history_forward_replay
10,2026-08-08,spectral_contrarian,3,10,5 15 21 32 40 44,,0,0,0.023730881102146384,90.0,98.90463547803034,53.03030303030303,2865dd0a1937c84a4c6c1be241746efcce94a988717e7a779920d328cde85b54,observed,observed_history_forward_replay
10,2026-08-08,spectral_contrarian,3,11,3 9 18 25 29 36,,0,0,0.023730881102146384,90.0,87.82888791579657,57.57575757575758,7866a1cb5dab71761931ea703b4677862db39c220675fde6fe719b422caa0e60,observed,observed_history_forward_replay
10,2026-08-08,spectral_contrarian,3,12,5 10 20 26 38 45,,1,0,0.023730881102146384,90.0,96.7489038157725,39.393939393939384,4a195f1eb48fc6fe2bb3a396521a22dd4345f1fd20df16e3f1b9ab2de2d08123,observed,observed_history_forward_replay
10,2026-08-08,parallax,5,1,34 36 41 43 44 45,,1,0,-0.0746425410378837,40.0,100.0,74.24242424242425,42ad73a4e1b1d553a65aaba6bd4f0cd5d62c564cd84f4ab7e5fc15f3e2d8b6c4,observed,observed_history_forward_replay
10,2026-08-08,parallax,5,2,32 33 35 37 39 42,,0,0,-0.0746425410378837,40.0,99.98139332075993,66.66666666666666,9db3dc62d9c8dba35dd92cb35f3a7767f5c2d58379755323c783d492c98117e3,observed,observed_history_forward_replay
10,2026-08-08,parallax,5,3,13 19 20 25 38 40,,0,0,-0.0746425410378837,40.0,98.59996523949297,59.09090909090909,7363843e3250da18318e6e990ab2fe8792fe917b34ab47c03885170b5dcd028e,observed,observed_history_forward_replay
10,2026-08-08,parallax,5,4,16 17 21 23 27 30,,2,0,-0.0746425410378837,40.0,80.39547923492955,63.63636363636363,63a53a1f505fa3fb67b68654f1a2c3c996cba2dc849dd4a4a4f6d21ceb71e98e,observed,observed_history_forward_replay
10,2026-08-08,parallax,5,5,2 9 15 24 29 31,,0,0,-0.0746425410378837,40.0,63.17558043941516,56.060606060606055,c47cf7aa410747f165d298097d0a91ee610e7477ad45f31ce98d21f76046c7f1,observed,observed_history_forward_replay
10,2026-08-08,parallax,5,6,1 7 10 22 26 43,,2,0,-0.0746425410378837,40.0,69.80573059195592,46.96969696969697,cf652343fec75a47dacd83e617ca5727c0ae9210e10f84e8fcc9ea5c67af1429,observed,observed_history_forward_replay
10,2026-08-08,parallax,5,7,6 8 14 18 28 29,,0,0,-0.0746425410378837,40.0,7.88666675004297,56.060606060606055,c5414c7f6278ab610336eb52b8260fd179b31fedf135af6c21cb1f77606e1da4,observed,observed_history_forward_replay
10,2026-08-08,parallax,5,8,3 4 5 12 35 41,,1,0,-0.0746425410378837,40.0,81.37568355103521,62.121212121212125,764370fcf7eacfe8af12c8efdf773ddb67a9577f53d121f757e08268f2d94844,observed,observed_history_forward_replay
10,2026-08-08,parallax,5,9,11 24 38 39 44 45,,0,0,-0.0746425410378837,40.0,99.86263500856451,63.63636363636363,d6b0b5358a4588d548900b9f2e2f860180cf615fb8931cf5d43818243ffd197f,observed,observed_history_forward_replay
10,2026-08-08,parallax,5,10,27 28 31 32 38 41,,1,0,-0.0746425410378837,40.0,99.57752496685373,74.24242424242424,a123e94f6775c5ce61269b587e58e5308a20e651170fdc2c61831f1ea27e27af,observed,observed_history_forward_replay
10,2026-08-08,parallax,5,11,4 24 26 36 37 40,,0,0,-0.0746425410378837,40.0,99.37566662320253,68.18181818181817,0edfdf86e2932429c39cebf16988f067314dcaa1a66574873115accaffb84bc5,observed,observed_history_forward_replay
10,2026-08-08,parallax,5,12,6 9 17 37 38 43,,0,0,-0.0746425410378837,40.0,98.8632667144101,62.121212121212125,cfe2771309922feb01c3139f0a22e447627f73ea44d56622a914b628befd9e56,observed,observed_history_forward_replay
10,2026-08-08,coordinated_aggregation,6,1,34 36 41 43 44 45,,1,0,-0.0746425410378837,40.0,100.0,74.24242424242425,7b3de52de69b9afd5458095565a11fa8472ca8f52550d7cec429e746e7c36790,observed,observed_history_forward_replay
10,2026-08-08,coordinated_aggregation,6,2,32 33 35 37 39 42,,0,0,-0.0746425410378837,40.0,99.98139332075993,66.66666666666666,49c2637313fd94ce3c60bf1e79f73aebfb4f16c25bc14fa629c930c5865d803a,observed,observed_history_forward_replay
10,2026-08-08,coordinated_aggregation,6,3,13 19 20 25 38 40,,0,0,-0.0746425410378837,40.0,98.59996523949297,59.09090909090909,e3606b9b6133b648c0cb96aed35a31012ba16a87cbcc9b908610fc38d6bf89ed,observed,observed_history_forward_replay
10,2026-08-08,coordinated_aggregation,6,4,16 17 21 23 27 30,,2,0,-0.0746425410378837,40.0,80.39547923492955,63.63636363636363,1ae6257533a645d20fd40252a56ca9612bbba07c19f9f0c88093e057459a82a9,observed,observed_history_forward_replay
10,2026-08-08,coordinated_aggregation,6,5,2 9 15 24 29 31,,0,0,-0.0746425410378837,40.0,63.17558043941516,56.060606060606055,9b8ce5d1c3446899e5dbcbb9948c078b84bdfff6e74e084a0f2369ca1585bd63,observed,observed_history_forward_replay
10,2026-08-08,coordinated_aggregation,6,6,1 7 10 22 26 43,,2,0,-0.0746425410378837,40.0,69.80573059195592,46.96969696969697,0231e0dea97f6bf73bb7cfff736f2ac6064d13506b392bc89bd332a34e71f8ee,observed,observed_history_forward_replay
10,2026-08-08,coordinated_aggregation,6,7,6 8 14 18 28 29,,0,0,-0.0746425410378837,40.0,7.88666675004297,56.060606060606055,1d6dc5a505232c9994f944184c2b270cf210c211557903e06945e4f5fb5b83dc,observed,observed_history_forward_replay
10,2026-08-08,coordinated_aggregation,6,8,3 4 5 12 35 41,,1,0,-0.0746425410378837,40.0,81.37568355103521,62.121212121212125,dd954554ea5af81e8aee97c122df244d4f740e849e04968eb3f8e3da59b9c8b4,observed,observed_history_forward_replay
10,2026-08-08,coordinated_aggregation,6,9,11 24 38 39 44 45,,0,0,-0.0746425410378837,40.0,99.86263500856451,63.63636363636363,32a43df6fe5d015f64e95ce403ede96487785af6403a57b12398c86563c37312,observed,observed_history_forward_replay
10,2026-08-08,coordinated_aggregation,6,10,27 28 31 32 38 41,,1,0,-0.0746425410378837,40.0,99.57752496685373,74.24242424242424,dbcaa64fe0fedce2e33a006cac70d417a4adfeae52cb7d34fa2cc074ebfa74e4,observed,observed_history_forward_replay
10,2026-08-08,coordinated_aggregation,6,11,4 24 26 36 37 40,,0,0,-0.0746425410378837,40.0,99.37566662320253,68.18181818181817,097836fb50ccdcec5a039dc965f5b2d66e66d6b4c3b721dbaf668eb29c6f34ff,observed,observed_history_forward_replay
10,2026-08-08,coordinated_aggregation,6,12,6 9 17 37 38 43,,0,0,-0.0746425410378837,40.0,98.8632667144101,62.121212121212125,24ca9b444bb4283c7f5188bf5e4684397deafd3076b6565981745ca3852d61e6,observed,observed_history_forward_replay
11,2026-08-15,uniform_random,7,1,6 8 10 22 25 39,,1,0,0.0,0.0,84.85810595947744,56.06060606060607,2f8126bac4b8648de22683db0526bc2c205bb094ebd37ad3fb5c00cc543f7ec2,observed,observed_history_forward_replay
11,2026-08-15,uniform_random,7,2,1 7 24 29 35 39,,0,0,0.0,0.0,93.58907908905181,71.2121212121212,9fdd85b64691fa46bb39973579c831f521ccdee0e1b5d4711b29763847ad289d,observed,observed_history_forward_replay
11,2026-08-15,uniform_random,7,3,7 8 19 22 25 31,,1,0,0.0,0.0,59.06418754435669,65.15151515151516,0414193c09208d363935b648310aee3bf3996a2b7575eac8dc4618bb1f2f6046,observed,observed_history_forward_replay
11,2026-08-15,uniform_random,7,4,5 10 22 23 30 45,,1,0,0.0,0.0,92.59084166851595,40.909090909090914,4717c8d16a1e62097dc17c80bea47abd97e41bca4592ade8ccc74f97515da280,observed,observed_history_forward_replay
11,2026-08-15,uniform_random,7,5,7 9 29 36 41 43,,2,0,0.0,0.0,98.96070748368318,71.2121212121212,3b2efc671f87944880a26a1a443cffff5a94365fc55ca4c06dcf4a23e129436e,observed,observed_history_forward_replay
11,2026-08-15,uniform_random,7,6,2 29 32 36 39 40,,0,0,0.0,0.0,99.84897608625138,69.69696969696969,073deb0b8bf3c456aa9e474bea06a514e0312190e7f8c36eea43afdbebd37d63,observed,observed_history_forward_replay
11,2026-08-15,uniform_random,7,7,1 7 10 27 28 29,,1,0,0.0,0.0,0.0,62.121212121212125,ea6106fe3a77729b498c2babcba51db022ee90567b7fa55241d0aa08cb35d439,observed,observed_history_forward_replay
11,2026-08-15,uniform_random,7,8,6 16 17 21 34 36,,0,0,0.0,0.0,96.71061812731031,71.2121212121212,afa5f5c15f6cfed6c8f42b7e5f0fe9a838a20f1cbe313368c493a4f0eeee1713,observed,observed_history_forward_replay
11,2026-08-15,uniform_random,7,9,7 10 21 24 33 44,,0,0,0.0,0.0,93.96553655580503,57.57575757575758,4c5d4509b900776e0036fd1d32d9ad90e5c3403d866ed02debc485c54a4385e0,observed,observed_history_forward_replay
11,2026-08-15,uniform_random,7,10,8 11 22 23 31 33,,0,0,0.0,0.0,91.7633151635474,57.57575757575758,798f39e6a791041ebc21932b29e31c5cc41ba5550ab50dd051f3a840a407b159,observed,observed_history_forward_replay
11,2026-08-15,uniform_random,7,11,1 2 34 35 38 45,,1,0,0.0,0.0,99.53854683900005,59.09090909090909,a68841a3e2703a0a0faf0da73f65f085483e617a20242a5990125a153a55e9da,observed,observed_history_forward_replay
11,2026-08-15,uniform_random,7,12,7 20 23 26 38 39,,0,0,0.0,0.0,97.67832930872287,63.63636363636363,e2b5daa5c1a35d21f013dbcff2c1f84573cff57b89bb394031e0cae9d9b665d3,observed,observed_history_forward_replay
11,2026-08-15,frequency,3,1,3 24 28 29 34 39,,0,0,0.2565608384869189,63.63636363636363,97.81489725223271,69.69696969696969,83911d551447e5286f9980abff50c9c042ec241112ebec830f52aca9fe86cfb6,observed,observed_history_forward_replay
11,2026-08-15,frequency,3,2,5 27 29 33 35 36,,1,0,0.2565608384869189,63.63636363636363,99.25945381681353,66.66666666666666,5b2803dfa38e97e2571748d04bd0c01c7536a3a3de4e70efe6cb661adf77212d,observed,observed_history_forward_replay
11,2026-08-15,frequency,3,3,6 8 16 26 33 43,,1,0,0.2565608384869189,63.63636363636363,97.02191910743777,51.515151515151516,b10e52b0cc9c97b07fccba920db87e1718699f61e921c6ff11d0a900dca340f5,observed,observed_history_forward_replay
11,2026-08-15,frequency,3,4,8 13 26 31 32 39,,0,0,0.2565608384869189,63.63636363636363,98.35760691286043,69.69696969696969,9d4309c8dd133923e4ef9655f8187a6e9412c04ec099b3860d834a42c452565a,observed,observed_history_forward_replay
11,2026-08-15,frequency,3,5,2 9 13 32 37 44,,1,0,0.2565608384869189,63.63636363636363,98.94201756025545,63.63636363636363,d9b8cfef1eae61558f8fd02de2fcfaf4b5ddd070a4df95c594160dd4106b2729,observed,observed_history_forward_replay
11,2026-08-15,frequency,3,6,1 7 11 32 34 43,,1,0,0.2565608384869189,63.63636363636363,97.44562298975875,66.66666666666666,390457d53caa112daa71b3d4fffab614d7892688e9d08fe40b39a34ee687e50a,observed,observed_history_forward_replay
11,2026-08-15,frequency,3,7,7 18 19 20 21 38,,0,0,0.2565608384869189,63.63636363636363,85.71873336593953,57.57575757575758,34b5870070cb94bcacbf32b8f8c58ec059e08433c9abe6cda2c962efe07c9792,observed,observed_history_forward_replay
11,2026-08-15,frequency,3,8,8 9 12 20 25 39,,1,0,0.2565608384869189,63.63636363636363,85.52960165651508,60.60606060606061,ecff7d10a2aa2ae93b1938ecb910335eafeb364c77cfa56b8c6fd9f846da88b3,observed,observed_history_forward_replay
11,2026-08-15,frequency,3,9,2 6 25 26 36 37,,2,0,0.2565608384869189,63.63636363636363,97.02191910743777,68.18181818181817,40a9710c431ddaca2adbd343c7c0d12494493c3fec80b54734351cec2b1bdd8f,observed,observed_history_forward_replay
11,2026-08-15,frequency,3,10,2 27 31 32 40 44,,1,0,0.2565608384869189,63.63636363636363,99.58467182072462,69.69696969696969,87e65f7fdd4010c1ecd2bfc761668a22e7468fcc3c687818b7d6f7f6a6b2c43f,observed,observed_history_forward_replay
11,2026-08-15,frequency,3,11,8 14 17 23 27 35,,1,0,0.2565608384869189,63.63636363636363,85.93304716019503,72.72727272727272,b439b73df66725fe47cdfca47b9b133d72e03e6b7dfd452eaacd5ec679da5168,observed,observed_history_forward_replay
11,2026-08-15,frequency,3,12,1 16 23 28 35 43,,1,0,0.2565608384869189,63.63636363636363,96.12464778588317,65.15151515151516,d7e0ab2628c714ac39b133cc5d07ffa6a704e8b4674765548590ed762ba9d6f9,observed,observed_history_forward_replay
11,2026-08-15,unpopularity,1,1,34 36 37 41 43 44,,3,0,0.40953157904349835,100.0,99.99929476190313,86.36363636363636,4d5952e5e32d881a9992617606c3656c6b39eccf00bf0080bbe150bfe8e49d7a,observed,observed_history_forward_replay
11,2026-08-15,unpopularity,1,2,33 34 36 43 44 45,,2,0,0.40953157904349835,100.0,99.99929476190313,65.15151515151516,3d0bf69ae30b192fed3f32bd0946b63f32f093d9dce5cee5d9518c636eb2c5b4,observed,observed_history_forward_replay
11,2026-08-15,unpopularity,1,3,32 34 36 41 44 45,,2,0,0.40953157904349835,100.0,99.99896891581777,72.72727272727272,56803f9cff9fa944fd2a930cae891f1d4f8bd83e97e3f553f88178c4c726e3d6,observed,observed_history_forward_replay
11,2026-08-15,unpopularity,1,4,33 36 38 40 41 44,,1,0,0.40953157904349835,100.0,99.99896891581777,68.18181818181817,eafbb9a45fbb06cae258dafa6eb00bce5fd1ef8613fcdf81930a42ba0bbd1b26,observed,observed_history_forward_replay
11,2026-08-15,unpopularity,1,5,32 34 36 40 44 45,,1,0,0.40953157904349835,100.0,99.9988569757088,63.63636363636363,8032a829f93c08781762b5e3e1c81fe9bc56171df525fa0a7936baa743bd6456,observed,observed_history_forward_replay
11,2026-08-15,unpopularity,1,6,33 34 36 37 44 45,,2,0,0.40953157904349835,100.0,99.9986279555163,68.18181818181817,a043dfc3b0ec9298ad27970a01cfabaa0c023cab3147bc7a151fc3190964934f,observed,observed_history_forward_replay
11,2026-08-15,unpopularity,1,7,33 34 36 40 41 43,,2,0,0.40953157904349835,100.0,99.99839190697857,72.72727272727272,9e02a28de3c7b274bbfaa00c201ed3e00cdcfc96963d2f386bdfcb5f5c59a278,observed,observed_history_forward_replay
11,2026-08-15,unpopularity,1,8,32 34 36 38 41 43,,2,0,0.40953157904349835,100.0,99.9980241823958,77.27272727272728,e3091eb2378dd6d7bd10b5caa1d871a5342f6f6879a95c696846326e6410de20,observed,observed_history_forward_replay
11,2026-08-15,unpopularity,1,9,32 33 34 39 41 45,,2,0,0.40953157904349835,100.0,99.9980241823958,66.66666666666666,445c30b358f9e4b8c8fa71d930b2151411dfb52750e0a395d7192b927bc09982,observed,observed_history_forward_replay
11,2026-08-15,unpopularity,1,10,36 37 38 39 44 45,,2,0,0.40953157904349835,100.0,99.99772303097217,74.24242424242424,6b9dbf6f1c34069d5383fe1b7907d242e12bf9d0ab8409d90803c514b6c75236,observed,observed_history_forward_replay
11,2026-08-15,unpopularity,1,11,34 39 41 42 43 44,,2,0,0.40953157904349835,100.0,99.99698236729718,80.30303030303031,1768aac42999df145ebc87e132b0a3f54b4a9ee8fb0ffa55df8fca09a7b84de0,observed,observed_history_forward_replay
11,2026-08-15,unpopularity,1,12,34 36 37 39 40 43,,2,0,0.40953157904349835,100.0,99.99632044727936,81.81818181818183,304ef1cae7b8d3ec2eeeb20620cf35c7f3d85eff71f61e4a13889cdddfc26238,observed,observed_history_forward_replay
11,2026-08-15,gingerm,2,1,6 27 29 35 36 37,,2,0,0.3610262317247481,100.0,99.31381332439021,74.24242424242424,0e74a0e9a4ab6b9c64cce9155c9da08f898f91d64c6c6c11896c0cd898f97cfb,observed,observed_history_forward_replay
11,2026-08-15,gingerm,2,2,2 6 8 36 37 44,,1,0,0.3610262317247481,100.0,98.42343951591015,72.72727272727272,d3975d528ae40b097e7bb3458b29b187d2a681902bd0831d9d553e4fefbbff20,observed,observed_history_forward_replay
11,2026-08-15,gingerm,2,3,8 27 31 38 39 41,,2,0,0.3610262317247481,100.0,99.63269139389406,83.33333333333334,15a7e7c41badc63c1b67fb920d13097f03b9962fa931f163fbb63ef90d737033,observed,observed_history_forward_replay
11,2026-08-15,gingerm,2,4,8 20 31 36 37 41,,2,0,0.3610262317247481,100.0,99.56511388619028,81.81818181818183,76b93ac978dc67167003750495b418183a8f9a615e7c308a3eae1f16e63dd411,observed,observed_history_forward_replay
11,2026-08-15,gingerm,2,5,7 28 33 36 37 39,,1,0,0.3610262317247481,100.0,99.66283766736609,77.27272727272728,495b80abd7dd29212d29cc1ed9ccb3b04cc38093541404cb73e49ecee3f7f9ab,observed,observed_history_forward_replay
11,2026-08-15,gingerm,2,6,14 21 23 25 37 43,,3,0,0.3610262317247481,100.0,97.8619151867417,72.72727272727272,a4bc76baf875e3efe5119ea25bbc52afc74cdd20b5740ea7ab4816efab604970,observed,observed_history_forward_replay
11,2026-08-15,gingerm,2,7,1 11 17 36 37 44,,1,0,0.3610262317247481,100.0,99.0773725369456,77.27272727272728,cc4c35936ae63a0542e0038bb17bbdb8a03ca5f9eb08bcb9db2982daa1b57284,observed,observed_history_forward_replay
11,2026-08-15,gingerm,2,8,28 31 34 36 39 43,,1,0,0.3610262317247481,100.0,99.90394137379995,84.84848484848484,d1a7f3f1510abdc3931110dc8acc6238c913d6b34d8d168012e7edd856ad6e54,observed,observed_history_forward_replay
11,2026-08-15,gingerm,2,9,25 35 36 37 38 43,,3,0,0.3610262317247481,100.0,99.9686888753178,75.75757575757575,16654598a5dade2bd9becbfdddf5c5a5d3a40a66579edd60220b3b10bb07e010,observed,observed_history_forward_replay
11,2026-08-15,gingerm,2,10,13 14 17 20 28 39,,0,0,0.3610262317247481,100.0,90.96315007961996,71.2121212121212,4c3141b59e757234f9d1bfc0fa1fdf566ac0ba902c975fca860079419e2c4b7a,observed,observed_history_forward_replay
11,2026-08-15,gingerm,2,11,19 23 25 31 38 39,,1,0,0.3610262317247481,100.0,99.21133462050348,75.75757575757575,22a1db6df4baebf97cb364395f16d76b9e7f5840266557fd3b53f0090c3e652d,observed,observed_history_forward_replay
11,2026-08-15,gingerm,2,12,8 13 14 25 41 43,,3,0,0.3610262317247481,100.0,97.33912261544202,74.24242424242425,6ddfbec5ae4aa35d3095f92bae9de6cde5a4ec0250d12da150d2ddc8ec933b9a,observed,observed_history_forward_replay
11,2026-08-15,spectral_contrarian,4,1,6 15 22 26 32 45,,1,0,0.14965634969587027,90.9090909090909,98.28113215463662,36.36363636363636,548d33f4aa4d2beec51205709ba2ae419441c5fcccc50ef6c8f9fa72ed4d4611,observed,observed_history_forward_replay
11,2026-08-15,spectral_contrarian,4,2,3 9 13 19 30 37,,1,0,0.14965634969587027,90.9090909090909,89.34846930334687,56.06060606060607,ab68b01b5485366f3c87cfd2471136075bd7a84d0f24fdcb09a6626496581f88,observed,observed_history_forward_replay
11,2026-08-15,spectral_contrarian,4,3,1 7 17 23 33 42,,0,0,0.14965634969587027,90.9090909090909,92.3130039584164,63.63636363636363,8d1165ff0bc51269d2d9da40bdf9d7520af20a746efa2b4eb44792c10f2a1312,observed,observed_history_forward_replay
11,2026-08-15,spectral_contrarian,4,4,5 10 21 27 31 39,,1,0,0.14965634969587027,90.9090909090909,88.54174496677184,71.2121212121212,65cf2c32bb21148e918f504a84cf96ae808b4604a9ea87a52ffe4da2713c3d1b,observed,observed_history_forward_replay
11,2026-08-15,spectral_contrarian,4,5,9 15 18 24 35 44,,0,0,0.14965634969587027,90.9090909090909,97.37913057095497,51.515151515151516,263442d490aa21aa471a16b007698beeed18024a1b5ce9898e1605eea6bff470,observed,observed_history_forward_replay
11,2026-08-15,spectral_contrarian,4,6,2 6 12 22 29 40,,0,0,0.14965634969587027,90.9090909090909,85.08532916482989,48.484848484848484,8cb762fe145410eff1b0dfaa8450a56cecc52d591c3e6cb90584e3797d8b96a8,observed,observed_history_forward_replay
11,2026-08-15,spectral_contrarian,4,7,10 16 26 33 38 45,,1,0,0.14965634969587027,90.9090909090909,99.53048066023028,39.393939393939384,2b515ab9fb7744fd7deaefcc77a0a382e45347057414e2505997b762c6b9fd96,observed,observed_history_forward_replay
11,2026-08-15,spectral_contrarian,4,8,4 14 20 23 30 42,,0,0,0.14965634969587027,90.9090909090909,87.72284677513844,56.06060606060607,0628680af4fd2f73db47c0b64db2883552c89b7c213da71e6f062d47b81ad8b1,observed,observed_history_forward_replay
11,2026-08-15,spectral_contrarian,4,9,1 8 11 17 28 34,,0,0,0.14965634969587027,90.9090909090909,73.17425161161421,68.18181818181817,982dd691235709b89f6ce4139b4ff93d19cef6c57fa0c067fc6516e0503a0ab9,observed,observed_history_forward_replay
11,2026-08-15,spectral_contrarian,4,10,5 15 21 32 40 44,,0,0,0.14965634969587027,90.9090909090909,99.16346488140606,53.03030303030303,a19b5af752a5d601711a89b288dae27d4911bddf8f432b149f2f9955762eb265,observed,observed_history_forward_replay
11,2026-08-15,spectral_contrarian,4,11,3 9 19 25 29 36,,1,0,0.14965634969587027,90.9090909090909,90.84344125788957,60.60606060606061,b0ac4911772e63ac3ad7d44c310a3d14732505d86a8fbfd919e3b4964da1d6e2,observed,observed_history_forward_replay
11,2026-08-15,spectral_contrarian,4,12,7 12 16 22 33 42,,0,0,0.14965634969587027,90.9090909090909,93.29141842968573,50.0,b3febfe245b6c3ffe451e869c57f2649cc4a2027e194bdb1e2dd3f7224f67f7a,observed,observed_history_forward_replay
11,2026-08-15,parallax,5,1,33 37 40 43 44 45,,3,0,0.1165208313351318,45.45454545454545,100.0,57.57575757575758,2b8e3aa3d4d2166adbbaf215806a3f063124d52a3f71e69b3e9fa39b8f7dfdf4,observed,observed_history_forward_replay
11,2026-08-15,parallax,5,2,29 34 36 38 41 42,,1,0,0.1165208313351318,45.45454545454545,99.97195115281583,74.24242424242424,0d82ba8be4375fb5a2040aa2c1208974c7f764773a6c1a4c59b15f321b45f94f,observed,observed_history_forward_replay
11,2026-08-15,parallax,5,3,10 16 22 26 32 39,,0,0,0.1165208313351318,45.45454545454545,98.25486026384979,50.0,3edde7b64dc8661db041ba38643b12674b258312f6aed0999f188ceac59a5728,observed,observed_history_forward_replay
11,2026-08-15,parallax,5,4,3 19 20 27 30 35,,1,0,0.1165208313351318,45.45454545454545,91.94017246205044,57.57575757575758,22552695f371907bae912090496bc4beeaea7bc1072361f4459a19545a1d0267,observed,observed_history_forward_replay
11,2026-08-15,parallax,5,5,2 6 15 18 23 25,,1,0,0.1165208313351318,45.45454545454545,61.365538733668366,54.54545454545454,c6e5091dfd3b4dd78a037f2d913f60efd42112f2fc4889212fdce8b6d7a05b1f,observed,observed_history_forward_replay
11,2026-08-15,parallax,5,6,8 11 12 24 28 31,,0,0,0.1165208313351318,45.45454545454545,44.394007479052334,66.66666666666666,1c520b090c15ad5bad9b07b0ab7eb8192edc5a14da0e1936d7eab26a274b64d6,observed,observed_history_forward_replay
11,2026-08-15,parallax,5,7,4 5 13 17 21 38,,0,0,0.1165208313351318,45.45454545454545,80.54869235593006,65.15151515151516,9e6e621922882520093192206a6906b0d24c2749cb21bdafc7289ce7423d1083,observed,observed_history_forward_replay
11,2026-08-15,parallax,5,8,7 9 14 35 38 43,,1,0,0.1165208313351318,45.45454545454545,96.87112314429783,59.09090909090909,438c7b00d240400562451927aacb33fcd98bdd7b11f1da792ee8f03606ab5124,observed,observed_history_forward_replay
11,2026-08-15,parallax,5,9,1 17 19 32 41 43,,2,0,0.1165208313351318,45.45454545454545,99.40939904940439,72.72727272727272,f87e2dfa91728d0602a279a7d5366b2c5839d2bd0e101400275dc2f3f7e1484f,observed,observed_history_forward_replay
11,2026-08-15,parallax,5,10,4 25 32 33 34 35,,1,0,0.1165208313351318,45.45454545454545,99.71024802754307,62.121212121212125,1efc6b120d4f5e0686f8a356b0694b88f7dafdc3e7285bc573d7ff31b5a35b52,observed,observed_history_forward_replay
11,2026-08-15,parallax,5,11,12 25 30 37 39 41,,3,0,0.1165208313351318,45.45454545454545,99.63269139389406,75.75757575757575,404561550ae2e63af419a2207403633d24bdd6deaca985365dd27c3da4c0623b,observed,observed_history_forward_replay
11,2026-08-15,parallax,5,12,13 20 24 32 42 45,,1,0,0.1165208313351318,45.45454545454545,99.55455411865928,54.54545454545454,2b63a894c146d08dc70367ccb137006ec8e42f0daa0f0f0e6b99602867fb7654,observed,observed_history_forward_replay
11,2026-08-15,coordinated_aggregation,6,1,33 37 40 43 44 45,,3,0,0.1165208313351318,45.45454545454545,100.0,57.57575757575758,af5a12770c535e9cb9a1b867f14d1fde9d27e8bff6a5b49ec150e2117b6dc83a,observed,observed_history_forward_replay
11,2026-08-15,coordinated_aggregation,6,2,29 34 36 38 41 42,,1,0,0.1165208313351318,45.45454545454545,99.97195115281583,74.24242424242424,f33dc87801bb2f1ad12a2e83be32152729995a59a83a21d580c0788d7743b175,observed,observed_history_forward_replay
11,2026-08-15,coordinated_aggregation,6,3,10 16 22 26 32 39,,0,0,0.1165208313351318,45.45454545454545,98.25486026384979,50.0,549e3b68e5669fa7eb7ab5d05d99ce621ce2b49bc15ae487882628f4ff4ae689,observed,observed_history_forward_replay
11,2026-08-15,coordinated_aggregation,6,4,3 19 20 27 30 35,,1,0,0.1165208313351318,45.45454545454545,91.94017246205044,57.57575757575758,69e6752a474d82aeae4608aa867ba24400db1caff95fd8426f4fd4ad9c89fe08,observed,observed_history_forward_replay
11,2026-08-15,coordinated_aggregation,6,5,2 6 15 18 23 25,,1,0,0.1165208313351318,45.45454545454545,61.365538733668366,54.54545454545454,ef6043241def2dc68cfeb03c5ebc53c66cc30e34165b15407744f74524d833b2,observed,observed_history_forward_replay
11,2026-08-15,coordinated_aggregation,6,6,8 11 12 24 28 31,,0,0,0.1165208313351318,45.45454545454545,44.394007479052334,66.66666666666666,1bd8bcbfedf146e629cca6807442042643a20229008ae2c952800428fcc016d2,observed,observed_history_forward_replay
11,2026-08-15,coordinated_aggregation,6,7,4 5 13 17 21 38,,0,0,0.1165208313351318,45.45454545454545,80.54869235593006,65.15151515151516,19fd6fcda8117a43150ea46359b010b9e1fce80b3f36dbdea1815ef8bcb04790,observed,observed_history_forward_replay
11,2026-08-15,coordinated_aggregation,6,8,7 9 14 35 38 43,,1,0,0.1165208313351318,45.45454545454545,96.87112314429783,59.09090909090909,4757695b8452bf061e03b8dfb890747f69753b8363384007c5dbb103925446e7,observed,observed_history_forward_replay
11,2026-08-15,coordinated_aggregation,6,9,1 17 19 32 41 43,,2,0,0.1165208313351318,45.45454545454545,99.40939904940439,72.72727272727272,a0d95eb933422480684f02af29992151836f0f510fceb825b01d39822b06a081,observed,observed_history_forward_replay
11,2026-08-15,coordinated_aggregation,6,10,4 25 32 33 34 35,,1,0,0.1165208313351318,45.45454545454545,99.71024802754307,62.121212121212125,afce2e507ed3bb2be3d35afff7cd7754fbb9a63fa489f7623ad4fec925f8cde8,observed,observed_history_forward_replay
11,2026-08-15,coordinated_aggregation,6,11,12 25 30 37 39 41,,3,0,0.1165208313351318,45.45454545454545,99.63269139389406,75.75757575757575,9df172d678bfe4c4553be7d6285a6cdaee02d6b3ccdc28efea406f590357c4e9,observed,observed_history_forward_replay
11,2026-08-15,coordinated_aggregation,6,12,13 20 24 32 42 45,,1,0,0.1165208313351318,45.45454545454545,99.55455411865928,54.54545454545454,03ec48ef362aed3b1787b782a9e6c78d1742e636a3a0acca806846a2a483784e,observed,observed_history_forward_replay
12,2026-08-22,uniform_random,5,1,6 8 11 18 19 27,,2,0,0.0,0.0,87.53122429961996,56.94444444444445,620b8ef36cb9eb8be56ff0c4fee3170ae71ddc047b40a84c88b6abf6d45fcf90,observed,observed_history_forward_replay
12,2026-08-22,uniform_random,5,2,6 17 23 24 35 36,,0,0,0.0,0.0,99.35804593824788,66.66666666666666,810883308076c7d1fbde4893ce71f16c6ccc075c2dcd3ead045505f615525a0d,observed,observed_history_forward_replay
12,2026-08-22,uniform_random,5,3,2 9 14 16 20 39,,0,0,0.0,0.0,95.64967452382861,54.166666666666664,7c9397805b638b00f65d79598cf77d9ae09aa56985914ed758d05c93e9130828,observed,observed_history_forward_replay
12,2026-08-22,uniform_random,5,4,6 16 22 24 25 36,,0,0,0.0,0.0,98.66451319502119,58.333333333333336,fa22ce62e623f7ff74802219ece74da849371b5b48c4aa654c4ecc869cbb1e5b,observed,observed_history_forward_replay
12,2026-08-22,uniform_random,5,5,1 2 5 23 34 39,,0,0,0.0,0.0,98.53087853790383,66.66666666666666,98b929058e7dd343a24f9803e0fe7b5c6cee813dc88fa731e308bd3f6c06eb5c,observed,observed_history_forward_replay
12,2026-08-22,uniform_random,5,6,2 13 17 23 40 42,,0,0,0.0,0.0,99.3179530399775,59.72222222222222,ee335ea45357696401707e6f4f89673c6961f1e8d896c4e47171af826a03f47c,observed,observed_history_forward_replay
12,2026-08-22,uniform_random,5,7,1 10 23 27 39 41,,0,0,0.0,0.0,99.4009356886967,72.22222222222221,db55cf657459c616efe806bc1cc2c1c5afdd415745df7b8ed4a3f95e4c467a77,observed,observed_history_forward_replay
12,2026-08-22,uniform_random,5,8,12 13 22 23 39 42,,0,0,0.0,0.0,99.44828783315398,58.333333333333336,3530bfb564b45d5e77e071ec6f6bbc72ffee77d76bb1a1c3ee3b807416afa4a9,observed,observed_history_forward_replay
12,2026-08-22,uniform_random,5,9,13 14 29 33 36 37,,2,0,0.0,0.0,99.87271421483074,65.27777777777779,41d677b719174c4f40bbf9ed7a36c2bcc4746341054c9a2c14722e3d9af9bf24,observed,observed_history_forward_replay
12,2026-08-22,uniform_random,5,10,7 15 29 36 37 39,,1,0,0.0,0.0,99.82394526035408,69.44444444444443,4cdebc18ef5f9662461626b0176c103e0b834075680f4b9ac6b637d9bb9a9af3,observed,observed_history_forward_replay
12,2026-08-22,uniform_random,5,11,10 18 22 23 25 28,,0,0,0.0,0.0,94.54572315192337,48.61111111111111,21cbde19e017759e555133afdfa74548ec5dd0ec8f06715a07e560c4183bbbe9,observed,observed_history_forward_replay
12,2026-08-22,uniform_random,5,12,2 3 16 25 28 40,,0,0,0.0,0.0,96.47956584404379,54.166666666666664,21fc0aafc2053d9293d29f52ac579ca9fdead7cfbbfada0d332c16eb8ef87581,observed,observed_history_forward_replay
12,2026-08-22,frequency,3,1,7 12 13 20 33 40,,1,0,0.08920560608585149,66.66666666666666,98.85431373099689,50.0,1db396522b42a42c5c7b68bb325f956189ff16ba795e90091bb8d987d689c719,observed,observed_history_forward_replay
12,2026-08-22,frequency,3,2,7 12 17 20 21 32,,1,0,0.08920560608585149,66.66666666666666,94.30397469547852,56.94444444444444,d51dde879b95c9064e12f24a39bf39e7751415168c48d6858e91d4c42fbecaa4,observed,observed_history_forward_replay
12,2026-08-22,frequency,3,3,2 20 22 28 29 40,,1,0,0.08920560608585149,66.66666666666666,98.3286919274761,45.83333333333333,8324385fea74fc2021ea3ad9024864a1e6ae52d629cb2650f282ec74c77c2a6d,observed,observed_history_forward_replay
12,2026-08-22,frequency,3,4,1 2 20 25 26 37,,0,0,0.08920560608585149,66.66666666666666,97.54460246455623,59.72222222222222,7778fb21c1e6912ac8fd79ca54fd29ae9cb9a9e562df05a39b30e18e1e952365,observed,observed_history_forward_replay
12,2026-08-22,frequency,3,5,1 2 16 27 33 43,,1,0,0.08920560608585149,66.66666666666666,99.20120209203678,61.11111111111111,84a6f4b16447dc965d5625fdd458d3f8a73254bf84465bf493d0479134069301,observed,observed_history_forward_replay
12,2026-08-22,frequency,3,6,2 12 28 38 41 43,,0,0,0.08920560608585149,66.66666666666666,99.75669287213074,65.27777777777779,21b4c8a982fc5aeca3ac25d993fd30e487be66adc4cbe62fb54ba8173a60d363,observed,observed_history_forward_replay
12,2026-08-22,frequency,3,7,4 24 27 29 31 43,,1,0,0.08920560608585149,66.66666666666666,99.13892460155226,70.83333333333334,62d172388c1376139c9f7e610ca06fe163117dfb77f5b9578d201c0ee11ce5c1,observed,observed_history_forward_replay
12,2026-08-22,frequency,3,8,8 14 32 34 38 41,,1,0,0.08920560608585149,66.66666666666666,99.93714708522641,65.27777777777779,483f11314107f2f57885fb35e322eaf32214f68ed1938c477f60d9e18daf8b1f,observed,observed_history_forward_replay
12,2026-08-22,frequency,3,9,17 26 27 38 39 45,,0,0,0.08920560608585149,66.66666666666666,99.94687921908537,62.5,747db6ab265cc4b1ce6ad0defe6cd1dc2d9f67b81db003e323654be1234dd21a,observed,observed_history_forward_replay
12,2026-08-22,frequency,3,10,3 7 12 28 29 32,,2,0,0.08920560608585149,66.66666666666666,92.26250454414456,52.77777777777778,0f7b6a6981d34badf9560557b4b8ac82bbf73997f0c4084f1ae717016f80b1fb,observed,observed_history_forward_replay
12,2026-08-22,frequency,3,11,3 25 32 35 36 45,,1,0,0.08920560608585149,66.66666666666666,99.94531759942528,58.333333333333336,e257ffd86a1728c027326a52af30775cf8859068342f5fbb375e41efdfa67b9b,observed,observed_history_forward_replay
12,2026-08-22,frequency,3,12,8 14 28 29 34 42,,1,0,0.08920560608585149,66.66666666666666,98.82991315276156,58.333333333333336,5fe8ddd710d3840d680d889cbd22c7829705f3fcf5cabc17d82604371c41d6aa,observed,observed_history_forward_replay
12,2026-08-22,unpopularity,1,1,34 39 40 43 44 45,,0,0,0.3195376419952045,100.0,100.0,63.888888888888886,f7ca6925fe1426153b5575e913a252c3bd3aeca2ce83557435bdd8dc49eaaed1,observed,observed_history_forward_replay
12,2026-08-22,unpopularity,1,2,32 36 39 43 44 45,,1,0,0.3195376419952045,100.0,99.99986785205125,68.05555555555554,1542d1c0610a9a52db7c1bcb80891f8051e5d7bf413101d395f09e59194244a2,observed,observed_history_forward_replay
12,2026-08-22,unpopularity,1,3,34 36 38 40 44 45,,0,0,0.3195376419952045,100.0,99.99982107186035,59.72222222222222,7f3894918ac2e44f13d45ee35630cdeb687de1ea205c1f3b5ed66714a1561948,observed,observed_history_forward_replay
12,2026-08-22,unpopularity,1,4,32 37 38 39 44 45,,1,0,0.3195376419952045,100.0,99.9997728560435,63.888888888888886,d3a3897c4da097e1f26d6329ad9dd1a7a031bf0e33ebe6a9c02c4c173ffe5944,observed,observed_history_forward_replay
12,2026-08-22,unpopularity,1,5,32 33 34 41 43 44,,2,0,0.3195376419952045,100.0,99.99956473483383,66.66666666666666,811fb10f7c73a5f665d82441446467bbb14cba1a4d87a2f047ed17bc8f87bb90,observed,observed_history_forward_replay
12,2026-08-22,unpopularity,1,6,32 33 36 39 41 45,,2,0,0.3195376419952045,100.0,99.9995369054915,66.66666666666666,ec48d5b6ef939585bcb2486bc1a86576ecb1e7e2531a85164c6fedbe35f8aeef,observed,observed_history_forward_replay
12,2026-08-22,unpopularity,1,7,32 33 34 38 39 45,,2,0,0.3195376419952045,100.0,99.999391271265,55.55555555555555,9a1ccdb0a7245fce05b4891e0b188e95435615ee4b4579fa4530484e03b6dcb5,observed,observed_history_forward_replay
12,2026-08-22,unpopularity,1,8,35 37 38 43 44 45,,0,0,0.3195376419952045,100.0,99.99920703805422,62.5,24b4274d69a30a947ff89afa5ada5acb7cbec28e278a16b6595ed4314ba8c616,observed,observed_history_forward_replay
12,2026-08-22,unpopularity,1,9,35 37 38 41 43 45,,0,0,0.3195376419952045,100.0,99.99910568058674,68.05555555555554,70511f006262ff629f61320e137e621e409bf6fd75c5a24c2fdd58794969852b,observed,observed_history_forward_replay
12,2026-08-22,unpopularity,1,10,34 37 38 39 40 41,,0,0,0.3195376419952045,100.0,99.99908723320351,75.0,2de307a92f318c505ed42b9a9a3108f10108a056564e8331876797eef61c54f5,observed,observed_history_forward_replay
12,2026-08-22,unpopularity,1,11,37 39 42 43 44 45,,0,0,0.3195376419952045,100.0,99.99887500596786,68.05555555555554,0c762f0cd76c9f62c379479c6abd53acc0116df22f79e25cc42da64fd899128b,observed,observed_history_forward_replay
12,2026-08-22,unpopularity,1,12,33 35 36 38 44 45,,1,0,0.3195376419952045,100.0,99.99881181243427,55.55555555555555,51d2c06526824fd7a4d19e0100303d4b340372e79b2ed015cc2691deff873682,observed,observed_history_forward_replay
12,2026-08-22,gingerm,2,1,8 21 25 36 37 41,,0,0,0.2221098689763501,100.0,99.83686046890067,79.16666666666666,8dbcebaac27552067ed45654dc4564dc5a71329a679e4d16226659e22518ce0b,observed,observed_history_forward_replay
12,2026-08-22,gingerm,2,2,19 20 23 25 41 43,,1,0,0.2221098689763501,100.0,99.80671620199502,69.44444444444446,e6287dffdd43552963357dc665c134be7a007eed8475768982c600f671a6f762,observed,observed_history_forward_replay
12,2026-08-22,gingerm,2,3,11 21 27 36 37 43,,1,0,0.2221098689763501,100.0,99.85337803412446,76.38888888888889,df1d698a3f8da1c65acf4a127c69f261bf4af85d8e466810f03dfaba61964d19,observed,observed_history_forward_replay
12,2026-08-22,gingerm,2,4,5 8 24 31 34 41,,0,0,0.2221098689763501,100.0,99.41881428117131,72.22222222222221,74bbae0874c5b8d62b41a1707f42194e476d4fbc93c5c8c6431f26cee9f9042c,observed,observed_history_forward_replay
12,2026-08-22,gingerm,2,5,23 25 36 41 43 44,,0,0,0.2221098689763501,100.0,99.98589506937485,79.16666666666666,8619e2e5e8e8d23c35329a9054c1bdba0d51658373af3d1b045c1ae5a2ab0738,observed,observed_history_forward_replay
12,2026-08-22,gingerm,2,6,14 19 23 31 39 41,,1,0,0.2221098689763501,100.0,99.69118009359742,76.38888888888889,ba52593c7f29bf4b2f68ec792ff0d131a6588aa703f036ec69ece50200302f9c,observed,observed_history_forward_replay
12,2026-08-22,gingerm,2,7,7 11 17 29 36 44,,2,0,0.2221098689763501,100.0,99.14063332732754,66.66666666666666,25fd72f069e1fbd3ec40bc36ceaf9f197e77044acc74431ebbb995cc24131b71,observed,observed_history_forward_replay
12,2026-08-22,gingerm,2,8,7 17 25 27 31 36,,0,0,0.2221098689763501,100.0,98.37849657794104,80.55555555555554,fb6690d59c7c8575637cd4949b9b4df39977297f8a81e9c28d614ca9039a2d41,observed,observed_history_forward_replay
12,2026-08-22,gingerm,2,9,11 14 25 37 41 43,,1,0,0.2221098689763501,100.0,99.84415389295373,75.0,53bb5757fa17f299668cf6972a8eae3c69a458eae4caf24593c3cbf4b93efecf,observed,observed_history_forward_replay
12,2026-08-22,gingerm,2,10,5 13 21 27 31 41,,0,0,0.2221098689763501,100.0,98.25110451901817,75.0,86b93c4cd72dc4c17d920bf08b6df62f59341828f624e5f9eac7348009750990,observed,observed_history_forward_replay
12,2026-08-22,gingerm,2,11,13 14 20 25 28 39,,0,0,0.2221098689763501,100.0,98.15421359409883,65.27777777777779,cb0902d70e72e21856617f688f1f364b5c3f87d5e0de167870968d6960cd59bf,observed,observed_history_forward_replay
12,2026-08-22,gingerm,2,12,13 14 20 25 27 41,,0,0,0.2221098689763501,100.0,98.78841158040146,72.22222222222221,2990d991806d1390d3a03f7f484fdbcd80d655b5c3da6a2c0884ba5fe11b060c,observed,observed_history_forward_replay
12,2026-08-22,spectral_contrarian,4,1,6 15 21 25 32 45,,1,0,0.07703072213790518,91.66666666666666,99.38656443237117,47.22222222222223,b0e8521f7690711998059ab4af3380b603709868f95672b2fd0da3fc02f9067f,observed,observed_history_forward_replay
12,2026-08-22,spectral_contrarian,4,2,3 9 13 19 30 37,,2,0,0.07703072213790518,91.66666666666666,97.54460246455623,52.77777777777778,cfb1df48f501b617cf245c7dad6a6226f742fac91c560855f4860154b0ba9e63,observed,observed_history_forward_replay
12,2026-08-22,spectral_contrarian,4,3,1 7 16 23 33 42,,1,0,0.07703072213790518,91.66666666666666,98.20096446335744,54.166666666666664,122c4463944ced539a0cf37c88209a43f9268bca858e594ec2abd7d65274a39a,observed,observed_history_forward_replay
12,2026-08-22,spectral_contrarian,4,4,5 10 20 27 31 38,,0,0,0.07703072213790518,91.66666666666666,98.18548939615086,56.94444444444444,06bd19a870e94c7f2f9f51da3df09d7451deaf893a0bf97983f45da9cd616259,observed,observed_history_forward_replay
12,2026-08-22,spectral_contrarian,4,5,9 14 18 24 35 43,,0,0,0.07703072213790518,91.66666666666666,99.06510626207302,54.166666666666664,4c4b8b1f30f4b3656967bb398ea34bd67187e8da4a5c522b0a2651e491859fac,observed,observed_history_forward_replay
12,2026-08-22,spectral_contrarian,4,6,2 6 12 22 29 40,,1,0,0.07703072213790518,91.66666666666666,96.56188657238661,44.44444444444445,bcc8f3152969db4b20eba77a39dbc34ebf12886425efd4a915e299cc437e4ddf,observed,observed_history_forward_replay
12,2026-08-22,spectral_contrarian,4,7,10 16 26 33 38 45,,1,0,0.07703072213790518,91.66666666666666,99.89170437759387,37.5,9417a0bd1c7c741af3e1f00f34267303d3c7c3bb7d24fa1068f79e8d3687e39c,observed,observed_history_forward_replay
12,2026-08-22,spectral_contrarian,4,8,4 13 20 23 30 42,,1,0,0.07703072213790518,91.66666666666666,98.08496620550137,52.77777777777778,df6fd35a2ef0c3ae06d5b10163a99f4b500b55a3b289514ccb15a88636aacfff,observed,observed_history_forward_replay
12,2026-08-22,spectral_contrarian,4,9,1 8 11 17 28 34,,1,0,0.07703072213790518,91.66666666666666,93.8162097182165,62.5,2142d635907eb8bb795f5cce25a9cfbcd6130461070e3e33ef201b65f14edbf2,observed,observed_history_forward_replay
12,2026-08-22,spectral_contrarian,4,10,5 15 21 32 39 44,,1,0,0.07703072213790518,91.66666666666666,99.80414315966651,56.94444444444444,95c2260d9f720877c1d59f44e4496b036643cd03ba625dfaa4de647da189807f,observed,observed_history_forward_replay
12,2026-08-22,spectral_contrarian,4,11,3 9 19 25 29 36,,2,0,0.07703072213790518,91.66666666666666,97.88921527350509,56.94444444444444,147e09ac1bfeac847b9c0a02aaad58666acd35f30c9a7450a7199a09560009d5,observed,observed_history_forward_replay
12,2026-08-22,spectral_contrarian,4,12,7 12 16 22 33 41,,1,0,0.07703072213790518,91.66666666666666,98.95375596488637,54.166666666666664,2968231c6312aac881dba0c835559c7460488deefe29dec38be7b8eed42037ec,observed,observed_history_forward_replay
12,2026-08-22,parallax,6,1,34 37 41 43 44 45,,0,0,-0.20015798721803035,41.66666666666667,99.99997879906121,73.61111111111111,6c1a465d9c370161127495447df8bc27749b02956c4dfa4886e6fe9671f72103,observed,observed_history_forward_replay
12,2026-08-22,parallax,6,2,31 36 38 39 40 42,,0,0,-0.20015798721803035,41.66666666666667,99.99415656597405,68.05555555555554,5d0f45aa1fae0a80c9ca3af6f281b3641fa30f6e60a8761f170a1dc914279695,observed,observed_history_forward_replay
12,2026-08-22,parallax,6,3,5 25 27 32 33 35,,2,0,-0.20015798721803035,41.66666666666667,99.80710189519623,59.72222222222222,ed80d889e6f4a9c69872fbb7788d0ffc24492a5a78738c22b8b931397df14530,observed,observed_history_forward_replay
12,2026-08-22,parallax,6,4,12 15 18 24 29 30,,2,0,-0.20015798721803035,41.66666666666667,96.47257453011368,44.44444444444444,45489fe06feb6b9df75addf9efff3ae67f94147839361882c5ce1704abe9a41e,observed,observed_history_forward_replay
12,2026-08-22,parallax,6,5,11 19 20 23 26 28,,2,0,-0.20015798721803035,41.66666666666667,94.62755818756922,51.38888888888889,8a589d52501add2bcadadd78d2b1724af1decdeaf67a4805a2b5bc87a1e67d45,observed,observed_history_forward_replay
12,2026-08-22,parallax,6,6,2 4 6 7 14 21,,0,0,-0.20015798721803035,41.66666666666667,0.0,56.94444444444445,f239635cbae2cd33bde4c052aa43a786420eaea5680751ceb23d5ad1a4974cfa,observed,observed_history_forward_replay
12,2026-08-22,parallax,6,7,1 3 16 22 39 41,,0,0,-0.20015798721803035,41.66666666666667,99.20120209203678,61.11111111111111,cb8cd8c8338de846dac1290f2261ed82e6bc98526afeb4e14c1134f50ced46eb,observed,observed_history_forward_replay
12,2026-08-22,parallax,6,8,8 10 17 23 35 44,,0,0,-0.20015798721803035,41.66666666666667,99.04457737797638,58.333333333333336,2a59d6b645d98df7840b0e02f84eaa252f55b71e6f602c159d8326495de5bd17,observed,observed_history_forward_replay
12,2026-08-22,parallax,6,9,9 13 26 31 32 44,,1,0,-0.20015798721803035,41.66666666666667,99.65428729358213,54.166666666666664,6cf0fcff99e614511aa1d9ace0ba685b702ca882b469107ac20d689e9f9b82ae,observed,observed_history_forward_replay
12,2026-08-22,parallax,6,10,9 20 29 33 40 41,,2,0,-0.20015798721803035,41.66666666666667,99.89813904331616,48.61111111111111,c51cd4e08e9a75df58555a67a671e842896a9d5e00cc7c33aa80b59e73c0d65b,observed,observed_history_forward_replay
12,2026-08-22,parallax,6,11,3 24 26 33 36 37,,1,0,-0.20015798721803035,41.66666666666667,99.87572199090829,59.72222222222222,685b84081787d84fe15885ef86dd131f8f459946a64648a3b1ca546c5c3fef89,observed,observed_history_forward_replay
12,2026-08-22,parallax,6,12,2 15 17 33 38 43,,1,0,-0.20015798721803035,41.66666666666667,99.85299223465131,52.77777777777778,336773e3c5308779ce0187298f5305b7f614b1e8fa12b2ef68ca2e8b2aac6ebc,observed,observed_history_forward_replay
12,2026-08-22,coordinated_aggregation,7,1,34 37 41 43 44 45,,0,0,-0.20015798721803035,41.66666666666667,99.99997879906121,73.61111111111111,c7c5a5a12b75f24c400c4e9b48b10607c63a58c6cfe2e38d1037f529807e005b,observed,observed_history_forward_replay
12,2026-08-22,coordinated_aggregation,7,2,31 36 38 39 40 42,,0,0,-0.20015798721803035,41.66666666666667,99.99415656597405,68.05555555555554,b28e7c5c946f01a6133318efee7b042215ec140c104a47c86673802a0c35293b,observed,observed_history_forward_replay
12,2026-08-22,coordinated_aggregation,7,3,5 25 27 32 33 35,,2,0,-0.20015798721803035,41.66666666666667,99.80710189519623,59.72222222222222,3a98c0cef100b8ed98436fb18c3ec4fe6e501cdf08d4731792ec80fca5f6b1a0,observed,observed_history_forward_replay
12,2026-08-22,coordinated_aggregation,7,4,12 15 18 24 29 30,,2,0,-0.20015798721803035,41.66666666666667,96.47257453011368,44.44444444444444,07d731b3855da7e85feac5cabe52c5a8e84adbf90915b856613b3481603ef58c,observed,observed_history_forward_replay
12,2026-08-22,coordinated_aggregation,7,5,11 19 20 23 26 28,,2,0,-0.20015798721803035,41.66666666666667,94.62755818756922,51.38888888888889,7746afefe2d7edaecec0e9b976c49aaac3956d3859ad4a4ca0c052727515af5d,observed,observed_history_forward_replay
12,2026-08-22,coordinated_aggregation,7,6,2 4 6 7 14 21,,0,0,-0.20015798721803035,41.66666666666667,0.0,56.94444444444445,038247f42bf87dbcfe838daf6219ff4b34ce259695391e705ed999476db99c7d,observed,observed_history_forward_replay
12,2026-08-22,coordinated_aggregation,7,7,1 3 16 22 39 41,,0,0,-0.20015798721803035,41.66666666666667,99.20120209203678,61.11111111111111,b183443e46cc45cde66ca8d367d0023f692f8d4ad2aece2333b97fdf39e37d64,observed,observed_history_forward_replay
12,2026-08-22,coordinated_aggregation,7,8,8 10 17 23 35 44,,0,0,-0.20015798721803035,41.66666666666667,99.04457737797638,58.333333333333336,50aaed0d3f7531fa682c1d34900e1cdbd3fb8b653db0f6bfab5fc50a74f42b94,observed,observed_history_forward_replay
12,2026-08-22,coordinated_aggregation,7,9,9 13 26 31 32 44,,1,0,-0.20015798721803035,41.66666666666667,99.65428729358213,54.166666666666664,6a903b4e466ab897d6dacb7ea37c380ed966eb0ebecfb207564ac74c1c0019db,observed,observed_history_forward_replay
12,2026-08-22,coordinated_aggregation,7,10,9 20 29 33 40 41,,2,0,-0.20015798721803035,41.66666666666667,99.89813904331616,48.61111111111111,c6e2009860ac570448e1716815fcd10fbeda51c5ef0f4fa4f6f1a789f78f8d5b,observed,observed_history_forward_replay
12,2026-08-22,coordinated_aggregation,7,11,3 24 26 33 36 37,,1,0,-0.20015798721803035,41.66666666666667,99.87572199090829,59.72222222222222,e4e387dadb4767fa02ad650fcbd0a56ba2e82a62f9e652f5674700b2fe123de8,observed,observed_history_forward_replay
12,2026-08-22,coordinated_aggregation,7,12,2 15 17 33 38 43,,1,0,-0.20015798721803035,41.66666666666667,99.85299223465131,52.77777777777778,1704eb14ca34f6c548c4f8667e35d7eac525818cd6e7220d5b9017b1fe6b14a5,observed,observed_history_forward_replay
