contest_number,draw_date,agent,contest_rank,ticket_index,main_draw,auxiliary_draw,main_hits,auxiliary_hits,roi_alpha_vs_house_pp,win_rate_vs_house_pct,crowd_escape_score,momentum_score,commitment_sha256,score_status,evaluation_scope
1,2026-07-21,uniform_random,7,1,4 27 31 40 42,3 11,0,1,0.0,0.0,96.77272362469213,83.63636363636363,233418fdefde10ff84610c4fe14c2c5fd715b3b4326e2879dd68bd3b5ce5d2d5,observed,observed_history_forward_replay
1,2026-07-21,uniform_random,7,2,13 16 27 30 44,2 9,0,1,0.0,0.0,95.05005155896949,86.51515151515153,0f54647ced7117b645cceee0d5b15dacb1bc84ddf01c10c5a85fb3cf7c6ae9e1,observed,observed_history_forward_replay
1,2026-07-21,uniform_random,7,3,1 12 18 26 32,1 12,0,0,0.0,0.0,81.90756779862548,79.54545454545455,edd896ae5e05af59b85b67ab4f66ec326ebfdb51c86608d4c2866e36a26eb964,observed,observed_history_forward_replay
1,2026-07-21,uniform_random,7,4,3 9 20 36 44,4 10,1,0,0.0,0.0,95.10211069202563,83.93939393939395,95eae16cd1340b7321508a7976980a375d19369d8caa1bb3108d4a484d12e2f2,observed,observed_history_forward_replay
1,2026-07-21,uniform_random,7,5,9 30 34 43 49,6 7,0,0,0.0,0.0,99.11358964288965,81.06060606060606,12df9d2625a097033d6a3218e9881a7e943e927e97da485a38544532293aca60,observed,observed_history_forward_replay
1,2026-07-21,uniform_random,7,6,12 19 21 38 44,4 5,0,0,0.0,0.0,96.242258738815,87.57575757575758,4722c9949a72886eba60a8a8de205447e8f04f41abdf2aebc6ea6807dbbe611a,observed,observed_history_forward_replay
1,2026-07-21,uniform_random,7,7,1 6 9 23 46,6 10,0,0,0.0,0.0,73.08038385967306,83.33333333333334,7b9c68d39c4b9ecb60c4fea2cc09a8d68e05bb53068e0072159bc3be7af60ed9,observed,observed_history_forward_replay
1,2026-07-21,uniform_random,7,8,6 7 16 17 35,2 10,0,1,0.0,0.0,54.02318517827504,86.51515151515153,48bc6b77ed363b0962e0a4b15ed63e25adc92c1ef24f679fd757e58636c9f6c5,observed,observed_history_forward_replay
1,2026-07-21,uniform_random,7,9,10 13 17 19 20,1 5,0,0,0.0,0.0,60.88985611357076,91.21212121212122,31ff23320ccf06f64d57d0ae73081986910309ec58fef25752147719fe2b16ff,observed,observed_history_forward_replay
1,2026-07-21,uniform_random,7,10,2 7 10 14 46,8 11,1,1,0.0,0.0,33.646462836073795,86.66666666666666,120b815eb54a0e3c9983e6e901d728ca44a235e7f215a85b8fa0d84b88d86b56,observed,observed_history_forward_replay
1,2026-07-21,uniform_random,7,11,1 16 21 34 39,10 11,1,1,0.0,0.0,94.67023971102284,85.30303030303031,3ff7352411c7ac60570f6f7817f871a5f7653934f1b41d8b98f527817b4101cd,observed,observed_history_forward_replay
1,2026-07-21,uniform_random,7,12,6 12 13 20 41,3 9,0,0,0.0,0.0,82.71064033984005,85.0,40d3b1e0c009f8a9603753e31fe68bdda188120cdfe9b4a2553c638daaaf26c5,observed,observed_history_forward_replay
1,2026-07-21,frequency,3,1,5 11 41 49 50,2 3,0,1,1.942673516064608,100.0,98.56370249594157,79.84848484848484,4b7d9104b1424bd3c416202f4c21c35bb863025d9574fd44efda9d79be571e7e,observed,observed_history_forward_replay
1,2026-07-21,frequency,3,2,6 26 38 43 45,3 5,0,0,1.942673516064608,100.0,99.34933173358824,81.36363636363637,d6edc4ce7c9c9a29d115ea6d601bc9b082d03144a733345ff07437528adef761,observed,observed_history_forward_replay
1,2026-07-21,frequency,3,3,3 5 18 26 46,1 3,1,0,1.942673516064608,100.0,84.21156676141419,80.60606060606061,a927c473534f87f7e348d38318a6faf7c52e96acd15db13fcf6a8487450b0e82,observed,observed_history_forward_replay
1,2026-07-21,frequency,3,4,16 17 31 32 39,5 9,1,0,1.942673516064608,100.0,98.25018974468901,84.84848484848484,b00b18de7153f569e3c2132bbbad4f2b22fda09c4d6e8fa4cac20a8f2448d3b7,observed,observed_history_forward_replay
1,2026-07-21,frequency,3,5,12 13 21 22 25,3 6,0,0,1.942673516064608,100.0,52.51735648026899,81.36363636363637,269fb5f15ec748e7c42f810c18fb9223514eafbde194a4715d1fd1867537cf5f,observed,observed_history_forward_replay
1,2026-07-21,frequency,3,6,9 23 24 26 43,4 12,0,0,1.942673516064608,100.0,92.51385154065349,84.3939393939394,d543b6540a2d6b41b280b3b49772b524b30fbabb5beaaa146192e2ff045bccf9,observed,observed_history_forward_replay
1,2026-07-21,frequency,3,7,17 19 32 42 44,5 10,0,0,1.942673516064608,100.0,99.25609138763836,92.12121212121212,b1832c9c463d89f356dc863e69a79c702d068f18897c74349bf4f5770db7be72,observed,observed_history_forward_replay
1,2026-07-21,frequency,3,8,1 8 20 32 47,10 12,1,0,1.942673516064608,100.0,94.79538115951792,81.81818181818181,af96f3fa5faf76e8f5458083d04744ca5b415d450f0162b60b80f443ba221b4c,observed,observed_history_forward_replay
1,2026-07-21,frequency,3,9,7 17 34 35 46,8 12,0,0,1.942673516064608,100.0,98.00102899913215,88.7878787878788,758ab52b4247c581fb5faf9118a55ec5d97428729cf44efd2769f78d46fc7cfe,observed,observed_history_forward_replay
1,2026-07-21,frequency,3,10,13 17 21 25 41,6 12,0,0,1.942673516064608,100.0,90.94324363910576,88.18181818181819,f586099d45dd9c00f4c0916b7a83a88f96668ae03bb63119d26af9354afcf473,observed,observed_history_forward_replay
1,2026-07-21,frequency,3,11,3 6 14 21 37,11 12,1,1,1.942673516064608,100.0,54.02318517827502,85.15151515151516,4809b3841f9aec50a1d24f5e66b77c4246f6bd5b4f48e889710327f666365611,observed,observed_history_forward_replay
1,2026-07-21,frequency,3,12,4 9 17 32 44,3 11,0,1,1.942673516064608,100.0,94.634920968002,85.60606060606061,00065a70dfc7cf718f5016dbbe61e569db5be791cf06730c8a4a299f35259d61,observed,observed_history_forward_replay
1,2026-07-21,unpopularity,1,1,39 41 43 46 50,3 6,1,0,5.250091114533784,100.0,99.99565695368518,80.75757575757576,2eec6a4b248e9014504b9528d682543f977fa8c299c71ff37d09ac547784912a,observed,observed_history_forward_replay
1,2026-07-21,unpopularity,1,2,33 44 45 47 50,3 9,0,0,5.250091114533784,100.0,99.99565695368518,82.87878787878788,142e015f094699ba5480312658157ef4e2c7cfb0fb6a3fc3f2856e37786b7a0d,observed,observed_history_forward_replay
1,2026-07-21,unpopularity,1,3,38 41 44 47 48,8 9,0,0,5.250091114533784,100.0,99.9952251478612,84.69696969696969,7507af8332c8806e5103aadc9f2c30440261e475338fe99efce844a57d643d6c,observed,observed_history_forward_replay
1,2026-07-21,unpopularity,1,4,34 39 45 48 50,10 11,1,1,5.250091114533784,100.0,99.99434170890571,86.36363636363636,cae5e3b9d549419dfa199330b9e3e4a52d82aa3efa2a8ceefe1abbc91a701841,observed,observed_history_forward_replay
1,2026-07-21,unpopularity,1,5,32 43 45 46 50,6 9,0,0,5.250091114533784,100.0,99.99434170890571,81.51515151515152,819a4ac00c9f0588229672391d6e2436f0d501d0c5533175a8efa466b662dcf0,observed,observed_history_forward_replay
1,2026-07-21,unpopularity,1,6,43 45 46 47 50,1 7,0,0,5.250091114533784,100.0,99.99326457711658,81.06060606060606,b958ba70bdebe266a34a5f40712d61b266ae1636c6df66da6341b519960c8037,observed,observed_history_forward_replay
1,2026-07-21,unpopularity,1,7,32 36 46 48 50,6 11,0,1,5.250091114533784,100.0,99.99249266403974,81.66666666666667,c0446cfe7950fb24f78ea877c21f00336488e2e028bf4d0a8f75b0e676ac606e,observed,observed_history_forward_replay
1,2026-07-21,unpopularity,1,8,43 44 45 47 50,5 10,0,0,5.250091114533784,100.0,99.99232097068042,83.03030303030303,26c3e3ce58bb9611724128967663b68759f7ad83206019f3ac9d377c8c2f6e5b,observed,observed_history_forward_replay
1,2026-07-21,unpopularity,1,9,36 37 40 48 50,5 6,0,0,5.250091114533784,100.0,99.9920126710638,80.60606060606061,875af41ed59a5a2fb92272bf4ab4de6c65540cc4be353afdb91a23971a58a22f,observed,observed_history_forward_replay
1,2026-07-21,unpopularity,1,10,32 36 46 47 50,7 8,0,0,5.250091114533784,100.0,99.9920126710638,79.6969696969697,2c7b878944e8a9055c7cf6ad1a9c4efed66d7b2094ec8af73b29e2d3f6c041a7,observed,observed_history_forward_replay
1,2026-07-21,unpopularity,1,11,32 37 44 48 50,4 5,0,0,5.250091114533784,100.0,99.9920126710638,86.36363636363636,2fd381667e5b9c497ca39f5d5b762ad32700b0ec32f86dffaef6fe5f4c820349,observed,observed_history_forward_replay
1,2026-07-21,unpopularity,1,12,33 39 43 46 50,5 12,1,0,5.250091114533784,100.0,99.9920126710638,79.24242424242424,9a334476f21b9a4c6c45a2fb4c4d3a02eab6f3c706aab759795479e718c38853,observed,observed_history_forward_replay
1,2026-07-21,gingerm,6,1,3 10 12 25 44,1 2,1,1,1.2665944391427764,100.0,76.5069995007661,86.96969696969697,02045f2f255de90ed497fa38d43bf7e02e10731d1416e630d50c7b9d346f9d2e,observed,observed_history_forward_replay
1,2026-07-21,gingerm,6,2,11 20 33 44 48,1 2,0,1,1.2665944391427764,100.0,99.32862662810182,84.24242424242424,80291e980bc49b13ff69e53e5034e14b548d7225bad895c210ffa44db3c75009,observed,observed_history_forward_replay
1,2026-07-21,gingerm,6,3,9 21 38 40 41,1 2,0,1,1.2665944391427764,100.0,98.8645320398822,81.21212121212122,4582197e7b1a0fa3c378c59056e5a597e3190f9d4964ca7698efd278a4ed3837,observed,observed_history_forward_replay
1,2026-07-21,gingerm,6,4,9 21 37 41 44,1 2,0,1,1.2665944391427764,100.0,98.91592991134878,87.72727272727273,398b48b058a70830d8f8e8e5479ad3fa1906f589ee572c2e146245dbf7416fd8,observed,observed_history_forward_replay
1,2026-07-21,gingerm,6,5,4 13 15 20 35,1 2,0,1,1.2665944391427764,100.0,80.01785265493314,85.60606060606061,d737a65e9df6b344058bbe2078517ebd56bc2cee2485e0d7b372b0b3471daff7,observed,observed_history_forward_replay
1,2026-07-21,gingerm,6,6,13 26 39 44 45,1 2,1,1,1.2665944391427764,100.0,99.60338614175382,88.33333333333334,6cea5cdce7933e018f148513355397b2057eb63de4378121301ffba8ec471a7c,observed,observed_history_forward_replay
1,2026-07-21,gingerm,6,7,13 14 32 37 49,1 2,0,1,1.2665944391427764,100.0,98.70429273187429,85.30303030303031,a0312c52dbb5e129563558fa2ddcbdbabf7a6e46884445c9f247fc4616ea54c5,observed,observed_history_forward_replay
1,2026-07-21,gingerm,6,8,2 8 16 20 23,1 2,2,1,1.2665944391427764,100.0,36.29727201555097,87.12121212121214,ae85af540f5c923ec21621dc72bd96b5ed1cade4bacd41c13a96e49edd534d6f,observed,observed_history_forward_replay
1,2026-07-21,gingerm,6,9,29 44 45 48 49,1 2,0,1,1.2665944391427764,100.0,99.90653512039677,88.63636363636364,6d1be39e763e73988097fe253089bf56af53502f65d3a7d9c3f6c84fbe4d4a89,observed,observed_history_forward_replay
1,2026-07-21,gingerm,6,10,2 8 16 19 21,1 2,2,1,1.2665944391427764,100.0,0.0,86.81818181818181,af9e8cb610ebdb9ba9731d4627f45dbb2531249a63a3f2d704c21428c60211d8,observed,observed_history_forward_replay
1,2026-07-21,gingerm,6,11,21 26 31 39 41,1 2,1,1,1.2665944391427764,100.0,98.14454518143697,84.84848484848484,627de553a408b266f7a5117015a765516891520bfb5b3650d8dad82a4de6cff0,observed,observed_history_forward_replay
1,2026-07-21,gingerm,6,12,14 20 32 47 48,1 2,0,1,1.2665944391427764,100.0,99.33318400954943,85.45454545454545,a2fa1628c1f48cde65bf3d55eca52e95cd396bd2c3fac132cce5131a6fdcaf77,observed,observed_history_forward_replay
1,2026-07-21,spectral_contrarian,2,1,6 18 25 37 49,3 8,0,0,3.796858413144333,100.0,96.29898504077465,80.15151515151516,e76e0d8e255d00da1abd22b6312e966c8502d5477406b1c84cb1fd4953745e1e,observed,observed_history_forward_replay
1,2026-07-21,spectral_contrarian,2,2,4 15 23 34 42,7 12,0,0,3.796858413144333,100.0,95.20771226074501,89.0909090909091,8aa7f955e4924bf1a1eac229624eaefeb07cc6af822d6bfa6ddcab6833176567,observed,observed_history_forward_replay
1,2026-07-21,spectral_contrarian,2,3,1 8 20 32 39,4 11,2,1,3.796858413144333,100.0,94.1233853265,82.72727272727273,2773b6e250e9d931bfe3d5cf11b103a76785cedd54d8a5d4a49427572b8270c8,observed,observed_history_forward_replay
1,2026-07-21,spectral_contrarian,2,4,5 17 24 36 48,3 7,0,0,3.796858413144333,100.0,97.34572570227262,85.30303030303031,75b4ae97bc30808265126bb4cca5dc40a4fd30ef679ba674b74b89db3b4cb735,observed,observed_history_forward_replay
1,2026-07-21,spectral_contrarian,2,5,2 14 22 33 41,7 11,1,1,3.796858413144333,100.0,94.75054629839939,77.42424242424242,48e725697d727def2eaf06cccf5ff3daecbe75220dfd6f58a41d916c0cec0c5f,observed,observed_history_forward_replay
1,2026-07-21,spectral_contrarian,2,6,7 19 31 38 50,3 11,0,1,3.796858413144333,100.0,96.82149295336365,81.96969696969697,eb5d074627bb73527ccf173f8c635428a795790910a7592ddd9e23b1a90de520,observed,observed_history_forward_replay
1,2026-07-21,spectral_contrarian,2,7,4 16 23 35 47,3 7,0,0,3.796858413144333,100.0,95.6912272054048,85.15151515151516,f411fbfd7ed37777f2f6ce4fcea65b9bedba2a7fb18b806a4032585592430f5d,observed,observed_history_forward_replay
1,2026-07-21,spectral_contrarian,2,8,1 13 21 32 40,7 11,0,1,3.796858413144333,100.0,94.3365962746475,82.27272727272727,e7f03a40374b07b6ec065c74971e665262278734038688f5446b57f186c0ac2d,observed,observed_history_forward_replay
1,2026-07-21,spectral_contrarian,2,9,3 15 22 34 46,2 7,1,1,3.796858413144333,100.0,96.90874912861065,79.0909090909091,5ef5ca99f60622661d630a3cffb84797c6b0774fd7adada2ad1aaf657f797dde,observed,observed_history_forward_replay
1,2026-07-21,spectral_contrarian,2,10,12 19 31 39 50,6 11,1,1,3.796858413144333,100.0,98.0740873582888,83.48484848484847,eea5e9b3494b9a2234216206928eb9c44bb60d264846784f0fedb3de0c94ff06,observed,observed_history_forward_replay
1,2026-07-21,spectral_contrarian,2,11,2 14 21 33 45,2 7,1,1,3.796858413144333,100.0,92.46445960744211,85.45454545454545,25fa1f5f434759caee260c9477c1b72b97d81d62f30f0e272d0e13c4362af4f9,observed,observed_history_forward_replay
1,2026-07-21,spectral_contrarian,2,12,11 18 30 38 49,6 11,0,1,3.796858413144333,100.0,96.86953074210508,75.30303030303031,0abb71770bd0133709591d904ec7403eaa903f5c1f82b9497f351ca139d46b09,observed,observed_history_forward_replay
1,2026-07-21,parallax,4,1,40 45 47 48 50,5 11,0,1,1.9359051912062664,100.0,100.0,81.66666666666667,609b21c5f3bed16700a36a1bce4405728e47f59403b2a0c83eaded331784f300,observed,observed_history_forward_replay
1,2026-07-21,parallax,4,2,34 37 39 41 46,7 8,1,0,1.9359051912062664,100.0,99.98447222727506,86.06060606060606,c7954bcc654b9ed584b848a632212fb040fd2e659cb4bd193758e4932ff7b2b8,observed,observed_history_forward_replay
1,2026-07-21,parallax,4,3,33 36 42 44 49,1 2,0,1,1.9359051912062664,100.0,99.94397857049005,84.69696969696969,c599b6d723eca56d7d64b3a5a236abf908914dd19a7ad5304576b79291685a03,observed,observed_history_forward_replay
1,2026-07-21,parallax,4,4,22 24 26 32 43,3 6,0,0,1.9359051912062664,100.0,98.54441018432746,76.81818181818181,b42e27273b8607aef246f7792f909f900f447be280e7c294e71f0cdf25c55080,observed,observed_history_forward_replay
1,2026-07-21,parallax,4,5,3 27 28 31 35,4 10,2,0,1.9359051912062664,100.0,82.86882287303274,84.3939393939394,c9a38bf31f72c9baa5fa03196badd67854c196c113445fc3e38bfdda15867479,observed,observed_history_forward_replay
1,2026-07-21,parallax,4,6,1 9 17 20 35,9 12,0,0,1.9359051912062664,100.0,69.81680245669286,86.36363636363636,8507b36cd4a117069d8756cacc06c01d6309182e406d40dda082f366b79495ab,observed,observed_history_forward_replay
1,2026-07-21,parallax,4,7,13 15 16 25 30,5 10,0,0,1.9359051912062664,100.0,79.36295466433835,83.03030303030303,10d9a30d94af48d3c981dac5cc71025060c123a358d6c07787b5801c8dfe46e4,observed,observed_history_forward_replay
1,2026-07-21,parallax,4,8,4 7 10 19 38,2 8,0,1,1.9359051912062664,100.0,55.098428875064265,84.3939393939394,bc53809cf34c3a9a38d370eb98913d8c732a8f5d3c7c1d2a64769a209f65913b,observed,observed_history_forward_replay
1,2026-07-21,parallax,4,9,11 14 18 23 43,3 11,0,1,1.9359051912062664,100.0,85.67702209369216,80.0,596c5c555c7b7518ae040e25ec25b95cc626951255421af7aeaf37d0f19ef4ac,observed,observed_history_forward_replay
1,2026-07-21,parallax,4,10,2 6 21 40 46,1 6,1,0,1.9359051912062664,100.0,92.9684297804655,82.57575757575758,53c0b2af6e30d5d2e8b852465cb52be4eed3356eb829286db2ccb35ea4147cbc,observed,observed_history_forward_replay
1,2026-07-21,parallax,4,11,5 12 32 33 41,7 9,0,0,1.9359051912062664,100.0,98.42092145888188,81.96969696969697,7d228298d4548cab7d9593982ee3986b3f14a8e74610674820c2178c9d41116e,observed,observed_history_forward_replay
1,2026-07-21,parallax,4,12,18 24 29 39 50,4 12,1,0,1.9359051912062664,100.0,98.80834160892955,80.90909090909092,06eb9468985a425311d546a4a018787a05072e211567783593ae380b4e2151c0,observed,observed_history_forward_replay
1,2026-07-21,coordinated_aggregation,5,1,40 45 47 48 50,5 11,0,1,1.9359051912062664,100.0,100.0,81.66666666666667,b9de725a0aa9d27bd03de3fedc68045f679917fe5b7fdd34a6ad059c06630ddf,observed,observed_history_forward_replay
1,2026-07-21,coordinated_aggregation,5,2,34 37 39 41 46,7 8,1,0,1.9359051912062664,100.0,99.98447222727506,86.06060606060606,1b218216a9f2694e318060d6cf0060f0a8e0bdacd8cc4784da51731625b39287,observed,observed_history_forward_replay
1,2026-07-21,coordinated_aggregation,5,3,33 36 42 44 49,1 2,0,1,1.9359051912062664,100.0,99.94397857049005,84.69696969696969,2f56626851447175b53ec1897be6e5dcad84b6e4fff73b2700f4fc171eef94c1,observed,observed_history_forward_replay
1,2026-07-21,coordinated_aggregation,5,4,22 24 26 32 43,3 6,0,0,1.9359051912062664,100.0,98.54441018432746,76.81818181818181,33edfde7d06640d341d3e3cb810ba1bcb2cbd0eadbf53a74f8cc5e5dce67d1af,observed,observed_history_forward_replay
1,2026-07-21,coordinated_aggregation,5,5,3 27 28 31 35,4 10,2,0,1.9359051912062664,100.0,82.86882287303274,84.3939393939394,0cd8118c214fc8068d48ac6baef4d3b8b078eacab01d3c536cf7b1c3e835e0d1,observed,observed_history_forward_replay
1,2026-07-21,coordinated_aggregation,5,6,1 9 17 20 35,9 12,0,0,1.9359051912062664,100.0,69.81680245669286,86.36363636363636,18f703fa33db89a5c279d3237b66c4eb71a99fb0177029a11c1bc3718eb7d58b,observed,observed_history_forward_replay
1,2026-07-21,coordinated_aggregation,5,7,13 15 16 25 30,5 10,0,0,1.9359051912062664,100.0,79.36295466433835,83.03030303030303,d3624ca946d1f445aedafe569b9b17ea5949646c9dde690dc4b936cf28c507ee,observed,observed_history_forward_replay
1,2026-07-21,coordinated_aggregation,5,8,4 7 10 19 38,2 8,0,1,1.9359051912062664,100.0,55.098428875064265,84.3939393939394,8c88e77c66716421a8245db017b11712e76ed111e0c352fd91484248972a0a06,observed,observed_history_forward_replay
1,2026-07-21,coordinated_aggregation,5,9,11 14 18 23 43,3 11,0,1,1.9359051912062664,100.0,85.67702209369216,80.0,bde3546a5d8215807798e88aee032497e79d68290ec6ef0621c56e0792624d6a,observed,observed_history_forward_replay
1,2026-07-21,coordinated_aggregation,5,10,2 6 21 40 46,1 6,1,0,1.9359051912062664,100.0,92.9684297804655,82.57575757575758,4c87aa91e459da89a15f077043a4962404ba46ffa0de0f8c441ff95dbc57c3b8,observed,observed_history_forward_replay
1,2026-07-21,coordinated_aggregation,5,11,5 12 32 33 41,7 9,0,0,1.9359051912062664,100.0,98.42092145888188,81.96969696969697,019049d1f618861bc20f4a214b1d47951194ca5eff654ee886abbda287127d83,observed,observed_history_forward_replay
1,2026-07-21,coordinated_aggregation,5,12,18 24 29 39 50,4 12,1,0,1.9359051912062664,100.0,98.80834160892955,80.90909090909092,5b619951b79bccb386264cae8ff2961186da062a5fa31b2fd836e39f3bf9273e,observed,observed_history_forward_replay
2,2026-07-24,uniform_random,5,1,8 14 25 41 43,3 5,1,0,0.0,0.0,97.11344195241536,81.96969696969697,920b57c5066979d49a6dfd6973c17f38c5a0e73d7d132e9f61bdbfcb477f3ef9,observed,observed_history_forward_replay
2,2026-07-24,uniform_random,5,2,7 14 29 36 37,5 6,1,0,0.0,0.0,95.10050885615583,85.0,787100c5457a7e18b0373e17838daf7f3f2c965c4029af56538b99cf9490672e,observed,observed_history_forward_replay
2,2026-07-24,uniform_random,5,3,5 35 42 44 49,2 7,0,0,0.0,0.0,99.52166547780283,89.84848484848484,8b0a98e67bd17f7bd01e631140198636d7d4591590fa5f3c4dfef9c81a256cf5,observed,observed_history_forward_replay
2,2026-07-24,uniform_random,5,4,14 28 30 38 47,1 2,2,1,0.0,0.0,97.91747814799585,80.0,1e26fb673630573d989399a9f8537e1225665dbafb7a3e678cf8e832ca33466f,observed,observed_history_forward_replay
2,2026-07-24,uniform_random,5,5,3 5 12 19 22,4 7,0,1,0.0,0.0,26.091317006665836,79.84848484848484,9670ad63a9308ac5eb26a56fbe5714d1ed0e13987716731d409b1b6639bc6ee1,observed,observed_history_forward_replay
2,2026-07-24,uniform_random,5,6,7 12 39 45 47,4 6,1,1,0.0,0.0,98.84499675007454,84.84848484848484,751b2b40ade7be561db2b9e74cf86f66440ead9dca029b5c632ea2726986d3e4,observed,observed_history_forward_replay
2,2026-07-24,uniform_random,5,7,9 30 41 45 47,7 8,2,0,0.0,0.0,99.61809975785731,81.96969696969697,d23b1d9dc9c6a0227e67287224a47e754c7a468a0041770844f62c8ad3aee812,observed,observed_history_forward_replay
2,2026-07-24,uniform_random,5,8,10 18 22 29 31,1 4,1,2,0.0,0.0,82.03335394885956,78.03030303030303,c4dc00b8ea148ac1a16b21cbc40c484e447930cbce9929007110a859a6b3c948,observed,observed_history_forward_replay
2,2026-07-24,uniform_random,5,9,9 17 21 35 48,4 6,0,1,0.0,0.0,95.59428442928278,89.84848484848484,7d821e3fb9f0290b8f1351f94c16ab2f3d16f23516ccb95eaab3c086b1cfdd9b,observed,observed_history_forward_replay
2,2026-07-24,uniform_random,5,10,13 18 25 31 41,3 4,0,1,0.0,0.0,96.25477623596251,80.75757575757576,503e50ccd952b92a24d665c6c42a613289ef133c46b78720dd79c40924f358a9,observed,observed_history_forward_replay
2,2026-07-24,uniform_random,5,11,2 6 8 14 46,1 7,1,1,0.0,0.0,66.01982651974163,83.63636363636363,8c0f79118e31378a60cdc70f32ca26e0f25046858dfdc81e0cb77d2e6e2e71a0,observed,observed_history_forward_replay
2,2026-07-24,uniform_random,5,12,3 10 19 41 44,6 8,1,0,0.0,0.0,96.66811591023283,88.18181818181819,4452f80e0e56542abaf99af0f28d0045ff2428ffcd3c01400282601ee2e7377f,observed,observed_history_forward_replay
2,2026-07-24,frequency,4,1,14 21 25 27 48,3 9,0,0,0.8470779302728437,100.0,92.39974613597751,88.33333333333334,23ca436accaf8fae300b56bba56de9b11b8c050094d76ad7b93f9a3b263b5273,observed,observed_history_forward_replay
2,2026-07-24,frequency,4,2,7 8 25 27 45,2 12,1,0,0.8470779302728437,100.0,85.92467279173968,86.06060606060606,faa58795bd3fe46559de899ba0f3f8ac73d74a077f3f26a16495e84e39022478,observed,observed_history_forward_replay
2,2026-07-24,frequency,4,3,14 29 30 41 50,5 9,1,0,0.8470779302728437,100.0,98.75864123806495,82.42424242424242,4ae17257160b399c2432f4927667035296a18bdaa1f12924a3bd24e9a85dd231,observed,observed_history_forward_replay
2,2026-07-24,frequency,4,4,3 9 17 22 45,4 11,0,1,0.8470779302728437,100.0,88.05232985607805,80.75757575757576,e26773eaf2424b333db2fad1bf9acffe7afddd097d98ce2507ff23bf9e39a00f,observed,observed_history_forward_replay
2,2026-07-24,frequency,4,5,25 27 38 47 48,3 4,1,1,0.8470779302728437,100.0,99.78372933502342,84.3939393939394,c94a62e03717a45881adad47e73471d7b4530667dd88e92bcb6e599c78459473,observed,observed_history_forward_replay
2,2026-07-24,frequency,4,6,1 32 35 36 46,5 9,1,0,0.8470779302728437,100.0,99.69648257118652,81.51515151515152,3ca9d4c18fb9fd2f86c5de8811ad39f9080fd6744f8739cb7767161f714e238f,observed,observed_history_forward_replay
2,2026-07-24,frequency,4,7,8 18 21 22 27,2 9,1,0,0.8470779302728437,100.0,66.6832491005326,78.33333333333334,579250d47ffe9a503f5bfe7337053b738381f4fdd9d27e7a5d0f5050c2fe40b4,observed,observed_history_forward_replay
2,2026-07-24,frequency,4,8,13 15 16 20 44,1 2,0,1,0.8470779302728437,100.0,94.92626268139541,87.57575757575758,487ac4b0f1ba6f5971ade3ae6f216d908c24fbe6c2344db3207c1b9b7037f037,observed,observed_history_forward_replay
2,2026-07-24,frequency,4,9,13 15 27 38 47,3 8,1,0,0.8470779302728437,100.0,98.8113720193369,84.24242424242424,6ec87bed378c7ac469fa25c8e15e7f5581eaf165ceeda30e700e21e9fbfe95ba,observed,observed_history_forward_replay
2,2026-07-24,frequency,4,10,3 18 29 33 42,6 9,0,0,0.8470779302728437,100.0,96.83764327902549,83.18181818181817,fd1554512cef6ed86c674a7cba1041fa9ad85c80c05d9c095ea36cea2a5f64d2,observed,observed_history_forward_replay
2,2026-07-24,frequency,4,11,3 4 17 32 34,2 10,0,0,0.8470779302728437,100.0,94.97956512861676,84.84848484848484,e1c9ae46b6d85603f1e0941f62ac0a204edf6a423014ce2374e2c57e1e983cda,observed,observed_history_forward_replay
2,2026-07-24,frequency,4,12,8 9 26 29 36,1 10,2,1,0.8470779302728437,100.0,90.03722037951887,83.33333333333334,783712700a91d8f2f948ede7285de81cdcc00fb2ad21a9d64ebda4cd897d415b,observed,observed_history_forward_replay
2,2026-07-24,unpopularity,1,1,39 41 47 48 50,1 6,1,1,3.978280532110634,100.0,100.0,83.18181818181817,f05e66f22411e22e469cb3a86feca2d6cb8c7b8ac5f9327bed164c4efee5e0ae,observed,observed_history_forward_replay
2,2026-07-24,unpopularity,1,2,37 39 43 48 50,1 12,0,1,3.978280532110634,100.0,99.99755613775957,83.48484848484847,72d039236adba14a001f26385ce5f9bc25507dae2fd9920a9f628eaa63ec25f7,observed,observed_history_forward_replay
2,2026-07-24,unpopularity,1,3,33 41 45 48 50,10 12,0,0,3.978280532110634,100.0,99.99755613775957,82.72727272727273,330a80e7d8bc4d121ae66301513be9707ad6be80a4dabf7f1e71b7d022984558,observed,observed_history_forward_replay
2,2026-07-24,unpopularity,1,4,36 37 45 48 50,1 4,1,2,3.978280532110634,100.0,99.99722935184955,83.93939393939395,3261f6f8c66fc621b474e0bb77464e36c51f6901639cae969b7abca8f54e7148,observed,observed_history_forward_replay
2,2026-07-24,unpopularity,1,5,37 39 43 46 48,2 8,0,0,3.978280532110634,100.0,99.9962188312213,84.69696969696969,0c55a5acac6762ffd33a8ddf3da9d0e4710ec978487d7cb77714ec6257ddf225,observed,observed_history_forward_replay
2,2026-07-24,unpopularity,1,6,33 38 44 48 50,7 11,0,0,3.978280532110634,100.0,99.9962188312213,82.57575757575758,26b732e56c42898ff3f9ce0bae85ed5f3c07a43bfa7afe6a2130c608feff3ab5,observed,observed_history_forward_replay
2,2026-07-24,unpopularity,1,7,38 39 40 46 50,4 11,0,1,3.978280532110634,100.0,99.9962188312213,79.0909090909091,fdfd65aabeba09a7694caf77f6ef52f6382e7ce88aa502b1d3b8703ad0ee95f8,observed,observed_history_forward_replay
2,2026-07-24,unpopularity,1,8,36 38 41 47 50,4 6,2,1,3.978280532110634,100.0,99.9958716802371,78.48484848484848,a6f6da4e8eff6993c896f82b271784d1be13a9d2a76aeec70b2874d1458686f5,observed,observed_history_forward_replay
2,2026-07-24,unpopularity,1,9,32 33 47 48 50,6 11,1,0,3.978280532110634,100.0,99.99516143807304,81.06060606060606,ccb5ef932f05c17f48342fcedad333f46084448e7f9f1aaef38aab7df1240014,observed,observed_history_forward_replay
2,2026-07-24,unpopularity,1,10,37 38 39 47 48,3 9,1,0,3.978280532110634,100.0,99.99479818465511,84.3939393939394,ceb276df49c4413643dae5897bee924cb7503496c51ed89861036ac7026c80ad,observed,observed_history_forward_replay
2,2026-07-24,unpopularity,1,11,36 39 41 45 48,2 9,1,0,3.978280532110634,100.0,99.99479818465511,84.3939393939394,4caa25265e544934c8e45a6bd4054d2843a49fc4d3329bde02c7a1a8be22696c,observed,observed_history_forward_replay
2,2026-07-24,unpopularity,1,12,36 38 39 47 48,3 10,2,0,3.978280532110634,100.0,99.99442939945925,81.66666666666667,ed12b758a99cedacde6ebe56f1c9a84cf7e068fa22b915562ca1a7429b0a73a1,observed,observed_history_forward_replay
2,2026-07-24,gingerm,3,1,21 23 40 47 48,1 2,1,1,1.2582085874344062,100.0,99.63258627557465,85.9090909090909,77c417ee8ca4ccf9e649189af326197eef517c5e862b31f82e370fd0052113f8,observed,observed_history_forward_replay
2,2026-07-24,gingerm,3,2,4 23 34 40 48,1 2,0,1,1.2582085874344062,100.0,99.45144518355431,84.84848484848484,56dbd89586985e92a55ec05d8f5a69d23c24a8781464c84563e7941b84f213c2,observed,observed_history_forward_replay
2,2026-07-24,gingerm,3,3,19 30 32 36 44,1 2,2,1,1.2582085874344062,100.0,99.68085208331765,83.48484848484847,170bc310eea2597fe4e4ff687cc5348ec0dcfe6575f3f71b5056670d2cca74e1,observed,observed_history_forward_replay
2,2026-07-24,gingerm,3,4,2 3 4 13 19,1 2,0,1,1.2582085874344062,100.0,0.0,84.84848484848484,3ef79c7f11802d1210215b816883fb7955abb2626d5cacc287a0ccf8e605e754,observed,observed_history_forward_replay
2,2026-07-24,gingerm,3,5,13 26 38 41 44,1 2,0,1,1.2582085874344062,100.0,99.68592452825563,85.60606060606061,f15ce05304bd6992ec294f311c73629c1780ce3a1f19cf858269eefcafef147c,observed,observed_history_forward_replay
2,2026-07-24,gingerm,3,6,19 30 32 34 39,1 2,1,1,1.2582085874344062,100.0,99.64311495527399,85.15151515151516,3502054254c6fc4476edfa420f18d54ec1b5d50200ddfd71b1e1822e2cf0dc40,observed,observed_history_forward_replay
2,2026-07-24,gingerm,3,7,4 17 34 38 43,1 2,0,1,1.2582085874344062,100.0,99.3282213991913,82.72727272727273,446ff3391ea8057558200ca6cbb918fd463a32d4402341a0716cb0a86807cb66,observed,observed_history_forward_replay
2,2026-07-24,gingerm,3,8,21 38 41 43 44,1 2,0,1,1.2582085874344062,100.0,99.88731501507135,84.09090909090908,f38cb39c9ddb516b6a676c14eeb622eb25cc15c18456b9f999cab17c3e46bacc,observed,observed_history_forward_replay
2,2026-07-24,gingerm,3,9,10 11 13 37 50,1 2,1,1,1.2582085874344062,100.0,96.86469121399129,84.54545454545455,d8a410466e1b8e1df7b5356ecfed3c620ab23e8320e4f7c0643dd863cff523d4,observed,observed_history_forward_replay
2,2026-07-24,gingerm,3,10,6 10 20 30 48,1 2,2,1,1.2582085874344062,100.0,90.90255958196003,85.45454545454545,9f9ef9da7a44c421c4e0072e037d5d7fc228864031d6bae722f6f2da8da290b4,observed,observed_history_forward_replay
2,2026-07-24,gingerm,3,11,3 19 38 39 42,1 2,0,1,1.2582085874344062,100.0,99.05824212945555,86.96969696969697,f53109bb636bac9a55c56af0452fa0606ac498fa433db9aea79d1b8b581829c4,observed,observed_history_forward_replay
2,2026-07-24,gingerm,3,12,7 10 21 35 41,1 2,1,1,1.2582085874344062,100.0,88.18515457797997,88.63636363636364,a4c9b1216c7c53389d310dba87061440b0550076585bc10f3ddec79afd7558e4,observed,observed_history_forward_replay
2,2026-07-24,spectral_contrarian,2,1,6 18 25 37 49,3 8,0,0,2.5273114782885298,100.0,97.28389289444289,80.15151515151516,07f3a092a8968a8ff3b97602eb75612e7c5938f0277383931ed454bb5a81808b,observed,observed_history_forward_replay
2,2026-07-24,spectral_contrarian,2,2,4 15 23 34 42,7 12,0,0,2.5273114782885298,100.0,96.48261970623734,89.0909090909091,6611866ff723fa18b782b2341f72df102089d45400856df1f08720ac1b89c053,observed,observed_history_forward_replay
2,2026-07-24,spectral_contrarian,2,3,1 8 20 32 39,4 11,1,1,2.5273114782885298,100.0,95.68644654443995,83.03030303030303,354816427d2c1dc58ca1f37f26dfb02dc194377f2ba75d407bb41a980ddfca97,observed,observed_history_forward_replay
2,2026-07-24,spectral_contrarian,2,4,5 17 24 36 48,3 7,1,0,2.5273114782885298,100.0,98.05246812367207,85.30303030303031,aee72a440134c947088c08ade5a4670bd9f5f0007b606744d7c90d9de3bc1f0d,observed,observed_history_forward_replay
2,2026-07-24,spectral_contrarian,2,5,3 14 22 33 41,7 11,0,0,2.5273114782885298,100.0,96.20502410304827,76.36363636363637,843e22231d6c4d9bb5c69b9f3321700673694f94bd6a54d3b2e3dc81c3648180,observed,observed_history_forward_replay
2,2026-07-24,spectral_contrarian,2,6,7 19 31 38 50,3 11,0,0,2.5273114782885298,100.0,97.66754727366366,81.96969696969697,6f8dfc8333983e7a77fcedf6e3a56eaa4d792365ed099d6e817c0c0ad366b7ae,observed,observed_history_forward_replay
2,2026-07-24,spectral_contrarian,2,7,4 16 23 35 47,3 7,1,0,2.5273114782885298,100.0,96.83764327902549,85.15151515151516,59eb83a7337da64241399fb10af3b4445264de31ae0aec8b42e16ef9324d08de,observed,observed_history_forward_replay
2,2026-07-24,spectral_contrarian,2,8,1 13 21 32 40,7 11,0,0,2.5273114782885298,100.0,95.8429978845896,82.27272727272727,1d6c5b27ef1f55acb3e805fa8b2a9f616490e1c3b92c05dfdef8f4ed8356d706,observed,observed_history_forward_replay
2,2026-07-24,spectral_contrarian,2,9,3 15 22 34 46,2 7,0,0,2.5273114782885298,100.0,97.73161561203904,79.24242424242424,ad92b12d75540498cf985ec1c92234d4b8e621411441eaa07f4c587174156a90,observed,observed_history_forward_replay
2,2026-07-24,spectral_contrarian,2,10,12 19 31 39 50,6 11,0,0,2.5273114782885298,100.0,98.58727177401776,83.63636363636363,8137050ddf7053ce6d5eccbd988f18c4de0b4f3877c2f213fd05744c1cda2bc9,observed,observed_history_forward_replay
2,2026-07-24,spectral_contrarian,2,11,2 14 21 33 45,2 7,0,0,2.5273114782885298,100.0,94.46837098695231,85.60606060606061,2e06a881033eaca1fe8d485d490315424c3b70cd01d3b8e976e1d83a171c387c,observed,observed_history_forward_replay
2,2026-07-24,spectral_contrarian,2,12,11 18 30 38 49,6 11,1,0,2.5273114782885298,100.0,97.70281929074646,75.30303030303031,7674865f033e7488a2105703e3111e5d8137d6a1617b50dfe05f005184339556,observed,observed_history_forward_replay
2,2026-07-24,parallax,6,1,39 44 45 46 50,3 9,0,0,-0.6993377878833584,50.0,99.99971043026625,85.60606060606061,e00196a718f7ed0a3af9a15bc360506e276920c77ae99a9df63e5eed1c8076c9,observed,observed_history_forward_replay
2,2026-07-24,parallax,6,2,32 40 41 43 47,6 12,1,0,-0.6993377878833584,50.0,99.99249950308933,78.63636363636364,84d3c510ad47f1897c9e6ee9227148f54df9c7683af2b6f986784328f697b61a,observed,observed_history_forward_replay
2,2026-07-24,parallax,6,3,31 33 36 48 49,4 5,1,1,-0.6993377878833584,50.0,99.9057885248188,80.0,83882c2ddfcc571e044c64ca78d7758c429976f89f0054a491d1e27fe511dff0,observed,observed_history_forward_replay
2,2026-07-24,parallax,6,4,29 30 34 35 38,2 11,1,0,-0.6993377878833584,50.0,99.40759197418387,85.15151515151516,7790e5bc614917e2eaaa2f6ee53b74929275ee90d4630e52c26a9aac25df868b,observed,observed_history_forward_replay
2,2026-07-24,parallax,6,5,8 16 21 26 37,1 8,1,1,-0.6993377878833584,50.0,89.32423504382852,86.36363636363636,f667a6fd7aede8b80e7ad88b63ee05f8dade13371b03a0e86c592cf8684dcdcb,observed,observed_history_forward_replay
2,2026-07-24,parallax,6,6,1 10 15 19 24,7 10,1,0,-0.6993377878833584,50.0,53.22729698795576,85.15151515151516,b4bddeb111a4094523652030f1d94a9d8ee70d94bd3cabd7277e130281c1c1d0,observed,observed_history_forward_replay
2,2026-07-24,parallax,6,7,3 14 17 25 42,8 9,0,0,-0.6993377878833584,50.0,82.1866271939506,88.7878787878788,6b895be409a891d56af7d872812a53aa25708fe53cbcf9ef57d69be39aa3e05a,observed,observed_history_forward_replay
2,2026-07-24,parallax,6,8,2 6 11 13 22,1 2,0,1,-0.6993377878833584,50.0,17.841393028461038,77.57575757575758,2833e5a287fc200737db1a828f56d1a48155319d5d769ed72d70d15d16fdc069,observed,observed_history_forward_replay
2,2026-07-24,parallax,6,9,12 17 20 23 27,4 12,0,1,-0.6993377878833584,50.0,78.78031798355882,90.75757575757576,8455a53ccac51aab39df3082e197bda66d28ffec0846a586e6c585a36ff69494,observed,observed_history_forward_replay
2,2026-07-24,parallax,6,10,7 18 28 32 36,5 6,1,0,-0.6993377878833584,50.0,94.94956601012461,78.48484848484848,a1bd819a8eadfc2a0b2b9b71af0162a55b19e60c25d37b1993b80c433b3383cf,observed,observed_history_forward_replay
2,2026-07-24,parallax,6,11,4 32 37 42 49,10 11,0,0,-0.6993377878833584,50.0,99.627478826765,85.45454545454545,78160771a907a82346b2876bd79a90e887c20ad67731e1f4ea065653351e6a93,observed,observed_history_forward_replay
2,2026-07-24,parallax,6,12,9 27 37 43 48,3 7,0,0,-0.6993377878833584,50.0,99.56657318749991,85.60606060606061,1de25574d711185a7d1a2ec0f31ce4872ad2fc389817c42366521bd24a1e7c61,observed,observed_history_forward_replay
2,2026-07-24,coordinated_aggregation,7,1,39 44 45 46 50,3 9,0,0,-0.6993377878833584,50.0,99.99971043026625,85.60606060606061,a866b0f624fbe34d8f5230c1d8c534904e8327547e6e8b768aabda3054fd2dad,observed,observed_history_forward_replay
2,2026-07-24,coordinated_aggregation,7,2,32 40 41 43 47,6 12,1,0,-0.6993377878833584,50.0,99.99249950308933,78.63636363636364,83d25f70c6d9658ec466d9eafc2bcb9137b9f2382bf35ae4130e6e8cc2773102,observed,observed_history_forward_replay
2,2026-07-24,coordinated_aggregation,7,3,31 33 36 48 49,4 5,1,1,-0.6993377878833584,50.0,99.9057885248188,80.0,4a23decad311ca2cc460843a9ed2c40c919b99ee5dcf0bcba3c44f03eb61c367,observed,observed_history_forward_replay
2,2026-07-24,coordinated_aggregation,7,4,29 30 34 35 38,2 11,1,0,-0.6993377878833584,50.0,99.40759197418387,85.15151515151516,b895ef8b5a51e979f579ed616b9f413bda69f5e40e4dcc3cc8f3772bc39cd9d5,observed,observed_history_forward_replay
2,2026-07-24,coordinated_aggregation,7,5,8 16 21 26 37,1 8,1,1,-0.6993377878833584,50.0,89.32423504382852,86.36363636363636,534bc05a3cd5d24a3ca43502145f4bcacd626bbea53f3378de2ffbba3e4b0b2d,observed,observed_history_forward_replay
2,2026-07-24,coordinated_aggregation,7,6,1 10 15 19 24,7 10,1,0,-0.6993377878833584,50.0,53.22729698795576,85.15151515151516,90f22aa4e1a0dd1f02510ecbef737e161c02ac322cfa518e26e3cfa2775fd88f,observed,observed_history_forward_replay
2,2026-07-24,coordinated_aggregation,7,7,3 14 17 25 42,8 9,0,0,-0.6993377878833584,50.0,82.1866271939506,88.7878787878788,0e30c6db780eb0c8f9700e267ae75d8fb7a3e9fec8a4ccc53ffded4940279c01,observed,observed_history_forward_replay
2,2026-07-24,coordinated_aggregation,7,8,2 6 11 13 22,1 2,0,1,-0.6993377878833584,50.0,17.841393028461038,77.57575757575758,9b05073173d5a5fc633bd07ead801a7ec37a4dbd053ef66560bdb775a53ce783,observed,observed_history_forward_replay
2,2026-07-24,coordinated_aggregation,7,9,12 17 20 23 27,4 12,0,1,-0.6993377878833584,50.0,78.78031798355882,90.75757575757576,42e7c11d26230f0deb4db929c59a0253c51e1b2534de783dc7ed9489547f2a17,observed,observed_history_forward_replay
2,2026-07-24,coordinated_aggregation,7,10,7 18 28 32 36,5 6,1,0,-0.6993377878833584,50.0,94.94956601012461,78.48484848484848,8b16324a9240444e15d024a0ada77acd635d7f59c44aacde36a6251a6ad2c0bd,observed,observed_history_forward_replay
2,2026-07-24,coordinated_aggregation,7,11,4 32 37 42 49,10 11,0,0,-0.6993377878833584,50.0,99.627478826765,85.45454545454545,8b1d3d297058091d5550e92870112b138ebf5d4a631550697e0ca33c6c1532ca,observed,observed_history_forward_replay
2,2026-07-24,coordinated_aggregation,7,12,9 27 37 43 48,3 7,0,0,-0.6993377878833584,50.0,99.56657318749991,85.60606060606061,053fce956ab67d465135c99e92d32040b6207e3e9c246006ac1792f643e804c8,observed,observed_history_forward_replay
3,2026-07-28,uniform_random,5,1,2 15 27 46 49,5 9,1,0,0.0,0.0,97.76312033046185,85.0,ccba1a640ca827a076f7e4ddf050e62f9bc1b995658451a7a736f118529534ee,observed,observed_history_forward_replay
3,2026-07-28,uniform_random,5,2,6 12 15 27 48,4 8,0,0,0.0,0.0,91.28134828277057,85.75757575757576,0b15a55ee852ac3988a3223ae216de7260d3e4a785eafacd82add5a1830a76ca,observed,observed_history_forward_replay
3,2026-07-28,uniform_random,5,3,13 14 17 25 44,4 10,0,1,0.0,0.0,93.81789398722105,89.0909090909091,fb449a4fd187b9e51baaa2b0c3018637a0174da793acc531659dbeeaf868e2dd,observed,observed_history_forward_replay
3,2026-07-28,uniform_random,5,4,13 19 24 25 33,1 6,1,0,0.0,0.0,95.94595987058376,84.24242424242424,a6ad2e578ac7242623074479167e82392af5119711dec1dae5000d4301ff6e1a,observed,observed_history_forward_replay
3,2026-07-28,uniform_random,5,5,7 18 34 46 47,7 8,1,0,0.0,0.0,99.30417129009467,81.81818181818181,324b70d38ee32d6d4674b77e97145b296b03adab7477bc46dc1a7869721327a5,observed,observed_history_forward_replay
3,2026-07-28,uniform_random,5,6,3 10 29 32 34,8 11,0,1,0.0,0.0,96.6566072674888,87.87878787878786,6e0a838f2f81b02c8582d90fdc30b1cd8a7e827535828bdfde000eb950baf80e,observed,observed_history_forward_replay
3,2026-07-28,uniform_random,5,7,6 15 20 21 27,11 12,0,1,0.0,0.0,67.58957872831508,86.81818181818181,e96c4611a63f079baefea8f06290691217d3ef06edb20b61bb98b4a2bcf025f6,observed,observed_history_forward_replay
3,2026-07-28,uniform_random,5,8,9 26 35 44 48,7 11,0,1,0.0,0.0,99.40403940588376,88.48484848484847,9e9800d2431f753e2aa4613bba859786108faf2e16923917918ffe65418f7ce5,observed,observed_history_forward_replay
3,2026-07-28,uniform_random,5,9,9 22 32 33 42,3 9,0,0,0.0,0.0,99.13640036000686,79.54545454545455,f514c6391209ef4b44ab77ea674bcc5078a7d83eb9bd56aca6269e50172cc81e,observed,observed_history_forward_replay
3,2026-07-28,uniform_random,5,10,2 9 12 39 41,3 5,0,0,0.0,0.0,94.94359462629205,84.54545454545455,3a58970a4fe431f2a49817bb94677e8e18f1d733d7e5b24d80e597f5552cf744,observed,observed_history_forward_replay
3,2026-07-28,uniform_random,5,11,4 26 29 30 43,2 4,1,0,0.0,0.0,95.67509945748766,80.90909090909089,7bcac49c2586107193138b4a978ee82b545b20d5b04b62706dea68f806b5094a,observed,observed_history_forward_replay
3,2026-07-28,uniform_random,5,12,15 20 25 36 39,7 12,0,0,0.0,0.0,98.8764152265682,83.33333333333334,3c662d1f2f58ac89a49af16e961c801a6998448b84c466a058aabd354c8b9088,observed,observed_history_forward_replay
3,2026-07-28,frequency,4,1,2 10 20 27 29,3 10,0,1,0.11744476327156805,100.0,69.29046456172168,90.30303030303031,91ba331e6f736ec7f028c0583fe0a6115467cb57e33f1e9ffa49cada0e458c38,observed,observed_history_forward_replay
3,2026-07-28,frequency,4,2,14 27 30 42 49,4 9,2,0,0.11744476327156805,100.0,97.45842080917662,86.66666666666666,3a6c7c657e65c8af4450735177a0dc280a8968eaa0d0a9bfd708e355b2e3780a,observed,observed_history_forward_replay
3,2026-07-28,frequency,4,3,26 34 35 42 44,1 7,0,0,0.11744476327156805,100.0,99.82686445502607,92.12121212121211,8654796935ba597ad173af249724230d413025ba98ca704345e763244ee25134,observed,observed_history_forward_replay
3,2026-07-28,frequency,4,4,7 13 16 28 47,1 7,1,0,0.11744476327156805,100.0,86.60036397266052,83.93939393939395,d63ac7f584b10ecdbeb9c683b8d33febd5fd27b173c859e9b8d52251f8b8baf2,observed,observed_history_forward_replay
3,2026-07-28,frequency,4,5,10 30 33 35 45,2 5,1,0,0.11744476327156805,100.0,99.3148508827373,85.0,32ca169253e9f6151c6db72e786960ccc568f7220190a9ab37b373b53ab72ee6,observed,observed_history_forward_replay
3,2026-07-28,frequency,4,6,20 21 41 42 46,7 9,0,0,0.11744476327156805,100.0,99.4350067667535,89.24242424242424,7cbfc44ca0d8141fd3980462ca3e02c7aedde711de734e74054d31754eb4e45f,observed,observed_history_forward_replay
3,2026-07-28,frequency,4,7,4 28 35 42 48,2 5,0,0,0.11744476327156805,100.0,98.5307999524172,87.57575757575758,0c43496b60413d9ddea8f79da4ee7aa4d2e6e27f38b5f7fb6b42cb4e5132ee83,observed,observed_history_forward_replay
3,2026-07-28,frequency,4,8,10 14 33 41 43,3 11,0,1,0.11744476327156805,100.0,99.17539797187726,82.57575757575758,fb459095d0339bd3959ca3e85b2beb08c5d1578669500fb702fa29efb894d0db,observed,observed_history_forward_replay
3,2026-07-28,frequency,4,9,4 16 19 39 46,2 9,0,0,0.11744476327156805,100.0,98.13192650127243,83.78787878787878,d01111ab98abaf9d4fd4e76a34a6c7661659e8a2939029320c0402c3d061c373,observed,observed_history_forward_replay
3,2026-07-28,frequency,4,10,6 21 25 28 34,2 6,0,0,0.11744476327156805,100.0,87.19506370652283,85.3030303030303,cbcdc00261f52436587a0c9849843884524635f48e6217df1a7a4689a7ea1b5d,observed,observed_history_forward_replay
3,2026-07-28,frequency,4,11,9 27 31 41 42,10 11,0,2,0.11744476327156805,100.0,98.10820588006659,87.12121212121214,b49eb2491c1c88b356472aa7ef2fa424b108e47a9de528e87e46021f48309169,observed,observed_history_forward_replay
3,2026-07-28,frequency,4,12,2 14 32 33 47,6 9,0,0,0.11744476327156805,100.0,98.99286552177313,82.27272727272727,b7a696921f62361e5963a53b7f4a00f9208d527eb9662549077b10b2ae8a2da5,observed,observed_history_forward_replay
3,2026-07-28,unpopularity,1,1,38 41 46 47 50,6 7,0,0,2.6294404325835408,100.0,99.99873273776029,80.30303030303031,651d8d600a0b4391746949714cd9b1366a4c49cd8c57f47de1515b10764dd3b1,observed,observed_history_forward_replay
3,2026-07-28,unpopularity,1,2,37 40 44 48 50,4 9,0,0,2.6294404325835408,100.0,99.99792511845413,84.24242424242424,2f56a0d3c53f9e1132db4f7a184f9854b635373a7d3a162d785c5877d987263d,observed,observed_history_forward_replay
3,2026-07-28,unpopularity,1,3,37 40 44 47 50,2 4,0,0,2.6294404325835408,100.0,99.99764767153307,82.42424242424242,a421dcc966709f3246cc7e34158f83fb548d289ab8c1546d9333f0c10bbd3929,observed,observed_history_forward_replay
3,2026-07-28,unpopularity,1,4,32 39 47 48 50,8 12,0,0,2.6294404325835408,100.0,99.99708003810956,83.33333333333334,7025e5e16c5eb3397df1c27ba3e6bea40f5ce7b8da307f7f730d89d8723402aa,observed,observed_history_forward_replay
3,2026-07-28,unpopularity,1,5,33 41 44 47 50,7 9,0,0,2.6294404325835408,100.0,99.99678972194467,81.81818181818181,1f5fd4c0fa4d6c32006f57b43929b5292ad1751680bf703a73860be6a9057135,observed,observed_history_forward_replay
3,2026-07-28,unpopularity,1,6,36 38 45 46 50,2 10,0,1,2.6294404325835408,100.0,99.99678972194467,80.45454545454544,4dbe0c588f35e2c5124fabddc593e7abd5b9736f2741f2342388dc6af9d84ab6,observed,observed_history_forward_replay
3,2026-07-28,unpopularity,1,7,33 41 44 46 50,7 9,0,0,2.6294404325835408,100.0,99.99649498472142,82.27272727272727,7097718e336a51ca264420cf7f8f28531cf801f8976843662eebdd12fe09fd6f,observed,observed_history_forward_replay
3,2026-07-28,unpopularity,1,8,33 41 44 46 50,7 8,0,0,2.6294404325835408,100.0,99.99649498472142,82.27272727272727,1fbe76004cbee4179681d4c8220ce139a96ebe6027db99f1aaa6c0a42870cf61,observed,observed_history_forward_replay
3,2026-07-28,unpopularity,1,9,33 41 43 45 50,3 4,0,0,2.6294404325835408,100.0,99.99589197677157,79.84848484848484,776dd0ed4b1dfcb2216d06b9bce9ed517d9d73633c07b2bb6f8e266aeadbd523,observed,observed_history_forward_replay
3,2026-07-28,unpopularity,1,10,34 40 41 45 50,3 9,0,0,2.6294404325835408,100.0,99.99527046325683,82.27272727272727,c6f74b26f8685430e3a0adc6e02f734a186ab98bf101cc0799cbb43faf78061c,observed,observed_history_forward_replay
3,2026-07-28,unpopularity,1,11,36 38 40 47 48,4 5,0,0,2.6294404325835408,100.0,99.99495259011448,79.24242424242424,8bacd7d50238b47b790fd655286fc1c476f580a1d4746f497e6bab84da0c0c50,observed,observed_history_forward_replay
3,2026-07-28,unpopularity,1,12,34 36 43 44 50,6 10,0,1,2.6294404325835408,100.0,99.99430224799016,82.57575757575758,f6b695cf2aceffe7465b0f47fcbea5725116ba5ee06d2e8e4eb2d94120c23b16,observed,observed_history_forward_replay
3,2026-07-28,gingerm,2,1,41 42 47 48 50,1 2,0,0,1.2703514030992125,100.0,99.98513528959762,86.2121212121212,89c4f9db47026f7e096b091288d7c479f867f077ba98bd268637f57ec245ae43,observed,observed_history_forward_replay
3,2026-07-28,gingerm,2,2,8 10 19 47 50,1 2,0,0,1.2703514030992125,100.0,97.74825717204003,85.30303030303031,1457323e8eac7ff2047ea655f3b3157838274b0db32d8c5fd8235d406a4cafc8,observed,observed_history_forward_replay
3,2026-07-28,gingerm,2,3,13 30 36 42 45,1 2,1,0,1.2703514030992125,100.0,99.60457516694754,86.06060606060606,72e2e2e7fa2d5daefeca64914c1560330f07d8ad8997eaac0f883489548f607f,observed,observed_history_forward_replay
3,2026-07-28,gingerm,2,4,5 16 17 19 32,1 2,1,0,1.2703514030992125,100.0,91.70164018303446,87.12121212121214,14060ad56db3a371e80277e9a2b61948f8414fa316f82265063bd82c74d833d0,observed,observed_history_forward_replay
3,2026-07-28,gingerm,2,5,10 26 37 40 42,1 2,0,0,1.2703514030992125,100.0,99.33573188926202,88.03030303030303,b611eb88890fe08f60a09ea2d7249eb235015e94c409dec5ed93dea6dda4be59,observed,observed_history_forward_replay
3,2026-07-28,gingerm,2,6,19 25 37 45 46,1 2,0,0,1.2703514030992125,100.0,99.76555124355721,86.96969696969697,7104c6a27c7d0820427cd3ecb75c8b857501d16a8ffcb2bd8227f77dc86b9f26,observed,observed_history_forward_replay
3,2026-07-28,gingerm,2,7,8 9 38 44 48,1 2,0,0,1.2703514030992125,100.0,99.29947441776532,85.30303030303031,8a3d39ca984ee790eda23782aef66eb1243f7fb69f9ae4307ec5fea5282a937c,observed,observed_history_forward_replay
3,2026-07-28,gingerm,2,8,8 10 31 34 45,1 2,0,0,1.2703514030992125,100.0,97.5329880365117,87.27272727272727,986831c1c81e93261ddf7a8ee1c7a117aaf2234dfa4f86072bfa9725541d7239,observed,observed_history_forward_replay
3,2026-07-28,gingerm,2,9,4 23 27 42 43,1 2,0,0,1.2703514030992125,100.0,97.76312033046185,87.57575757575758,2342a816462e9292a5864b1b23bdf02d30ee76a57f10fce8a67af475288b7598,observed,observed_history_forward_replay
3,2026-07-28,gingerm,2,10,3 16 19 31 39,1 2,0,0,1.2703514030992125,100.0,93.77700423996117,84.09090909090908,3dee838821691f90298b0b5180e1ba56100be3c9d86e72dfc4261771045d7b05,observed,observed_history_forward_replay
3,2026-07-28,gingerm,2,11,20 25 27 45 46,1 2,0,0,1.2703514030992125,100.0,99.26966784437334,86.96969696969697,76aea556ce47679964fa3df134fdef8b513f81cfffd74384653ba3c9a597dd66,observed,observed_history_forward_replay
3,2026-07-28,gingerm,2,12,9 12 20 30 47,1 2,1,0,1.2703514030992125,100.0,92.50657423363019,82.72727272727273,abd5ac71d345d67826fdb4382be9480fe4ae6a975afab6bb03c708cf3810df0d,observed,observed_history_forward_replay
3,2026-07-28,spectral_contrarian,3,1,6 18 25 37 49,3 8,1,0,1.1783436326878949,100.0,97.62271342956177,80.15151515151516,56a3532e937124231b58984fd42805d7b056bed8d0efdcb3ec3c8de98ed93d05,observed,observed_history_forward_replay
3,2026-07-28,spectral_contrarian,3,2,4 15 23 34 42,7 12,0,0,1.1783436326878949,100.0,96.92154115245383,89.0909090909091,927744d152d133e747f225e6445af7c6a36bbf8b124c92de9ec7066c2f7ec519,observed,observed_history_forward_replay
3,2026-07-28,spectral_contrarian,3,3,1 8 20 32 39,4 11,0,1,1.1783436326878949,100.0,96.2248317691286,83.18181818181817,c9f003847b2a2177fb7b73ac0ce85ab1944b9697d2f01afca59cceb6e21344fe,observed,observed_history_forward_replay
3,2026-07-28,spectral_contrarian,3,4,5 17 24 36 48,3 7,2,0,1.1783436326878949,100.0,98.29527261604132,85.45454545454545,7d85099048e3dce53b27f8525448a46d4402b6cb36fe3ffd367d173d297e7e76,observed,observed_history_forward_replay
3,2026-07-28,spectral_contrarian,3,5,3 14 22 33 41,7 11,0,1,1.1783436326878949,100.0,96.67862482370566,76.36363636363637,0012fc38fa4fddc205a99b36aa0cfa68fac434d88e6c3dc585e76c645d258247,observed,observed_history_forward_replay
3,2026-07-28,spectral_contrarian,3,6,7 19 31 38 50,3 11,1,1,1.1783436326878949,100.0,97.9584388958077,81.96969696969697,e1e03a868fc59e6222d2aee9f8a71a2f32a6523bfba0e7cdcfca76512f8e5fa1,observed,observed_history_forward_replay
3,2026-07-28,spectral_contrarian,3,7,4 16 23 35 47,3 7,0,0,1.1783436326878949,100.0,97.23221258215229,85.30303030303031,1c80ab9855dd57b8acd38d63d34749308f007058008ade16bda741b06d55c844,observed,observed_history_forward_replay
3,2026-07-28,spectral_contrarian,3,8,1 13 21 32 40,7 11,0,1,1.1783436326878949,100.0,96.36182557008539,82.27272727272727,5585815adb2208d15a0f98287f2fb7a3d14df3d990193405f60654e65032ac09,observed,observed_history_forward_replay
3,2026-07-28,spectral_contrarian,3,9,3 15 22 34 46,2 7,0,0,1.1783436326878949,100.0,98.01450334844438,79.24242424242424,0ec5480a441a59023e2d1a0f6caeb4fee18550681bf470c552c2d2ede8f8acd5,observed,observed_history_forward_replay
3,2026-07-28,spectral_contrarian,3,10,12 19 31 39 50,6 11,0,1,1.1783436326878949,100.0,98.763264680219,83.63636363636363,d974eb6edcd7670c1b5bdb0bc810405218dec8dc51c7869829cac4dfb85ae9f9,observed,observed_history_forward_replay
3,2026-07-28,spectral_contrarian,3,11,2 14 21 33 45,2 7,0,0,1.1783436326878949,100.0,95.15892712523821,85.60606060606061,d992e92372cfdf2f9c370dbf1455e53c825589f8445b129711d06d8cbc08acf0,observed,observed_history_forward_replay
3,2026-07-28,spectral_contrarian,3,12,11 18 30 38 49,6 11,2,1,1.1783436326878949,100.0,97.98930447436464,75.45454545454545,e1ae9a137eaf7f64a8b1ac187652b0cf8a141994fb80312e4b1c532026a2da57,observed,observed_history_forward_replay
3,2026-07-28,parallax,6,1,39 45 46 47 50,8 9,0,0,-3.4459789914919714,33.33333333333333,100.0,83.18181818181817,2e0228ef51734438acd912bdb8b2eb3c9abf6abf9b95725ed37f53d7a8354735,observed,observed_history_forward_replay
3,2026-07-28,parallax,6,2,37 38 41 44 48,4 5,0,0,-3.4459789914919714,33.33333333333333,99.99462987626438,86.36363636363636,f1cdae24f4b4a0cf54879280672e8c8bc2ddb8eab6c4f2dbc3178fa71db8e705,observed,observed_history_forward_replay
3,2026-07-28,parallax,6,3,23 32 34 40 43,1 3,0,0,-3.4459789914919714,33.33333333333333,99.91976225240674,83.33333333333334,0ab7a9fd43dce8ef0b5b3d9b386dba9669dc1bd40c6aa716d3928c3f00f0e2bc,observed,observed_history_forward_replay
3,2026-07-28,parallax,6,4,9 33 35 36 42,6 12,0,0,-3.4459789914919714,33.33333333333333,99.62359860774019,84.84848484848484,aa4f4e5aec7ff68c7efd2f873be73146569579d9f589d8918893cf16f099f98a,observed,observed_history_forward_replay
3,2026-07-28,parallax,6,5,18 21 25 31 49,10 11,1,2,-3.4459789914919714,33.33333333333333,94.19667319399139,80.75757575757576,e6b796ef981ae91f2b6cd8be3185566cefd0fc413b06f2121dff65b780957976,observed,observed_history_forward_replay
3,2026-07-28,parallax,6,6,1 4 11 22 27,2 7,0,0,-3.4459789914919714,33.33333333333333,39.11909743100894,74.84848484848484,622686d1ede26f642626a226ed27a621bb110d27a9e41af99b4ab6cb1bc9fb57,observed,observed_history_forward_replay
3,2026-07-28,parallax,6,7,15 20 24 28 29,9 12,1,0,-3.4459789914919714,33.33333333333333,84.61506548176258,85.30303030303031,b7bd22637dfe988c7eeef724a1a9f17123c9d18dbd3074934f648d096a270dd5,observed,observed_history_forward_replay
3,2026-07-28,parallax,6,8,5 6 12 13 16,2 10,1,1,-3.4459789914919714,33.33333333333333,25.897880786275095,84.3939393939394,af655a5c4abaaa7fc1e303492ad660fb4d9fa22fc64f85592bba55b409032dd4,observed,observed_history_forward_replay
3,2026-07-28,parallax,6,9,3 10 17 30 50,3 5,1,0,-3.4459789914919714,33.33333333333333,91.5414268292093,84.54545454545455,3a8ed26cbcb4282127cf840846df11de8035ab10eb6b8e69fa18a68d96d36210,observed,observed_history_forward_replay
3,2026-07-28,parallax,6,10,2 8 9 14 26,7 8,0,0,-3.4459789914919714,33.33333333333333,0.0,84.84848484848484,cc0dd469c51279a9c8a8cd9c49fd62ab5234430a37dc5a683bbb0fe0a04e3de4,observed,observed_history_forward_replay
3,2026-07-28,parallax,6,11,14 19 36 48 50,1 11,0,1,-3.4459789914919714,33.33333333333333,99.61074870143739,83.93939393939395,fc49eaff550781bae988c14d980fd627f16e2abda7614c14c6992fd935f5d94b,observed,observed_history_forward_replay
3,2026-07-28,parallax,6,12,21 34 36 44 45,4 6,0,0,-3.4459789914919714,33.33333333333333,99.88803605990105,88.03030303030303,a7a578c4962fea03a6ffea332f5a5b12d32ed8dc307e4786e617a16ddc5277c3,observed,observed_history_forward_replay
3,2026-07-28,coordinated_aggregation,7,1,39 45 46 47 50,8 9,0,0,-3.4459789914919714,33.33333333333333,100.0,83.18181818181817,83b488e31e8eff7fd67b74da98ebc4f3ba8f07108a4e70363c6287bf0a7ef6a4,observed,observed_history_forward_replay
3,2026-07-28,coordinated_aggregation,7,2,37 38 41 44 48,4 5,0,0,-3.4459789914919714,33.33333333333333,99.99462987626438,86.36363636363636,9279f4678a77bf15e49798f7b03256da9f2a485a645bec4217292c316aedfb14,observed,observed_history_forward_replay
3,2026-07-28,coordinated_aggregation,7,3,23 32 34 40 43,1 3,0,0,-3.4459789914919714,33.33333333333333,99.91976225240674,83.33333333333334,06a5a430a309735b9771c178882b0e708c00db38f1e652e80df9b19d456f7e2d,observed,observed_history_forward_replay
3,2026-07-28,coordinated_aggregation,7,4,9 33 35 36 42,6 12,0,0,-3.4459789914919714,33.33333333333333,99.62359860774019,84.84848484848484,bd399bc030f689c7057b2cfa6fb2ca18341026bca0332687d916319cdc063e66,observed,observed_history_forward_replay
3,2026-07-28,coordinated_aggregation,7,5,18 21 25 31 49,10 11,1,2,-3.4459789914919714,33.33333333333333,94.19667319399139,80.75757575757576,07667c53e8f9fc92aa7fc9e2cfc6457d7ac0f356888639e6fdf451401b914b11,observed,observed_history_forward_replay
3,2026-07-28,coordinated_aggregation,7,6,1 4 11 22 27,2 7,0,0,-3.4459789914919714,33.33333333333333,39.11909743100894,74.84848484848484,1a886c2df9e0d663cab66941526d3e6fda697e85dc8f1236809010be4dff8125,observed,observed_history_forward_replay
3,2026-07-28,coordinated_aggregation,7,7,15 20 24 28 29,9 12,1,0,-3.4459789914919714,33.33333333333333,84.61506548176258,85.30303030303031,f563ddc0f322a854fdd5ff96cdd8ed5e194455e6cdc3eaae3c7538465aa26e1f,observed,observed_history_forward_replay
3,2026-07-28,coordinated_aggregation,7,8,5 6 12 13 16,2 10,1,1,-3.4459789914919714,33.33333333333333,25.897880786275095,84.3939393939394,66ec75d50366d8d42949e6141e604c4da859de915f24ab71617e29070072de78,observed,observed_history_forward_replay
3,2026-07-28,coordinated_aggregation,7,9,3 10 17 30 50,3 5,1,0,-3.4459789914919714,33.33333333333333,91.5414268292093,84.54545454545455,f5f7d84c80459c6c70a8fe635199ab4f3b043b2f8f2cfcf8f6660c2cba032464,observed,observed_history_forward_replay
3,2026-07-28,coordinated_aggregation,7,10,2 8 9 14 26,7 8,0,0,-3.4459789914919714,33.33333333333333,0.0,84.84848484848484,94788a5cb461226145694e88d08479a3b973eda058925efc1229d1edff317c42,observed,observed_history_forward_replay
3,2026-07-28,coordinated_aggregation,7,11,14 19 36 48 50,1 11,0,1,-3.4459789914919714,33.33333333333333,99.61074870143739,83.93939393939395,8de2b34e73020866bbb737b447057c8d95a3493773beacbb45a51f3953e69071,observed,observed_history_forward_replay
3,2026-07-28,coordinated_aggregation,7,12,21 34 36 44 45,4 6,0,0,-3.4459789914919714,33.33333333333333,99.88803605990105,88.03030303030303,4a9483708dbcea045d8ab15c134401a33705723f1d1525dee0ce6d8bff6ee666,observed,observed_history_forward_replay
4,2026-07-31,uniform_random,7,1,1 20 25 36 46,1 4,1,1,0.0,0.0,98.52980228005158,81.36363636363637,2bc071555222eb88b152faf37bd830ee83d8489b845e54db4d66432fd203af09,observed,observed_history_forward_replay
4,2026-07-31,uniform_random,7,2,1 11 32 33 39,3 5,0,1,0.0,0.0,99.05557878223887,78.63636363636364,ba60941797ba599d70d9f5a2d808cea106ad60cb05cc08d16de3c81ee48f18f8,observed,observed_history_forward_replay
4,2026-07-31,uniform_random,7,3,1 25 29 31 40,2 10,2,0,0.0,0.0,96.03817408447381,80.30303030303031,1a79ebf71b47db314b447a7ae1a31c5fce2d62093f22c74ceac9e637bfd1822b,observed,observed_history_forward_replay
4,2026-07-31,uniform_random,7,4,7 17 25 27 30,8 11,1,0,0.0,0.0,79.03969466426042,86.2121212121212,da6ef1371504ea4084196199c2e6268ae20bb605c6807138b80afd401436e0ef,observed,observed_history_forward_replay
4,2026-07-31,uniform_random,7,5,6 14 15 19 38,1 5,0,1,0.0,0.0,90.04555058606147,83.33333333333334,0019ec72efd4543a20ccbd9af5b521cd795ad91215bb83d059721a210d75a160,observed,observed_history_forward_replay
4,2026-07-31,uniform_random,7,6,2 19 29 46 50,4 12,0,1,0.0,0.0,98.88309447581358,85.9090909090909,9f701493ff2b4a6bc7418a4343fc3e1f32826ff06b3e73a85e80aecbaf2372b8,observed,observed_history_forward_replay
4,2026-07-31,uniform_random,7,7,4 7 9 21 36,1 12,0,0,0.0,0.0,63.25168331237291,82.27272727272727,4d5ea571f248cf1d8c8f10fa70d6eec0c3fe31c54135a872235d4c8ef1f37e45,observed,observed_history_forward_replay
4,2026-07-31,uniform_random,7,8,4 7 11 24 28,6 8,1,0,0.0,0.0,0.0,80.0,68fb7a470d5eabcf51a4b1f48729a9837e37cbb921d1d33d8fe36e8f6c2ec178,observed,observed_history_forward_replay
4,2026-07-31,uniform_random,7,9,1 2 18 26 31,7 8,1,0,0.0,0.0,70.12548453765434,79.39393939393939,8c8edd605ebfb28841e919738e8b7c3d303d69f40ba88de41655022e55121bc0,observed,observed_history_forward_replay
4,2026-07-31,uniform_random,7,10,6 15 25 31 41,6 10,2,0,0.0,0.0,95.52730747712012,81.66666666666667,948643b3398f128f64a8ada1bead660895019fab5906c16091017d2b7cd9d072,observed,observed_history_forward_replay
4,2026-07-31,uniform_random,7,11,8 17 24 43 46,1 6,1,0,0.0,0.0,98.73786365963069,83.93939393939395,06eedc9822415ee96f83604e811ab727ee5151caa0615c5b482b451b681c5159,observed,observed_history_forward_replay
4,2026-07-31,uniform_random,7,12,9 11 35 38 39,2 10,0,0,0.0,0.0,98.88533324736663,82.12121212121212,acf695c1bf48010012a8927dd67c12453d1d415341d7da62ba5bb4f289bbb812,observed,observed_history_forward_replay
4,2026-07-31,frequency,3,1,1 15 16 27 44,1 11,0,0,3.560268069585737,100.0,94.38585652513305,85.30303030303031,dbe7ce591a63654e025ffdfd98323d4abafa8ab20e48499e2703b92e334d0037,observed,observed_history_forward_replay
4,2026-07-31,frequency,3,2,3 22 32 35 38,1 8,0,0,3.560268069585737,100.0,99.18283080691143,77.87878787878788,7e8850cb3eb284c2ecb6a0dea0a2ba62a41d7f87518a26df62391aa4db81d946,observed,observed_history_forward_replay
4,2026-07-31,frequency,3,3,4 7 18 27 44,6 11,0,0,3.560268069585737,100.0,87.64775411979902,82.87878787878788,151504d5ddc0a7efbbd6c36de82ea84964eb246b61eeb658aa879da8ee3fb4c0,observed,observed_history_forward_replay
4,2026-07-31,frequency,3,4,14 16 23 24 48,5 10,1,1,3.560268069585737,100.0,95.68939531811404,87.57575757575758,e89052c4f75b43646619de24c03fb143b8df15deb6757f7e096aa6e9ab3717e8,observed,observed_history_forward_replay
4,2026-07-31,frequency,3,5,2 9 15 17 49,1 10,0,0,3.560268069585737,100.0,86.05853120715895,85.60606060606061,01c748cecb59212208baf0dbac115af0cc767393dac5be8585b75cd70d48d410,observed,observed_history_forward_replay
4,2026-07-31,frequency,3,6,4 12 21 40 49,2 7,0,0,3.560268069585737,100.0,95.1973245760645,81.06060606060606,329cec2152c5e9c57f3e14e4923fb17de362586bab5cfd3a82d481d5dfbfced2,observed,observed_history_forward_replay
4,2026-07-31,frequency,3,7,2 15 28 35 36,4 7,0,1,3.560268069585737,100.0,96.01203226988078,83.63636363636363,dea4bd72f4b73f3b92659e51ae6d09225470eb590105bc964f625023a3099cca,observed,observed_history_forward_replay
4,2026-07-31,frequency,3,8,5 6 17 33 34,3 6,0,0,3.560268069585737,100.0,96.59361582547218,85.0,a8aa860d5f00dd8b246ecec0ef57170218a76b1be8b170620c25bf3a432be7b5,observed,observed_history_forward_replay
4,2026-07-31,frequency,3,9,5 13 41 44 49,2 7,0,0,3.560268069585737,100.0,99.41768990426148,86.36363636363636,76d78dfe59a01405b5d373ecfa39a1fe3ea380125fc755a8cfc880442589c22c,observed,observed_history_forward_replay
4,2026-07-31,frequency,3,10,2 10 16 37 40,1 7,1,0,3.560268069585737,100.0,97.07326522273897,85.0,66dea69e7833923351b146fdfa77b9bca3f9b5702fcff4ff110690165ac19f42,observed,observed_history_forward_replay
4,2026-07-31,frequency,3,11,1 22 24 33 42,3 4,1,1,3.560268069585737,100.0,97.5769608312021,78.33333333333334,79730e133ef8a8c2c4a907d0b8d4312e25412e983508a1d83c7c3b78428f151f,observed,observed_history_forward_replay
4,2026-07-31,frequency,3,12,2 12 34 45 46,2 7,1,0,3.560268069585737,100.0,99.33673381011991,86.96969696969697,a8a72e7156c14fff1269386283b928a24ccf2f12d2734c10ce2188597401f669,observed,observed_history_forward_replay
4,2026-07-31,unpopularity,1,1,39 41 47 48 50,1 11,0,0,6.286080889756263,100.0,99.99918367721152,83.33333333333334,905184bc1c7d7a41aa44a2ab2094c164daffb0cb8bdb9cacff31d5df951539fd,observed,observed_history_forward_replay
4,2026-07-31,unpopularity,1,2,32 45 46 47 50,10 11,1,0,6.286080889756263,100.0,99.99809136674719,82.57575757575758,2e0466306a6ae445fff91d0d64566ae9654699e939aae205f5808416790c839a,observed,observed_history_forward_replay
4,2026-07-31,unpopularity,1,3,33 39 44 47 50,4 9,0,1,6.286080889756263,100.0,99.99641659380652,82.42424242424242,75429363eaed6f974dc3cec5617d37e4bb3d66d6e95e8ff5f6a545d0b4b6530d,observed,observed_history_forward_replay
4,2026-07-31,unpopularity,1,4,33 41 44 46 47,9 11,0,0,6.286080889756263,100.0,99.99590463046147,83.03030303030303,db0df5f11a59d903cfcd24f613572d769cac5bb1f627f78fad092ebc3f52cbdc,observed,observed_history_forward_replay
4,2026-07-31,unpopularity,1,5,32 33 47 48 50,5 8,0,1,6.286080889756263,100.0,99.99564278676316,81.21212121212122,d04503e0883805261825e73d97ac82b68a5b3173ab24cb47d627859b2861ec68,observed,observed_history_forward_replay
4,2026-07-31,unpopularity,1,6,32 40 43 44 50,2 8,0,0,6.286080889756263,100.0,99.99537695559734,80.15151515151516,2e0d095978fbac23070791253416ecff65b0038169cc2415cb2d9a05cb761de3,observed,observed_history_forward_replay
4,2026-07-31,unpopularity,1,7,33 36 41 48 50,7 9,0,0,6.286080889756263,100.0,99.99510707624118,80.15151515151516,b054a498af29561399528880960dfc6ad88a7f6abd60074600e013d2502e5010,observed,observed_history_forward_replay
4,2026-07-31,unpopularity,1,8,32 34 45 47 48,2 9,1,0,6.286080889756263,100.0,99.99455492542879,86.66666666666666,61181567d233f47cfb1ef7eed3d3d96d9d76c4862c1727a276f3f472967f8a1e,observed,observed_history_forward_replay
4,2026-07-31,unpopularity,1,9,36 37 39 45 46,2 11,1,0,6.286080889756263,100.0,99.99369476578082,84.3939393939394,550afd5b0435952b4893f496ecf97c0b8c319f501303c5fb26ed093d3db91656,observed,observed_history_forward_replay
4,2026-07-31,unpopularity,1,10,33 37 41 45 47,2 12,1,0,6.286080889756263,100.0,99.99369476578082,83.18181818181817,110e862837271d5e30e75b7a667c98c73a24f99f1418c766fdca651308e7cf43,observed,observed_history_forward_replay
4,2026-07-31,unpopularity,1,11,36 37 38 43 48,2 10,0,0,6.286080889756263,100.0,99.99339926932086,81.51515151515152,38910844827d56cab56217121e1f5813e72d34667825c74459ba6de4406db71a,observed,observed_history_forward_replay
4,2026-07-31,unpopularity,1,12,32 34 43 45 48,11 12,1,0,6.286080889756263,100.0,99.99339926932086,85.60606060606061,716e0de53836e17d17608ecf9dc9471646de75b7421f3ed163b5cee3a260df7c,observed,observed_history_forward_replay
4,2026-07-31,gingerm,4,1,8 23 29 39 42,1 2,0,0,2.610299078417744,100.0,98.18503964057423,91.06060606060605,ffdc1da2743e8f1af1fbacf24954a849dee4edc20eafdaa20922480425cf3773,observed,observed_history_forward_replay
4,2026-07-31,gingerm,4,2,10 30 32 34 48,1 2,1,0,2.610299078417744,100.0,99.62797848515869,86.96969696969697,fbfccba01540ee00cc96924281f0cd95c9d9837811700ab0856051a0a6ac8e3c,observed,observed_history_forward_replay
4,2026-07-31,gingerm,4,3,15 37 40 44 48,1 2,0,0,2.610299078417744,100.0,99.9458660748,85.45454545454545,cf9f6e52d0c5db816e8d6af5b1ee88fc904effb0d97623109e11051970a879fc,observed,observed_history_forward_replay
4,2026-07-31,gingerm,4,4,6 9 15 23 34,1 2,0,0,2.610299078417744,100.0,89.9797948441622,86.36363636363636,031791efa6e76940da77fca5cd70c2d7db86de6a396190634ea21cabcd050ede,observed,observed_history_forward_replay
4,2026-07-31,gingerm,4,5,3 9 20 34 40,1 2,0,0,2.610299078417744,100.0,97.11736272989765,83.03030303030303,c5dc3d17db7afd8b64a7abdf66a769145fbd7be969d7b54021969e686638f4d4,observed,observed_history_forward_replay
4,2026-07-31,gingerm,4,6,8 23 29 32 49,1 2,0,0,2.610299078417744,100.0,98.18503964057423,86.66666666666666,f6173cac2f1bd601eaff31412c0de80b5d21dd4494573a1ec69c8acb92899bb0,observed,observed_history_forward_replay
4,2026-07-31,gingerm,4,7,1 3 12 17 27,1 2,0,0,2.610299078417744,100.0,45.08846908396082,85.30303030303031,3882499ad5bab0a7ee5fd67375ca3acbb7534e8faab4b0a799abe76f4650a2c6,observed,observed_history_forward_replay
4,2026-07-31,gingerm,4,8,29 37 43 44 48,1 2,0,0,2.610299078417744,100.0,99.96109965627004,87.72727272727273,d6bb2d61f5eb818011f1e8953b54276466111faad8e16f465b8fdadf9ce43046,observed,observed_history_forward_replay
4,2026-07-31,gingerm,4,9,4 17 20 30 41,1 2,0,0,2.610299078417744,100.0,95.10151356097148,83.63636363636363,5abe2dad67866af3afd362ce4a4c85b068f0e8120f9a0cd6ac3d6a415f4d7623,observed,observed_history_forward_replay
4,2026-07-31,gingerm,4,10,3 9 20 35 42,1 2,0,0,2.610299078417744,100.0,93.78650974133048,88.63636363636364,10ceebab4c1bd27b595f1ef8e5ef8b87fef4e1d20e7ffb092600abc170084239,observed,observed_history_forward_replay
4,2026-07-31,gingerm,4,11,8 23 29 31 44,1 2,1,0,2.610299078417744,100.0,96.54369397319947,88.48484848484847,7e5e7091e21f730a9fbd3b991c4bdde5a5ecdefa6542e959ee31b72745b599ec,observed,observed_history_forward_replay
4,2026-07-31,gingerm,4,12,7 10 13 23 47,1 2,1,0,2.610299078417744,100.0,87.64775411979903,89.0909090909091,456f5a74b43f89350357f685d52b06c094e1fc3a235ed5ce2553744acc888a3c,observed,observed_history_forward_replay
4,2026-07-31,spectral_contrarian,2,1,6 18 25 37 49,3 8,1,0,4.833709886016868,100.0,98.01151919094184,80.30303030303031,61cb1f86a10ea38b1ac6294e6c21f731323b048f07576f3dc471098f665ba30d,observed,observed_history_forward_replay
4,2026-07-31,spectral_contrarian,2,2,4 15 23 34 42,7 12,0,0,4.833709886016868,100.0,97.42514236628068,89.0909090909091,5c00453ce0aa9b8db67719057491d55fe788580dcd897777e26e2b905f4f8cf5,observed,observed_history_forward_replay
4,2026-07-31,spectral_contrarian,2,3,1 8 20 32 39,4 11,0,1,4.833709886016868,100.0,96.8424977734412,83.18181818181817,7320df08782c5dabfb0aa60692b96b89facda842b293b8df3f58489e47e03589,observed,observed_history_forward_replay
4,2026-07-31,spectral_contrarian,2,4,5 17 24 36 48,3 7,1,0,4.833709886016868,100.0,98.57396744088008,85.75757575757576,4dd48558bf4f5eb00d350ec70dfe276ab902f7bbb349f0dc664722d7e4f6f1ba,observed,observed_history_forward_replay
4,2026-07-31,spectral_contrarian,2,5,2 14 22 33 41,7 11,0,0,4.833709886016868,100.0,97.17949203004108,77.57575757575758,1a5b520f76616c57c5db340b1e92688ac54f8147d1fc4eefad45a1f2497a8268,observed,observed_history_forward_replay
4,2026-07-31,spectral_contrarian,2,6,7 19 31 38 50,3 11,1,0,4.833709886016868,100.0,98.29227991021494,82.12121212121211,2326213ba6ee87872894abdcff1221a35f0408ba2c531130e4d71a48794dfb03,observed,observed_history_forward_replay
4,2026-07-31,spectral_contrarian,2,7,4 16 23 35 47,3 7,0,0,4.833709886016868,100.0,97.68495087897732,85.30303030303031,d188450c2ec616642a23967e182d7cf33c7909cd7f4f8d1f9ea6d48b60c374de,observed,observed_history_forward_replay
4,2026-07-31,spectral_contrarian,2,8,1 13 21 32 40,7 11,0,0,4.833709886016868,100.0,96.95706304167261,82.27272727272727,b2e6e912d5a42ec65ef42d19c2c763016b532d8d97fad8654bf0bd6a30bb32d4,observed,observed_history_forward_replay
4,2026-07-31,spectral_contrarian,2,9,3 15 22 34 46,2 7,0,0,4.833709886016868,100.0,98.33916552846708,79.24242424242424,18dab5b2e3415db852dcc00e52f7ad9c5f5807542b1653f80b5f98513e962a5e,observed,observed_history_forward_replay
4,2026-07-31,spectral_contrarian,2,10,12 19 31 39 50,6 11,1,0,4.833709886016868,100.0,98.96534015985154,83.63636363636363,f152ce5fec956d359c53422c5765b5bc43d7ad985b5e0d094cb737564b862008,observed,observed_history_forward_replay
4,2026-07-31,spectral_contrarian,2,11,2 14 21 33 45,2 7,1,0,4.833709886016868,100.0,95.95110231916854,85.60606060606061,ef65db9f3e870b3c6c1013b413176d20ca79fbf0033a43a583891f317c330285,observed,observed_history_forward_replay
4,2026-07-31,spectral_contrarian,2,12,11 18 30 38 49,6 11,0,0,4.833709886016868,100.0,98.31809219706147,75.75757575757575,848cabe0cdc12fdeaef8c1ee841b3e787d9509415fc679fe2874ed4571f61406,observed,observed_history_forward_replay
4,2026-07-31,parallax,5,1,38 46 47 48 50,4 9,0,1,2.062164862472793,50.0,100.0,81.81818181818181,c5b45c39b67a541e6174a704aeaedcc9265d97a5bcf223cfee8f2c2da20b205b,observed,observed_history_forward_replay
4,2026-07-31,parallax,5,2,32 37 39 43 45,8 11,1,0,2.062164862472793,50.0,99.99152935638479,84.24242424242424,e4252c27f0db9b248e3baa5d82ebe587a844ed6f8b9688cd662ffcca1e69a815,observed,observed_history_forward_replay
4,2026-07-31,parallax,5,3,31 36 40 41 42,5 10,1,1,2.062164862472793,50.0,99.92099240930135,81.96969696969697,b210430d8568b7d3748c29fe3de2a876db90ae454a3202a724fb6ebe969337c0,observed,observed_history_forward_replay
4,2026-07-31,parallax,5,4,13 16 34 44 49,1 7,0,0,2.062164862472793,50.0,99.61275590777744,87.57575757575758,e215be1b093fa86af121a5f8796dd4384ca0a3669b7691d0519c63c86d8289d4,observed,observed_history_forward_replay
4,2026-07-31,parallax,5,5,18 21 26 27 35,2 6,0,0,2.062164862472793,50.0,93.72065087769244,85.60606060606061,2e45b0abf128b86ee03c58c7db4eb94651136d46b5642107de712859465e0510,observed,observed_history_forward_replay
4,2026-07-31,parallax,5,6,6 19 23 33 46,3 12,0,0,2.062164862472793,50.0,98.50721400462113,84.84848484848484,689e2e442bc65771b12e701957979ccc8b9a95813971f30d2637fc160a904274,observed,observed_history_forward_replay
4,2026-07-31,parallax,5,7,5 15 24 25 30,8 9,2,0,2.062164862472793,50.0,84.47048517054341,82.57575757575758,6aab23deafdce95cdb2608cfcf85c69458f936c85bbde065e9b7ad0a7831d871,observed,observed_history_forward_replay
4,2026-07-31,parallax,5,8,8 10 17 20 29,5 12,1,1,2.062164862472793,50.0,72.7164939972474,90.15151515151516,521eca46df165a942193a9c88081254ce568c65b1f3e35d9e5bb9143d3c2cce1,observed,observed_history_forward_replay
4,2026-07-31,parallax,5,9,3 9 10 14 22,1 2,1,0,2.062164862472793,50.0,15.097801113726494,80.15151515151516,3cee1a28eeec16d10872fa4dd2a93b2ff251785fb59c3051dd6c29418ff8e411,observed,observed_history_forward_replay
4,2026-07-31,parallax,5,10,2 11 28 39 46,4 6,0,1,2.062164862472793,50.0,96.80258272848226,82.27272727272727,4a2a5fa2fb6d8998fc53143afec482a20229d0f578bb6e6c031edfeba66ba038,observed,observed_history_forward_replay
4,2026-07-31,parallax,5,11,4 12 20 33 48,3 11,0,0,2.062164862472793,50.0,97.56088967030462,82.87878787878788,20deb3aa36539d767e8c059079530b3ef08fca8cc7e102b589a6ac41996b52e9,observed,observed_history_forward_replay
4,2026-07-31,parallax,5,12,1 36 38 39 44,7 10,0,0,2.062164862472793,50.0,99.8736651685567,81.51515151515152,8b9afedc985e4a2024bbbc3b4cce0e751a7b0225a015896f6de93338bd707627,observed,observed_history_forward_replay
4,2026-07-31,coordinated_aggregation,6,1,38 46 47 48 50,4 9,0,1,2.062164862472793,50.0,100.0,81.81818181818181,aa2e28438a654084d79549b5ffaaac3f0a9bf6b578c296915ae7426819f5b80f,observed,observed_history_forward_replay
4,2026-07-31,coordinated_aggregation,6,2,32 37 39 43 45,8 11,1,0,2.062164862472793,50.0,99.99152935638479,84.24242424242424,da6a35b1c84ec9ee4aa17d11a122ab24aa0b49f99f76ce4d04a17f1ddd50ebca,observed,observed_history_forward_replay
4,2026-07-31,coordinated_aggregation,6,3,31 36 40 41 42,5 10,1,1,2.062164862472793,50.0,99.92099240930135,81.96969696969697,fc18e3110192e064d2e990c502333e3fe3486b56edb039e47d91f2c05c73e86d,observed,observed_history_forward_replay
4,2026-07-31,coordinated_aggregation,6,4,13 16 34 44 49,1 7,0,0,2.062164862472793,50.0,99.61275590777744,87.57575757575758,0432eabb2dbb8388dd8b6491cc9d169aafcc6c07c5e86c8b4f139c2e80affc40,observed,observed_history_forward_replay
4,2026-07-31,coordinated_aggregation,6,5,18 21 26 27 35,2 6,0,0,2.062164862472793,50.0,93.72065087769244,85.60606060606061,1c69e1be7abe4116f1b7f894b314697c9502a0bdbda7251d7b5ed252a646e7bc,observed,observed_history_forward_replay
4,2026-07-31,coordinated_aggregation,6,6,6 19 23 33 46,3 12,0,0,2.062164862472793,50.0,98.50721400462113,84.84848484848484,b90626267e6a82498e04de2e136415988f5a547ce520cdafe5715a4257d73599,observed,observed_history_forward_replay
4,2026-07-31,coordinated_aggregation,6,7,5 15 24 25 30,8 9,2,0,2.062164862472793,50.0,84.47048517054341,82.57575757575758,edb15a5c919382844bb2c3c2206d5830b719e6972028e5d2878f46daee969f17,observed,observed_history_forward_replay
4,2026-07-31,coordinated_aggregation,6,8,8 10 17 20 29,5 12,1,1,2.062164862472793,50.0,72.7164939972474,90.15151515151516,860acaa6eac996eae039f92984d29dbc0adc298d6e2ae371692e9c97826bdfb1,observed,observed_history_forward_replay
4,2026-07-31,coordinated_aggregation,6,9,3 9 10 14 22,1 2,1,0,2.062164862472793,50.0,15.097801113726494,80.15151515151516,5aea435182d757fc9efd9de983f12ed55b0dd12e862b4bb620a7d4ba13645bf3,observed,observed_history_forward_replay
4,2026-07-31,coordinated_aggregation,6,10,2 11 28 39 46,4 6,0,1,2.062164862472793,50.0,96.80258272848226,82.27272727272727,fed6ef33f389bdae7056e4324e51662e8b21ad2296cfd671cf1772842dae1dcf,observed,observed_history_forward_replay
4,2026-07-31,coordinated_aggregation,6,11,4 12 20 33 48,3 11,0,0,2.062164862472793,50.0,97.56088967030462,82.87878787878788,a31d84cdd705d0e5e4a169abde1759934189206867b2b4ff43b0889feaad247d,observed,observed_history_forward_replay
4,2026-07-31,coordinated_aggregation,6,12,1 36 38 39 44,7 10,0,0,2.062164862472793,50.0,99.8736651685567,81.51515151515152,31a92fe0cd556b1973557e8f55b2a9c702f6610eb675033c6247568151da1f15,observed,observed_history_forward_replay
5,2026-08-04,uniform_random,6,1,17 19 28 46 50,5 9,2,0,0.0,0.0,98.63574407878247,85.30303030303031,152417005848b3f6f0b517a4eeda8ae3915fc2c7b3b4f34291e5e6b9703f730f,observed,observed_history_forward_replay
5,2026-08-04,uniform_random,6,2,7 13 40 44 47,6 8,0,0,0.0,0.0,99.16577822806273,84.24242424242424,0cc6c1ac6d9a54f5a8202a9775b91fcbc8b6070790108645bec59cab7f6d6511,observed,observed_history_forward_replay
5,2026-08-04,uniform_random,6,3,2 4 10 16 30,4 12,1,1,0.0,0.0,24.76997145326353,83.63636363636363,ad54d8d5a73b4748a0c7794e3c9f52ef2d9685171ff895635815848467508cac,observed,observed_history_forward_replay
5,2026-08-04,uniform_random,6,4,3 11 15 28 38,5 9,0,0,0.0,0.0,81.18770266474175,79.39393939393939,065a3f598d87e1f5e34d31e74f8384d06349249bd9705bc989aaf3871bc7afd0,observed,observed_history_forward_replay
5,2026-08-04,uniform_random,6,5,3 4 7 29 42,11 12,0,1,0.0,0.0,54.02066983044944,86.66666666666666,22d922deef638578937beb1c90edaea7ef5ee1bf2c330e0e94219de3823fd8a0,observed,observed_history_forward_replay
5,2026-08-04,uniform_random,6,6,2 15 17 29 41,4 11,0,0,0.0,0.0,92.1923572955928,87.57575757575758,8cef0edc5f49ca22e8ffbe35983d28f98bc237022171682d1a7caaadec43033e,observed,observed_history_forward_replay
5,2026-08-04,uniform_random,6,7,3 15 26 27 35,1 4,0,1,0.0,0.0,88.62843171363514,86.36363636363636,528fbacc7bb15fea1842f0958effa6e7f2b4b3722a0a02d85720ca96dd1b6a0a,observed,observed_history_forward_replay
5,2026-08-04,uniform_random,6,8,10 14 22 32 37,3 10,0,0,0.0,0.0,96.19540987711768,81.81818181818181,f5107e8b631ae1338e1b3a861d7e1443437d35dc3e40b1bf07b0cb83d21b75b8,observed,observed_history_forward_replay
5,2026-08-04,uniform_random,6,9,1 3 18 22 48,2 7,0,0,0.0,0.0,86.882588612461,74.69696969696969,4db940137d5e14650463799b856dbea2fb5ff621549771c11d53ba7e984d73a3,observed,observed_history_forward_replay
5,2026-08-04,uniform_random,6,10,1 8 14 32 48,4 10,0,0,0.0,0.0,93.60127801275094,83.48484848484847,726e8512551900fdd84acf808d9f1503fb2c3a9863e05002918365535409d32d,observed,observed_history_forward_replay
5,2026-08-04,uniform_random,6,11,7 12 23 27 41,5 7,0,0,0.0,0.0,85.00758558097,87.87878787878789,20333bb52dbb4a68fa56bac05e3a44c481023626ee04516f20fbda51d5c8b4e1,observed,observed_history_forward_replay
5,2026-08-04,uniform_random,6,12,12 23 33 35 48,9 12,0,1,0.0,0.0,99.16577822806273,87.27272727272727,0700ecf1928cbde31d0ab3e1ee29b5d0145a2c061c112154b92a060a5a21d903,observed,observed_history_forward_replay
5,2026-08-04,frequency,3,1,20 29 38 43 50,2 10,1,0,3.308926441065585,100.0,99.75713009250876,81.96969696969697,db177100126242fc80742d6c4c808daef3e6c348c265ca85cb9d84a618da1085,observed,observed_history_forward_replay
5,2026-08-04,frequency,3,2,12 17 27 47 48,1 4,0,1,3.308926441065585,100.0,98.5398219049236,88.18181818181819,1fe99329b5ef9e48fd64d16eb36b3db74994a62ffa387b6b753f2de0f273edf1,observed,observed_history_forward_replay
5,2026-08-04,frequency,3,3,11 16 41 48 50,2 4,1,0,3.308926441065585,100.0,99.56573230734213,81.51515151515152,c794120d38982dc46fc9ea1886d84593247140f5f8309010149abe728441993d,observed,observed_history_forward_replay
5,2026-08-04,frequency,3,4,3 23 39 41 43,6 12,0,1,3.308926441065585,100.0,99.43284035497084,84.09090909090911,552b555b11337c4a00d5e2afeb91e6937ef43c4cfd85b5f2919216cf1ff98a00,observed,observed_history_forward_replay
5,2026-08-04,frequency,3,5,2 6 15 16 33,4 10,0,0,3.308926441065585,100.0,82.24622705867024,81.66666666666667,2206bedd21dd1e199cc59a9038424b3ff61134fc2abaca5183208bef3f1f45da,observed,observed_history_forward_replay
5,2026-08-04,frequency,3,6,3 4 16 28 49,4 6,0,0,3.308926441065585,100.0,73.82782676926402,80.45454545454544,f504269b55bf96c9714aefa883e2520d0231f511aba032bdda836a93fc4a607f,observed,observed_history_forward_replay
5,2026-08-04,frequency,3,7,8 20 28 40 43,6 9,0,0,3.308926441065585,100.0,97.35874523034292,80.15151515151516,0c078d8788635dff4c2322f42b16841f96faeb296f9358a36008d133de2881fe,observed,observed_history_forward_replay
5,2026-08-04,frequency,3,8,1 6 34 44 46,9 10,2,0,3.308926441065585,100.0,98.94151385437895,84.54545454545455,d7c75d4f1045a6fb9d0635ea164422a64176175322733217991fb0ffcc5cf02e,observed,observed_history_forward_replay
5,2026-08-04,frequency,3,9,4 12 22 27 44,1 5,0,1,3.308926441065585,100.0,89.85910498065243,80.45454545454544,c689f4a055214b81d2f6d4f6407cb351c198f2a736e8fb6258adbf2b98b392d4,observed,observed_history_forward_replay
5,2026-08-04,frequency,3,10,4 24 30 39 49,9 10,1,0,3.308926441065585,100.0,97.6258474907201,80.75757575757576,13f18da5be51c47e337a673aef5e0b5f86311ff7f385eadf6b01a3bc8965245b,observed,observed_history_forward_replay
5,2026-08-04,frequency,3,11,20 34 38 41 43,7 11,1,0,3.308926441065585,100.0,99.91221402520488,83.03030303030303,413c3a3202b6e656496d0ed81b23dfea4650930838a92a6c752fff3ecb43f645,observed,observed_history_forward_replay
5,2026-08-04,frequency,3,12,29 32 36 42 45,1 10,0,1,3.308926441065585,100.0,99.87694623214044,87.72727272727273,63056a5eaeee62a0b8f79d6b649efea79ec2db758ef84bfa412c24556a2f203f,observed,observed_history_forward_replay
5,2026-08-04,unpopularity,1,1,37 44 46 47 50,2 9,2,0,5.36599268783029,100.0,99.99940601810093,84.69696969696969,db1a0e872ebfc5b68eefe36a83baa18963160d649f545c2b8ece920d89d83816,observed,observed_history_forward_replay
5,2026-08-04,unpopularity,1,2,38 44 46 47 48,2 12,1,1,5.36599268783029,100.0,99.99910222600586,85.0,9967e669fb75b50ca978234f481ade022183e63c951c25f5bae96a2b0d3cff8b,observed,observed_history_forward_replay
5,2026-08-04,unpopularity,1,3,36 43 44 46 50,6 10,2,0,5.36599268783029,100.0,99.99784008498044,81.06060606060606,284ae8bcd4334cd2f2a60b0ef43bbc90754d2c8744b0d641b0848d1286d5f253,observed,observed_history_forward_replay
5,2026-08-04,unpopularity,1,4,37 43 44 45 48,2 5,0,0,5.36599268783029,100.0,99.99717981797255,87.42424242424242,94e93edabdae3a6a150d2d0cee3214a0acc12263b5c35f6da6c81099c2180c97,observed,observed_history_forward_replay
5,2026-08-04,unpopularity,1,5,33 43 45 46 47,1 10,1,1,5.36599268783029,100.0,99.99615123117283,80.90909090909089,d867760d3b944ed4c1c5322311bc0b7015bd36a3073146349c457ab10dde98b0,observed,observed_history_forward_replay
5,2026-08-04,unpopularity,1,6,41 45 46 48 50,10 12,2,1,5.36599268783029,100.0,99.99566955314504,84.54545454545455,1b75503ae7efb0c646aaed09999dec77b34c6633cc3dbd7bf249dd0469b3f3d6,observed,observed_history_forward_replay
5,2026-08-04,unpopularity,1,7,38 39 41 44 50,5 8,1,0,5.36599268783029,100.0,99.99543913533955,83.18181818181817,832503776255d491f443ab89e2b239adabcb9abe614d802cf77c77f6a0a473bf,observed,observed_history_forward_replay
5,2026-08-04,unpopularity,1,8,36 39 41 46 50,1 12,2,2,5.36599268783029,100.0,99.99543913533955,80.90909090909092,dd8160f2c71322d6affa4a0344c727c2b8ee48d193ebcdba730a02c0c70b95b3,observed,observed_history_forward_replay
5,2026-08-04,unpopularity,1,9,33 38 43 47 50,3 11,1,0,5.36599268783029,100.0,99.99507493386233,77.27272727272727,a1d9644e4e1faeef9665f6f00924d849c793aff918a08d310748ccb49eb16a03,observed,observed_history_forward_replay
5,2026-08-04,unpopularity,1,10,36 38 39 48 50,4 10,1,0,5.36599268783029,100.0,99.99507493386233,81.21212121212122,12e7206a986f5bbac1e81eeecc3662a9fa914335eb772d28fdfe863ca4cb3fbc,observed,observed_history_forward_replay
5,2026-08-04,unpopularity,1,11,38 39 40 46 48,8 10,1,0,5.36599268783029,100.0,99.99507493386233,81.66666666666667,b519f127ad56061609417b8cb5ea6c8e80e479a7bcd0cf91b1ea86c111998f9c,observed,observed_history_forward_replay
5,2026-08-04,unpopularity,1,12,34 39 43 46 47,7 9,2,0,5.36599268783029,100.0,99.99432980780159,83.33333333333334,e8f526680cf15991713ee92f45c240bbec07ee5e8172a85fa9ee229d20a66829,observed,observed_history_forward_replay
5,2026-08-04,gingerm,7,1,2 12 14 19 37,1 2,0,1,-0.27196710774634036,80.0,77.78165370196196,87.42424242424242,0d97ededcf7ff04737e41c2c72fd2933ab556518a09402028fd9fa388747d17b,observed,observed_history_forward_replay
5,2026-08-04,gingerm,7,2,1 3 10 19 36,1 2,0,1,-0.27196710774634036,80.0,73.98281851474782,83.63636363636363,295677130c51cdbfa397403152225b9943da680dbb9c0d0d7e26976f0448219d,observed,observed_history_forward_replay
5,2026-08-04,gingerm,7,3,10 16 43 44 46,1 2,1,1,-0.27196710774634036,80.0,99.51511050937441,86.06060606060606,23a1a8b22fc2dd75a126f84641bb27fdb27ab5834f43f167a2126fbf4953e331,observed,observed_history_forward_replay
5,2026-08-04,gingerm,7,4,2 12 14 21 27,1 2,0,1,-0.27196710774634036,80.0,2.1459593961014822,88.03030303030303,3e22ede8a7fe629e0942fcd29d105f7c43732736a30229f3b3722a1e0895212c,observed,observed_history_forward_replay
5,2026-08-04,gingerm,7,5,4 7 29 44 48,1 2,0,1,-0.27196710774634036,80.0,95.87882814719302,87.12121212121211,0721b6ac459cf525357b05e187eef37e1a8cc17ad36cfe8ad8e9ee9d00a075cc,observed,observed_history_forward_replay
5,2026-08-04,gingerm,7,6,4 12 19 42 45,1 2,0,1,-0.27196710774634036,80.0,95.20327933974588,88.18181818181819,a95158bad35d3ae38788127ec4dd6b050074a26609aeed3d7253509399769c95,observed,observed_history_forward_replay
5,2026-08-04,gingerm,7,7,10 17 18 19 23,1 2,0,1,-0.27196710774634036,80.0,73.70742911170399,88.7878787878788,6457c3a6a58b10d6ec7527458ac6f96dcc79d52bc7b2d1d02e77d5d92d54d4e0,observed,observed_history_forward_replay
5,2026-08-04,gingerm,7,8,13 23 34 39 41,1 2,1,1,-0.27196710774634036,80.0,99.60670006290627,88.7878787878788,87ad8d4ccd27119f2dde575154ff758b64cb1614476f7ea57ddc0669304df032,observed,observed_history_forward_replay
5,2026-08-04,gingerm,7,9,29 35 38 47 48,1 2,0,1,-0.27196710774634036,80.0,99.90234911551337,86.06060606060606,2657718fb064c398d1b798176a9aa124a142b6263b0ea579c4aa2c719c11f7c1,observed,observed_history_forward_replay
5,2026-08-04,gingerm,7,10,1 3 10 21 39,1 2,0,1,-0.27196710774634036,80.0,63.80709554700365,85.75757575757576,dc2f00ec47cca799557e5a770bdefc2d1e78153b866473c0cb9930bfabf4070a,observed,observed_history_forward_replay
5,2026-08-04,gingerm,7,11,13 23 33 35 48,1 2,0,1,-0.27196710774634036,80.0,99.4188027807602,88.18181818181819,4658dc4a6c4c06a0e2e454fdfbc148fdbbfb4f06996f98b91fa144b2245ce1e8,observed,observed_history_forward_replay
5,2026-08-04,gingerm,7,12,10 14 17 31 46,1 2,1,1,-0.27196710774634036,80.0,90.51782174328928,87.57575757575758,109e04f28392420971e6f913bdc658eab3a2878a49c960ee9c35617fe41ed8a6,observed,observed_history_forward_replay
5,2026-08-04,spectral_contrarian,2,1,6 18 25 37 49,3 8,1,0,3.9126884415086383,100.0,97.19293784899492,80.45454545454544,557eb2201df627f0eba478af7a22b26c98c464fb181eddef33116703f8edc14a,observed,observed_history_forward_replay
5,2026-08-04,spectral_contrarian,2,2,4 15 23 34 42,7 12,1,1,3.9126884415086383,100.0,96.36491915193795,89.0909090909091,31aae564d6a4e7b4b2d626b95109e0775e12092ee7aae7f44bf611a38136c2fc,observed,observed_history_forward_replay
5,2026-08-04,spectral_contrarian,2,3,1 8 20 32 39,4 11,0,0,3.9126884415086383,100.0,95.54217071386827,83.18181818181817,21c8dd7c7e0da57e3d0583990b459ca6360ac9e5ae662178a5f27440e122dfe6,observed,observed_history_forward_replay
5,2026-08-04,spectral_contrarian,2,4,5 17 24 36 48,3 7,0,0,3.9126884415086383,100.0,97.98716716961131,85.9090909090909,59598615c618f5247fd8515af94c4a46c2040cd12f3ec6802d6053048ac482e1,observed,observed_history_forward_replay
5,2026-08-04,spectral_contrarian,2,5,2 14 22 33 41,7 11,0,0,3.9126884415086383,100.0,96.01803799499208,77.57575757575758,bc6d4570ee2b30f6120b352de561fb957da1919f96b92e50996ddfcb8bf92ab1,observed,observed_history_forward_replay
5,2026-08-04,spectral_contrarian,2,6,7 19 31 38 50,3 11,1,0,3.9126884415086383,100.0,97.58939813729437,82.27272727272727,43bf0362292c78bedaf68a5b9deb32709983a1c4bee1695737b82bc57f034124,observed,observed_history_forward_replay
5,2026-08-04,spectral_contrarian,2,7,4 16 23 35 47,3 7,0,0,3.9126884415086383,100.0,96.73179297286649,85.30303030303031,11fa2b98f69b3df474cb857766842bf0906c9cd5941302ec14508ff89724e1fa,observed,observed_history_forward_replay
5,2026-08-04,spectral_contrarian,2,8,1 13 21 32 40,7 11,0,0,3.9126884415086383,100.0,95.7039475442943,82.27272727272727,63196fffa8150b4da28817bfd7a9e4a089c2bf08c003684b87391e8e1009c112,observed,observed_history_forward_replay
5,2026-08-04,spectral_contrarian,2,9,3 15 22 34 46,2 7,2,0,3.9126884415086383,100.0,97.65560499763247,79.24242424242424,79faa7597e33d27298e62acf79615ec9820710019795af732adaafb8edbc7a0d,observed,observed_history_forward_replay
5,2026-08-04,spectral_contrarian,2,10,12 19 31 39 50,6 11,1,0,3.9126884415086383,100.0,98.5398219049236,83.78787878787878,f934fb2940b0ce3ad5da4c59a897fbbd492e06c5fd510a080d99db2dbb57b78f,observed,observed_history_forward_replay
5,2026-08-04,spectral_contrarian,2,11,2 14 21 33 45,2 7,0,0,3.9126884415086383,100.0,94.28343729950483,85.75757575757576,7cc4344ce2fa15bbb4a9ba4ce52de9cb2387253ea78a57a3b145f122b249bef6,observed,observed_history_forward_replay
5,2026-08-04,spectral_contrarian,2,12,11 18 30 38 49,6 11,1,0,3.9126884415086383,100.0,97.6258474907201,75.75757575757575,67a5c16aa919578901c22a88596e4a75d262f91c2d5a7c9f91de9a1f3a5927e1,observed,observed_history_forward_replay
5,2026-08-04,parallax,4,1,39 44 45 48 50,4 12,1,1,1.7810083491842987,60.0,100.0,87.12121212121211,3d2d0de2f67095544887eeb6df9bedb50c6d37622b0bfe77d0bed1c04e99ed5f,observed,observed_history_forward_replay
5,2026-08-04,parallax,4,2,36 37 40 43 47,2 7,0,0,1.7810083491842987,60.0,99.99195439908574,78.63636363636364,6b07f1de21f68125fc068f3d85f3b27a975d4fbad8cbde92075fe2956ddf00fd,observed,observed_history_forward_replay
5,2026-08-04,parallax,4,3,32 35 38 46 49,5 9,1,0,1.7810083491842987,60.0,99.95484393541749,83.03030303030303,259eb443b027ca190e47932d52682befd198aea6787ae98a47fdee59e92fb030,observed,observed_history_forward_replay
5,2026-08-04,parallax,4,4,1 30 33 34 41,1 6,2,1,1.7810083491842987,60.0,99.33714739080479,80.30303030303031,d057b09d8f861395a5fa51e1ebc873eba56938a3ddbed70cce12c94cb40201b8,observed,observed_history_forward_replay
5,2026-08-04,parallax,4,5,15 18 23 29 42,3 11,0,0,1.7810083491842987,60.0,94.095673076768,87.72727272727273,4f27f79347c6bcdc9fc904b2c955f6333acb9469d88b88f68cb670326ce4c681,observed,observed_history_forward_replay
5,2026-08-04,parallax,4,6,2 13 17 22 41,8 10,0,0,1.7810083491842987,60.0,91.05190152396165,82.12121212121212,7f7023e1b04c52656e1d67eccd752e86184e04b556a34fc41df392a592b514da,observed,observed_history_forward_replay
5,2026-08-04,parallax,4,7,9 11 20 24 31,4 6,0,0,1.7810083491842987,60.0,67.37782426183392,81.96969696969697,8c2be7ebafa60883a098e44c19662362defbb11823e3fdb2da03aa32773d4604,observed,observed_history_forward_replay
5,2026-08-04,parallax,4,8,3 8 12 19 28,2 11,0,0,1.7810083491842987,60.0,0.0,84.24242424242424,511e3043f8cd7bbbfa0ee95410fa087c2d173b6813fae04769ec0f13cd4b38d6,observed,observed_history_forward_replay
5,2026-08-04,parallax,4,9,10 16 25 27 46,7 10,2,0,1.7810083491842987,60.0,94.23413584138571,87.27272727272727,014c9614ac3eb9a0c79bbc8dd096fee3561b309d78945f0250abd597c6a3d1d3,observed,observed_history_forward_replay
5,2026-08-04,parallax,4,10,4 14 21 40 50,3 12,1,1,1.7810083491842987,60.0,95.37730153879296,80.45454545454544,c783ca896ff3de36105b4da396d76db3fb85c3a3e04239db8d3fa080b579d291,observed,observed_history_forward_replay
5,2026-08-04,parallax,4,11,6 26 43 48 49,8 9,0,0,1.7810083491842987,60.0,99.39790896336011,82.42424242424242,de31d1f29972c99c617dbd38e18f18f08eb3d36b4291f634f661d93f2f0b5eee,observed,observed_history_forward_replay
5,2026-08-04,parallax,4,12,22 30 32 42 48,1 5,1,1,1.7810083491842987,60.0,99.58868180928675,81.51515151515152,c8acb0b70e62b5688937ee315bccd29baa8a0ed32a53841aee7e2449a194986b,observed,observed_history_forward_replay
5,2026-08-04,coordinated_aggregation,5,1,39 44 45 48 50,4 12,1,1,1.7810083491842987,60.0,100.0,87.12121212121211,18aa2b71c9ea2f52228ca3e3d0b422083fa59881e2c57e1a9c45a79f8dbfa73a,observed,observed_history_forward_replay
5,2026-08-04,coordinated_aggregation,5,2,36 37 40 43 47,2 7,0,0,1.7810083491842987,60.0,99.99195439908574,78.63636363636364,3565809ef734a00c748af47c69a1e1a15de1e4034e374a292d074dc01f2190a5,observed,observed_history_forward_replay
5,2026-08-04,coordinated_aggregation,5,3,32 35 38 46 49,5 9,1,0,1.7810083491842987,60.0,99.95484393541749,83.03030303030303,655289a75a114c69133fcb628adfc5d0cdadd4982c76a11f1fe10b3ab3aa25fe,observed,observed_history_forward_replay
5,2026-08-04,coordinated_aggregation,5,4,1 30 33 34 41,1 6,2,1,1.7810083491842987,60.0,99.33714739080479,80.30303030303031,d19ff628cb8ce34bdefa4fe90e092f7d2974e657f9e5c766b9b8c8d3928821fb,observed,observed_history_forward_replay
5,2026-08-04,coordinated_aggregation,5,5,15 18 23 29 42,3 11,0,0,1.7810083491842987,60.0,94.095673076768,87.72727272727273,2c5aa13b50c1087964c2d85359b6cf1ee159c15d66706b4bba85d50268946f8b,observed,observed_history_forward_replay
5,2026-08-04,coordinated_aggregation,5,6,2 13 17 22 41,8 10,0,0,1.7810083491842987,60.0,91.05190152396165,82.12121212121212,6b1fbd5c8809ed04e5b4f07846607cfa4276f4a707768651b22707fc5ceab4c3,observed,observed_history_forward_replay
5,2026-08-04,coordinated_aggregation,5,7,9 11 20 24 31,4 6,0,0,1.7810083491842987,60.0,67.37782426183392,81.96969696969697,80431e2f0558dc2d9e9ab0c431a216c8eea8d5e22830e6596ce25018d6dfbc68,observed,observed_history_forward_replay
5,2026-08-04,coordinated_aggregation,5,8,3 8 12 19 28,2 11,0,0,1.7810083491842987,60.0,0.0,84.24242424242424,a30f01971be3f0f878193d7529800671fdea1f71594aa554abaa9b0451f7bd92,observed,observed_history_forward_replay
5,2026-08-04,coordinated_aggregation,5,9,10 16 25 27 46,7 10,2,0,1.7810083491842987,60.0,94.23413584138571,87.27272727272727,11e0cef3f6f11588f01ad40a75bea4e84d0f6904ccbed31d0982155fad29b993,observed,observed_history_forward_replay
5,2026-08-04,coordinated_aggregation,5,10,4 14 21 40 50,3 12,1,1,1.7810083491842987,60.0,95.37730153879296,80.45454545454544,0cee727271bf045ceed79fada285881308383721bbc9457c0eea5baa6cef4abe,observed,observed_history_forward_replay
5,2026-08-04,coordinated_aggregation,5,11,6 26 43 48 49,8 9,0,0,1.7810083491842987,60.0,99.39790896336011,82.42424242424242,0ca9ade79db0196e434272e44b044ad3332608b915eb1836fc04daae9bb43ec9,observed,observed_history_forward_replay
5,2026-08-04,coordinated_aggregation,5,12,22 30 32 42 48,1 5,1,1,1.7810083491842987,60.0,99.58868180928675,81.51515151515152,c8c5861e763ff3f7beccbb1ed56c234536fd4cf36231c781258fdff246d67922,observed,observed_history_forward_replay
6,2026-08-07,uniform_random,4,1,1 14 16 20 38,7 12,1,0,0.0,0.0,82.56101734229867,82.12121212121212,d81b274d59260267091b71ee2f457f82956e0810e37f5c8d80052a40c6fc134e,observed,observed_history_forward_replay
6,2026-08-07,uniform_random,4,2,27 30 31 35 40,1 9,1,1,0.0,0.0,98.45490180304488,82.42424242424242,99b47b6036da7f3b821e186d4240b9c57a3584838d4eec793c27cec2670751b7,observed,observed_history_forward_replay
6,2026-08-07,uniform_random,4,3,4 14 18 22 34,4 10,0,0,0.0,0.0,83.33506107032167,75.9090909090909,57945dce2b219b87d759b276fb492b6a7507051bfce318cd0367e8fba446599a,observed,observed_history_forward_replay
6,2026-08-07,uniform_random,4,4,9 12 17 29 43,2 6,1,1,0.0,0.0,88.15723279606065,85.60606060606061,498c5e201ff1723b8b0a6ec6520a1a8c388c55804d31994fb12b1ea918d0510e,observed,observed_history_forward_replay
6,2026-08-07,uniform_random,4,5,3 10 22 40 48,4 11,0,0,0.0,0.0,96.27305496260956,79.0909090909091,06be5b5ae026107fb1078d57cd7bf0a13578d4d86aaddf84c24c850b12a5a6cb,observed,observed_history_forward_replay
6,2026-08-07,uniform_random,4,6,25 28 39 45 49,2 7,0,1,0.0,0.0,99.38373019258952,84.3939393939394,ca9e4733bc019581041df3d947faf34aa28da1e8072ba4d351da79d407bb41b3,observed,observed_history_forward_replay
6,2026-08-07,uniform_random,4,7,1 3 16 23 45,4 12,0,0,0.0,0.0,83.4769380918876,85.0,686785d1ad92a1a1924e748195de9ceddada722124e4a9889d12ee215dc1434c,observed,observed_history_forward_replay
6,2026-08-07,uniform_random,4,8,13 14 19 31 46,1 2,0,2,0.0,0.0,92.5617673762339,86.06060606060606,2016583dc47f21104b5634a269b580a17353a607433f9599b7b5ff374d6af393,observed,observed_history_forward_replay
6,2026-08-07,uniform_random,4,9,8 9 22 32 44,8 10,0,0,0.0,0.0,95.7911542889692,79.84848484848486,c311f149159358484e11f605537373455f7d90187187a6648c123ba9b00f586d,observed,observed_history_forward_replay
6,2026-08-07,uniform_random,4,10,3 5 18 34 38,1 12,1,1,0.0,0.0,94.55152169951985,80.90909090909089,c2dc39cd61e881276d7020df704d9a0cf01c788a35044227b6011b5e5d38e05e,observed,observed_history_forward_replay
6,2026-08-07,uniform_random,4,11,15 35 39 41 50,1 12,1,1,0.0,0.0,99.84324036086767,84.09090909090911,6dc7c17d5e4e6845348f5bb4f30c58a9a4ef74dcd2eb4d98a1b0bba7b7c1365b,observed,observed_history_forward_replay
6,2026-08-07,uniform_random,4,12,9 10 15 26 50,2 8,1,1,0.0,0.0,88.15723279606064,84.84848484848484,ad4bde4fbf5005d267db0d85879aafde535808979a653432676133b6a198228a,observed,observed_history_forward_replay
6,2026-08-07,frequency,5,1,3 15 20 31 43,8 11,0,0,-0.6531478733527663,83.33333333333334,91.79968964250071,81.81818181818181,e4e4f7b0ed77709a73e6070da331452b68ef5e1b51283c9c3365fd201ce95739,observed,observed_history_forward_replay
6,2026-08-07,frequency,5,2,3 8 14 24 39,3 12,0,0,-0.6531478733527663,83.33333333333334,75.20410551495542,83.93939393939395,79ea280e1a426a6cd78a3c46cb2e30622b9fe62742a62e28fe19b80880df1723,observed,observed_history_forward_replay
6,2026-08-07,frequency,5,3,3 13 22 44 45,2 11,0,1,-0.6531478733527663,83.33333333333334,97.50146978342686,82.12121212121211,2a1da724789942f019d8e5b2b026d1f3ce8be1cae6bbf919e5bfad3445e299be,observed,observed_history_forward_replay
6,2026-08-07,frequency,5,4,4 6 23 26 33,5 11,1,0,-0.6531478733527663,83.33333333333334,84.44756388201704,82.27272727272727,d5883acd30f3579962147c15e1ccf24c3cc37fce53153aece232c00ac161172e,observed,observed_history_forward_replay
6,2026-08-07,frequency,5,5,5 40 41 42 46,2 7,0,1,-0.6531478733527663,83.33333333333334,99.74765988735132,84.84848484848484,0f9c8787b3985f0b3b6cd2e1fca33dd291450c9fef24da7de7d25f64814dc103,observed,observed_history_forward_replay
6,2026-08-07,frequency,5,6,16 25 27 40 46,5 11,0,0,-0.6531478733527663,83.33333333333334,98.82518457809859,83.03030303030303,89d4198c50aae54e701312f559afaf3ee9d64996d03db8bb1994cb09ad047608,observed,observed_history_forward_replay
6,2026-08-07,frequency,5,7,2 6 14 29 47,2 12,2,1,-0.6531478733527663,83.33333333333334,78.68538521544671,84.84848484848484,78378ec38d09bfe1dd7e6fec92817231c0babe2cbb18e82fc0db95a6b4b96035,observed,observed_history_forward_replay
6,2026-08-07,frequency,5,8,14 19 25 29 37,1 7,1,1,-0.6531478733527663,83.33333333333334,92.67367991427668,88.18181818181819,53c7216c573cd07ebbe217d2531ee515fc9ea256f518306c9589f8437022b66b,observed,observed_history_forward_replay
6,2026-08-07,frequency,5,9,2 4 30 38 42,1 9,1,1,-0.6531478733527663,83.33333333333334,93.77063741210542,83.63636363636363,d51fe29f50690b7fece3a9d662db04d5df65556c81cf8663efd3fba21e27d7e7,observed,observed_history_forward_replay
6,2026-08-07,frequency,5,10,9 18 26 46 50,5 9,1,0,-0.6531478733527663,83.33333333333334,98.21462621941805,79.84848484848486,a66359926e6c9d9a57ea882a979ae63d5ce9e4842682fc2cb891487b73109c37,observed,observed_history_forward_replay
6,2026-08-07,frequency,5,11,10 14 15 27 40,10 12,0,0,-0.6531478733527663,83.33333333333334,86.51744730344544,85.30303030303031,d46c74f36c34170dc0d788c760278574380b36f38d2f3d6bd1c418edc11e6c7e,observed,observed_history_forward_replay
6,2026-08-07,frequency,5,12,1 10 23 29 35,2 12,2,1,-0.6531478733527663,83.33333333333334,78.68538521544671,89.54545454545455,ba3350157ca0b3a2be1c5321604ad674fdbf30a2da05dc6fb90067a0255a7e02,observed,observed_history_forward_replay
6,2026-08-07,unpopularity,1,1,38 45 46 48 50,9 11,1,0,2.862333139263251,100.0,100.0,83.78787878787878,4de20dc21e6c167009190c3db34d210a1b6ee63e6e8a84c6d62b267e40cd111d,observed,observed_history_forward_replay
6,2026-08-07,unpopularity,1,2,34 44 46 48 50,7 8,0,0,2.862333139263251,100.0,99.99822571828746,87.42424242424242,3ddbe7c7c67b56709976c8b89eeefbd9e0446e7c4d4743596d82ba2e42238ee5,observed,observed_history_forward_replay
6,2026-08-07,unpopularity,1,3,37 38 47 48 50,9 10,2,0,2.862333139263251,100.0,99.99747760225225,83.03030303030303,78c10a70678672ff7c80d28b54f9bd61227280fc7d496e066d67819551c00891,observed,observed_history_forward_replay
6,2026-08-07,unpopularity,1,4,37 43 44 46 47,2 10,1,1,2.862333139263251,100.0,99.99631216119693,84.54545454545455,276728a649f65541f83f8f9bb873cd66ffd171a0ef809bca061890c394bc3c5a,observed,observed_history_forward_replay
6,2026-08-07,unpopularity,1,5,33 41 44 48 50,2 4,0,1,2.862333139263251,100.0,99.99591178935093,83.78787878787878,69acce3b0240e0a5f73e096075a842fd034fcdfd6c1106d9b618f70bb9c8d3de,observed,observed_history_forward_replay
6,2026-08-07,unpopularity,1,6,34 44 45 46 47,1 3,1,1,2.862333139263251,100.0,99.99591178935093,87.87878787878786,5d2399b3329df56db78274da6b37defdccef62eba3cfaee447e39eec0da90145,observed,observed_history_forward_replay
6,2026-08-07,unpopularity,1,7,36 41 43 45 48,5 8,0,0,2.862333139263251,100.0,99.99467371880692,82.72727272727273,3cf1c6b0b8467943bb12c848aa768b9c985311ddb8c6c2bafb13b381585d1d1c,observed,observed_history_forward_replay
6,2026-08-07,unpopularity,1,8,34 40 43 47 48,10 12,1,0,2.862333139263251,100.0,99.99424839606156,82.12121212121211,d51f0cc7282fd577fb79faff304870e39580a0dbac07268c0514cac713dd32fd,observed,observed_history_forward_replay
6,2026-08-07,unpopularity,1,9,33 41 43 44 48,3 12,0,0,2.862333139263251,100.0,99.99293316980888,83.33333333333334,5ed73a5318ea16fddfbdf17818f8c92eb0d2536efe7bb047bd164fd310741ac4,observed,observed_history_forward_replay
6,2026-08-07,unpopularity,1,10,34 38 43 45 48,2 11,1,1,2.862333139263251,100.0,99.99248134124123,84.84848484848484,9f384852664819ad4ca5d1a2dcbdfc8301279012c178222962fa9266ffe8a0d0,observed,observed_history_forward_replay
6,2026-08-07,unpopularity,1,11,32 39 43 44 50,6 9,0,0,2.862333139263251,100.0,99.99248134124123,83.03030303030303,503c72e6a5dad59acf94bd603a406b822fbb28d4788ecf14f07fdd7ed0cbefa7,observed,observed_history_forward_replay
6,2026-08-07,unpopularity,1,12,33 41 43 44 46,4 7,0,0,2.862333139263251,100.0,99.99202263203549,82.12121212121212,23b07b8c6a398ea5e22a0084eb2ba3beca134db1fc64d13d56071f39514fcfd3,observed,observed_history_forward_replay
6,2026-08-07,gingerm,3,1,24 27 41 42 44,1 2,0,2,1.0648485462552704,83.33333333333334,99.54194824232574,90.15151515151516,ad5f4300135b3c6ddddf957686248f9e5fedcb61109c5c586b760b660216dcbc,observed,observed_history_forward_replay
6,2026-08-07,gingerm,3,2,6 21 34 38 42,1 2,1,2,1.0648485462552704,83.33333333333334,98.25692228597251,88.03030303030303,e03f506e49f03e82c44b607bb148af8e2031c5930039ccc46891361bbd463f24,observed,observed_history_forward_replay
6,2026-08-07,gingerm,3,3,24 27 40 42 45,1 2,0,2,1.0648485462552704,83.33333333333334,99.54194824232574,87.27272727272727,46796668e3df94908650e74beef46a800f4e4de1106c0aeddc4ba01f53015252,observed,observed_history_forward_replay
6,2026-08-07,gingerm,3,4,11 13 23 39 45,1 2,0,2,1.0648485462552704,83.33333333333334,97.64936816866158,86.81818181818181,5cc04081e1194fb2af1a7d2d80a093fafb27b6572c651fedb623b74b8094d403,observed,observed_history_forward_replay
6,2026-08-07,gingerm,3,5,6 19 21 37 39,1 2,0,2,1.0648485462552704,83.33333333333334,95.9440518137624,87.27272727272727,74ffb3fa7f35efbe52f9bac72ddbfa9d97f8c3b4600c81686dfdcc2a9da10495,observed,observed_history_forward_replay
6,2026-08-07,gingerm,3,6,15 23 38 40 44,1 2,1,2,1.0648485462552704,83.33333333333334,99.60198310973063,84.24242424242424,0d36030b91a70d675fe74f633c15f46533beb8de3a822178d530f0f196ebe452,observed,observed_history_forward_replay
6,2026-08-07,gingerm,3,7,21 33 42 47 50,1 2,1,2,1.0648485462552704,83.33333333333334,99.80155104854306,85.15151515151516,6a0f8d6c5fc862c3bca9e934619663322ceb93d2985750c72734c7dcf29082c3,observed,observed_history_forward_replay
6,2026-08-07,gingerm,3,8,4 10 13 26 35,1 2,2,2,1.0648485462552704,83.33333333333334,75.20410551495542,87.27272727272727,8d2a6c0bcbe39006b3d62ecee28a914ab7675829499e1e588bdfa581cc0e6f7c,observed,observed_history_forward_replay
6,2026-08-07,gingerm,3,9,17 19 35 38 48,1 2,2,2,1.0648485462552704,83.33333333333334,99.36240764348949,88.63636363636364,b5398c74b86d5754458317b3fc0c5952b023b438d22b1afa5d90891db87e9137,observed,observed_history_forward_replay
6,2026-08-07,gingerm,3,10,3 9 17 20 43,1 2,0,2,1.0648485462552704,83.33333333333334,84.44756388201702,84.3939393939394,705b898bc1f20880ac7d839fa7e93f28db745d3f13299cba4b71fea81673f568,observed,observed_history_forward_replay
6,2026-08-07,gingerm,3,11,8 15 21 30 38,1 2,1,2,1.0648485462552704,83.33333333333334,87.68823284087509,82.72727272727273,5436b296faddfd287fea44c7cc08c8eda196273fdae0abc4777e35b9f6de9b84,observed,observed_history_forward_replay
6,2026-08-07,gingerm,3,12,41 42 47 48 50,1 2,1,2,1.0648485462552704,83.33333333333334,99.97918806147386,86.36363636363636,2b4d1a2d0e82a83a9248e27fd07c7bdc48c7776f3176d3d453efb14e7ee77264,observed,observed_history_forward_replay
6,2026-08-07,spectral_contrarian,2,1,6 18 25 37 49,3 8,0,0,1.4070474980165226,100.0,96.67158386381618,80.60606060606061,5261ed6edff97ae036bfa3c4cb322bb620ed96fb5e856a3473092947065c8464,observed,observed_history_forward_replay
6,2026-08-07,spectral_contrarian,2,2,4 15 22 34 42,7 12,0,0,1.4070474980165226,100.0,95.6238987127935,81.66666666666667,2898d7aee6be16b264a1010ae6a2afb24ac139b0511355a8e56efcbf3efe9b7d,observed,observed_history_forward_replay
6,2026-08-07,spectral_contrarian,2,3,1 8 20 32 39,4 11,0,0,1.4070474980165226,100.0,94.71442315255892,83.18181818181817,0c3cab612d436ee6f7f2c3bb4e79d03293d59906c8e05ddf6e40302436b45b3f,observed,observed_history_forward_replay
6,2026-08-07,spectral_contrarian,2,4,5 17 24 36 48,3 7,0,0,1.4070474980165226,100.0,97.61322753296984,85.9090909090909,d35be101e303773c44acc6f12e7351b7f61cdba44a469a91b65cb5c821ac472a,observed,observed_history_forward_replay
6,2026-08-07,spectral_contrarian,2,5,2 14 22 33 41,7 11,0,0,1.4070474980165226,100.0,95.27861462849162,77.57575757575758,f5ba78c4df089edb944f149889e4052195d4d420cdbd5abb89cd67c8ba141735,observed,observed_history_forward_replay
6,2026-08-07,spectral_contrarian,2,6,7 19 31 38 50,3 11,1,0,1.4070474980165226,100.0,97.14162987050136,82.42424242424242,4d2e371495d2a76b082e87dd4caa184f0afa0417df7277e61600180595edabef,observed,observed_history_forward_replay
6,2026-08-07,spectral_contrarian,2,7,4 16 23 35 47,3 7,2,0,1.4070474980165226,100.0,96.12484737109642,85.30303030303031,189896d512c06fac297c43b6520a24af83da0e256b8f33da0ad975f5f8e12a65,observed,observed_history_forward_replay
6,2026-08-07,spectral_contrarian,2,8,1 13 21 32 40,7 11,0,0,1.4070474980165226,100.0,94.90622685991661,82.27272727272727,57e66298a2999c08608107debd1cc550ba0a2a9b7326838859f9ad55fc0d4b56,observed,observed_history_forward_replay
6,2026-08-07,spectral_contrarian,2,9,3 15 22 34 46,2 7,0,1,1.4070474980165226,100.0,97.22012517314712,79.54545454545455,39c10cad497fc36e75f039bd996138cb6398ba89d4614bd7269621c46a70eae5,observed,observed_history_forward_replay
6,2026-08-07,spectral_contrarian,2,10,12 19 31 39 50,6 11,0,0,1.4070474980165226,100.0,98.26845873537715,83.93939393939395,0fa692a0ceaeee5d8b5710f5b357c43612b6eb4a6e681af18061d94cb938cc1d,observed,observed_history_forward_replay
6,2026-08-07,spectral_contrarian,2,11,2 14 21 33 45,2 7,0,1,1.4070474980165226,100.0,93.22206027949393,85.75757575757576,4b92e66609d8594b39d7eefc4fc4dd27e444b7f410fc41c4462edafbda12b6bc,observed,observed_history_forward_replay
6,2026-08-07,spectral_contrarian,2,12,11 18 30 38 49,6 11,1,0,1.4070474980165226,100.0,97.18484447113012,75.9090909090909,1c0c88bb15cbece888c2fe96e4f143fce016521befdc1178bce1ae6a939fa40f,observed,observed_history_forward_replay
6,2026-08-07,parallax,6,1,38 44 46 47 50,9 11,2,0,-0.8159682676714297,50.0,99.99930633446648,82.72727272727273,d453e7097f65155eec249518e778a151b2a24fecacfbdd9a3e3ae5901263168a,observed,observed_history_forward_replay
6,2026-08-07,parallax,6,2,32 39 43 45 48,2 7,0,1,-0.8159682676714297,50.0,99.99202263203549,84.69696969696969,d9bf0e7480c2c7ba7d38e38fdf034a81c69381827df0247817fb8fe765e23b24,observed,observed_history_forward_replay
6,2026-08-07,parallax,6,3,33 35 36 37 41,8 10,1,0,-0.8159682676714297,50.0,99.93559206825854,82.57575757575758,429df1ded2b8d9ab3251749f5e5ec65834498088051ccb847a55ab89b2f9878e,observed,observed_history_forward_replay
6,2026-08-07,parallax,6,4,13 26 31 40 49,1 4,1,1,-0.8159682676714297,50.0,98.35720372241866,81.66666666666667,ae9c184ed5c92da3515988d4072bc74bb043a97877e5e8d99132492460171af9,observed,observed_history_forward_replay
6,2026-08-07,parallax,6,5,3 5 22 25 34,3 12,0,0,-0.8159682676714297,50.0,83.72512306919556,80.15151515151516,a952b7006b19cc924113ec5b21a9e2152593a8b1186ac19add4caf6d74ac9757,observed,observed_history_forward_replay
6,2026-08-07,parallax,6,6,16 19 28 36 42,5 6,0,0,-0.8159682676714297,50.0,96.74348146330438,86.2121212121212,83c183f00e2bfd8a19303b97dbe66808d4c410756d6a11ae31323f48a91384ea,observed,observed_history_forward_replay
6,2026-08-07,parallax,6,7,11 23 24 29 30,1 2,1,2,-0.8159682676714297,50.0,80.19910815055246,84.54545454545455,261bfea13dbe4da71dbe0d1062c6c810eb937c44b5c4adb807f09732e18ecb64,observed,observed_history_forward_replay
6,2026-08-07,parallax,6,8,2 8 14 17 18,4 12,0,0,-0.8159682676714297,50.0,0.0,83.78787878787878,0a1298e413f6923317521c2005265643dd272cb230a9be8dde306ac4aff8fea5,observed,observed_history_forward_replay
6,2026-08-07,parallax,6,9,1 4 15 20 46,5 9,0,0,-0.8159682676714297,50.0,82.96917218196329,81.51515151515152,feea2c9117935542e796eb71aca5241d3312330a39735b7998174f1dd320b882,observed,observed_history_forward_replay
6,2026-08-07,parallax,6,10,9 12 27 40 48,6 7,0,0,-0.8159682676714297,50.0,96.94189942729234,84.09090909090911,367782c479599e617f315604c8605c2f9e32a8505be9495216edd4d83e509de2,observed,observed_history_forward_replay
6,2026-08-07,parallax,6,11,3 7 10 36 44,3 10,0,0,-0.8159682676714297,50.0,88.87542505004656,86.06060606060606,1ece88833138c853ccc006d8364180e35fa8cd81ddaadad803fe7c5aba3c51b2,observed,observed_history_forward_replay
6,2026-08-07,parallax,6,12,15 21 34 41 43,8 11,0,0,-0.8159682676714297,50.0,99.33178478364425,85.0,a13c6b64f543125c5dae6266f0ad5fd3d444cdbbf24889c6f0ed9b79c9b117ec,observed,observed_history_forward_replay
6,2026-08-07,coordinated_aggregation,7,1,38 44 46 47 50,9 11,2,0,-0.8159682676714297,50.0,99.99930633446648,82.72727272727273,bcb6e20adaa326a9ea6c529fd184aa679418fde5806241775ef29194bb64f7f7,observed,observed_history_forward_replay
6,2026-08-07,coordinated_aggregation,7,2,32 39 43 45 48,2 7,0,1,-0.8159682676714297,50.0,99.99202263203549,84.69696969696969,b1771980f8b32fb1be4929e2dbcacb4bdd8685a20d687342d576229422d092a4,observed,observed_history_forward_replay
6,2026-08-07,coordinated_aggregation,7,3,33 35 36 37 41,8 10,1,0,-0.8159682676714297,50.0,99.93559206825854,82.57575757575758,3a996c5376b53cb703b149aac157dfc35203752041b3bf0d8ced4380f3ce9d07,observed,observed_history_forward_replay
6,2026-08-07,coordinated_aggregation,7,4,13 26 31 40 49,1 4,1,1,-0.8159682676714297,50.0,98.35720372241866,81.66666666666667,58e25c837963a8487b58a5200c2b0536c7cc69c5b18af676ace0be5d43701be4,observed,observed_history_forward_replay
6,2026-08-07,coordinated_aggregation,7,5,3 5 22 25 34,3 12,0,0,-0.8159682676714297,50.0,83.72512306919556,80.15151515151516,85a7e24f422507043e776c0a62f4ef135d0187b07b6c8b26a422deb399d0b1db,observed,observed_history_forward_replay
6,2026-08-07,coordinated_aggregation,7,6,16 19 28 36 42,5 6,0,0,-0.8159682676714297,50.0,96.74348146330438,86.2121212121212,5376d53581bcfc889d373363bbdf9a59124af3dd9e67b9ccdc7709554fe7f87f,observed,observed_history_forward_replay
6,2026-08-07,coordinated_aggregation,7,7,11 23 24 29 30,1 2,1,2,-0.8159682676714297,50.0,80.19910815055246,84.54545454545455,56359f2cf0cce928ce8a9584f1f7c0d0db6a08c2fdd24dc6bfe74bd347d75a4a,observed,observed_history_forward_replay
6,2026-08-07,coordinated_aggregation,7,8,2 8 14 17 18,4 12,0,0,-0.8159682676714297,50.0,0.0,83.78787878787878,908b4b692fda93d592a98c12abf6444a2c77a374f96a970d1ae02bf91f627b31,observed,observed_history_forward_replay
6,2026-08-07,coordinated_aggregation,7,9,1 4 15 20 46,5 9,0,0,-0.8159682676714297,50.0,82.96917218196329,81.51515151515152,4951ff72f96ca14c1160e9a19e7b1c63e3e5a617429f66f8f3e4183617224d3e,observed,observed_history_forward_replay
6,2026-08-07,coordinated_aggregation,7,10,9 12 27 40 48,6 7,0,0,-0.8159682676714297,50.0,96.94189942729234,84.09090909090911,939af36bb7bb85833e5230ab985631312cdd79522877f945ae4d9449c4fc153e,observed,observed_history_forward_replay
6,2026-08-07,coordinated_aggregation,7,11,3 7 10 36 44,3 10,0,0,-0.8159682676714297,50.0,88.87542505004656,86.06060606060606,865d0472634acf612858e3ef6e8381fd6ccb46629eb0e2a7f9f03132a043a8d9,observed,observed_history_forward_replay
6,2026-08-07,coordinated_aggregation,7,12,15 21 34 41 43,8 11,0,0,-0.8159682676714297,50.0,99.33178478364425,85.0,4030be9b499939e10adc01ebf1a695246faab303267a26460f9105374745bc1d,observed,observed_history_forward_replay
7,2026-08-11,uniform_random,4,1,22 27 39 40 43,5 7,0,0,0.0,0.0,99.86213620500182,76.36363636363637,cfd5a1a40b1595582b13621823be4d405fd1a56d664507f6f673b3b2822c9ab6,observed,observed_history_forward_replay
7,2026-08-11,uniform_random,4,2,3 4 14 38 49,2 6,1,1,0.0,0.0,95.63990118457755,80.3030303030303,53a596913ada8278ff84792ff3ef14ef521c5b36853804713adca8046634e3bf,observed,observed_history_forward_replay
7,2026-08-11,uniform_random,4,3,3 4 13 21 22,5 8,1,0,0.0,0.0,61.13727152484512,79.0909090909091,374ddecab34fe36af98c7cf4bf7a79b683e8a24b330782ea2b919e7f29ecdcd1,observed,observed_history_forward_replay
7,2026-08-11,uniform_random,4,4,1 4 36 37 45,5 12,0,0,0.0,0.0,99.41380591910483,81.06060606060606,aef8d92c784240a079028fc6feb4bf6e69a1b596655793c7097ee4079bb9f721,observed,observed_history_forward_replay
7,2026-08-11,uniform_random,4,5,3 9 25 31 42,4 12,1,0,0.0,0.0,92.66125383071885,85.75757575757576,d3203898496f2f4063956f1229fa8a86bf77f7571b032a52e8706017d466b1cc,observed,observed_history_forward_replay
7,2026-08-11,uniform_random,4,6,22 30 33 48 49,4 8,1,0,0.0,0.0,99.82239417976132,76.36363636363637,16f79ec95275b6a1fda7029b94d7f099ebf5e58794d8d173ad2751710882ff5f,observed,observed_history_forward_replay
7,2026-08-11,uniform_random,4,7,26 41 42 45 48,5 12,1,0,0.0,0.0,99.95608835739532,89.69696969696969,04860dd717c07ad2121bd2dfebb2d5653093ada46de910da6009477bbb0b17be,observed,observed_history_forward_replay
7,2026-08-11,uniform_random,4,8,2 6 24 25 32,1 8,0,1,0.0,0.0,93.28076732475814,83.63636363636363,4d3c8c182e5234f18ed1dc74f54520421ba41f2c5b62ba286476fb73caddc72c,observed,observed_history_forward_replay
7,2026-08-11,uniform_random,4,9,4 7 23 24 45,5 8,0,0,0.0,0.0,91.84126442056154,86.06060606060606,8b412c8d3bfc4e19797333f63a5c440039ac55359ed2c1337574d2a50bd0b084,observed,observed_history_forward_replay
7,2026-08-11,uniform_random,4,10,8 17 22 35 38,3 8,1,0,0.0,0.0,98.27368465827816,80.90909090909092,6c9d9a939674f57963237e2c7e3d29fde6837ee877b949e16e587713c39269e3,observed,observed_history_forward_replay
7,2026-08-11,uniform_random,4,11,17 21 25 37 38,2 5,1,1,0.0,0.0,99.06480366708277,87.42424242424242,91683b9feb1346137ec05a433717578f055057d3209633fdb89dfd00a91dc962,observed,observed_history_forward_replay
7,2026-08-11,uniform_random,4,12,4 15 27 29 34,6 7,0,0,0.0,0.0,96.45688917343158,86.66666666666666,bd1c1d377472657793768490b6c5c5d1f3a58991d75e9c4d3752386de8348c73,observed,observed_history_forward_replay
7,2026-08-11,frequency,7,1,2 22 34 40 46,2 4,1,1,-1.467445096001485,71.42857142857143,99.69957013272418,78.48484848484848,7a660b1d64e35e414a40e985bacf0c4a49eca1e0a153276a015968a21c745ed0,observed,observed_history_forward_replay
7,2026-08-11,frequency,7,2,3 7 23 27 31,2 6,1,1,-1.467445096001485,71.42857142857143,74.54965785357422,86.66666666666666,21077b6311c8fe2c717ae4e6399d05a0f049cbc51ccd447c8455a6d3be71a1f4,observed,observed_history_forward_replay
7,2026-08-11,frequency,7,3,1 15 33 45 50,5 9,0,0,-1.467445096001485,71.42857142857143,99.69957013272418,80.30303030303031,5fc171e142d5fd0bcc86d70a024ece2b03548126eb0ca42a1cbe07f3f12eb87f,observed,observed_history_forward_replay
7,2026-08-11,frequency,7,4,3 6 22 26 34,10 11,1,0,-1.467445096001485,71.42857142857143,93.4811061631246,79.24242424242424,4de0b334631d99954dbe13786d1fcf0a263ceb4aa183a1dd2e50615881911956,observed,observed_history_forward_replay
7,2026-08-11,frequency,7,5,14 16 30 31 44,4 9,0,0,-1.467445096001485,71.42857142857143,97.4398896881106,84.09090909090908,9b5f0ae9695cd34f92c465171c47a601b798fc018f608d4070c52293c8f52b79,observed,observed_history_forward_replay
7,2026-08-11,frequency,7,6,23 35 44 45 46,5 6,1,0,-1.467445096001485,71.42857142857143,99.9483507656717,90.75757575757576,3b9e32bcdaf81aa196066a8fcab039159b2579cd16460144c04dc3513ecd2d73,observed,observed_history_forward_replay
7,2026-08-11,frequency,7,7,3 6 10 12 14,2 6,1,1,-1.467445096001485,71.42857142857143,0.0,85.15151515151516,76c4a472605d10a2720d9190fb8d44c1b6394253366e2baaa6d0d6f65f0da48e,observed,observed_history_forward_replay
7,2026-08-11,frequency,7,8,24 26 33 38 39,10 12,0,0,-1.467445096001485,71.42857142857143,99.83553851176042,81.81818181818181,25ad8d2a7bae47ac2cbdba593b6509a93f1c9705ee45c107d511c65f9e2d6017,observed,observed_history_forward_replay
7,2026-08-11,frequency,7,9,12 19 27 36 39,2 3,0,1,-1.467445096001485,71.42857142857143,99.05857355525521,85.60606060606061,484b31023d0a0e84ee6904943c39a3c9bb0804ea3594f6713995ab2d5e163608,observed,observed_history_forward_replay
7,2026-08-11,frequency,7,10,4 13 16 29 35,3 7,0,0,-1.467445096001485,71.42857142857143,93.62116912072726,86.36363636363636,d97813a423b50fdb3f54de79b683d8f208591c6589819e03161a22fcfa2866bd,observed,observed_history_forward_replay
7,2026-08-11,frequency,7,11,5 8 17 21 43,5 12,1,0,-1.467445096001485,71.42857142857143,90.65113249249119,86.06060606060606,7c42cd4bd52efc560201f489abd354b892d2cdff7ceae3697ff76d3ab402ade3,observed,observed_history_forward_replay
7,2026-08-11,frequency,7,12,14 23 28 31 43,1 5,0,1,-1.467445096001485,71.42857142857143,96.38132482403253,83.63636363636363,84ac7bd7b47e037b4916afc4ae0db5f7a4693786ae025014c43d406cd6459782,observed,observed_history_forward_replay
7,2026-08-11,unpopularity,1,1,40 41 44 48 50,7 10,1,0,3.9025400747449646,100.0,99.99927847443021,83.18181818181817,7dd859cfbf627c5514719440989ee26078e1014ea2b48f092ba432b853f7e943,observed,observed_history_forward_replay
7,2026-08-11,unpopularity,1,2,37 44 45 46 50,3 5,1,0,3.9025400747449646,100.0,99.99912751027776,86.66666666666666,fc403a77bdb022fc1366a7a517c6ed55eed7863df5965fc05bf6212320e18db5,observed,observed_history_forward_replay
7,2026-08-11,unpopularity,1,3,36 44 45 46 50,3 11,1,0,3.9025400747449646,100.0,99.99897424717884,84.09090909090908,1421bf57576cf564ecba09b28cddfadf1d543405728ddaed61adeba951bfe819,observed,observed_history_forward_replay
7,2026-08-11,unpopularity,1,4,37 41 46 47 48,10 11,2,0,3.9025400747449646,100.0,99.99866068357103,85.45454545454545,06e45f20a056cbc4520e720bb5132f6ecaa124d1a3ef3bbbe5e252d38c17dcaa,observed,observed_history_forward_replay
7,2026-08-11,unpopularity,1,5,34 41 45 48 50,3 5,1,0,3.9025400747449646,100.0,99.99850031143596,86.36363636363636,7df1ad2be8cba25e27c45f9457c37a54345f02efc77415b340832666e974ae6c,observed,observed_history_forward_replay
7,2026-08-11,unpopularity,1,6,37 38 45 48 50,10 12,1,0,3.9025400747449646,100.0,99.99850031143596,84.84848484848484,0b63dde64790f3c29185bdb667b567d9b297f3956e0e93a440f9ccb970f8fed8,observed,observed_history_forward_replay
7,2026-08-11,unpopularity,1,7,32 43 46 47 50,5 8,1,0,3.9025400747449646,100.0,99.99850031143596,80.45454545454544,211f0eacddf7016e47872437665a03578ff5c823593a53ba63975c5a9d969c01,observed,observed_history_forward_replay
7,2026-08-11,unpopularity,1,8,38 41 44 45 48,10 11,1,0,3.9025400747449646,100.0,99.99817220332895,86.66666666666666,6370199e5e288f9b961f13f66c2e39b8d23a6f91dba4f676e2da0f7c3630cdb2,observed,observed_history_forward_replay
7,2026-08-11,unpopularity,1,9,37 39 45 47 48,3 9,1,0,3.9025400747449646,100.0,99.99817220332895,87.12121212121214,aecf35c481eca0a53103e48807194c2d423a1549fe20d8500b031d448bd9998b,observed,observed_history_forward_replay
7,2026-08-11,unpopularity,1,10,33 41 43 47 48,4 12,1,0,3.9025400747449646,100.0,99.99748547041213,81.06060606060606,860a9790f4aa1386099bb73af44d1bbaca2eaa62de8119ddec76e4afa9709a93,observed,observed_history_forward_replay
7,2026-08-11,unpopularity,1,11,33 38 43 48 50,1 5,1,1,3.9025400747449646,100.0,99.99748547041213,79.39393939393939,9d38c2cf7ce8ea05d03e2aec6d8ce1d0c4b83d2c36682abec2a2e352b0041da4,observed,observed_history_forward_replay
7,2026-08-11,unpopularity,1,12,32 41 43 46 50,8 9,1,0,3.9025400747449646,100.0,99.99748547041213,80.60606060606061,b4f5225e0186bcd0b7ae4bf48099ee6cc1dd61f8e45f7c9138caee7593774a78,observed,observed_history_forward_replay
7,2026-08-11,gingerm,3,1,2 15 20 26 46,1 2,1,2,0.9053081914000449,85.71428571428571,96.45688917343158,85.9090909090909,ed4399228a6aaf2b3b3b4ab16a34273a1178dc1050984516187a5b7f331c5a1d,observed,observed_history_forward_replay
7,2026-08-11,gingerm,3,2,26 29 31 32 35,1 2,0,2,0.9053081914000449,85.71428571428571,99.03051942263338,86.51515151515153,27c407171c124093bbcb8b6d0cd5adddcfc4e77aa2b14b3b7e7d78f62ff9c8e4,observed,observed_history_forward_replay
7,2026-08-11,gingerm,3,3,4 20 25 27 38,1 2,0,2,0.9053081914000449,85.71428571428571,96.71543818231063,83.63636363636363,55bf7d531da4806862713de5784b02da4d813c1d2a5fa4e797d23f2e6b57d5ce,observed,observed_history_forward_replay
7,2026-08-11,gingerm,3,4,6 9 14 34 41,1 2,0,2,0.9053081914000449,85.71428571428571,96.9148039193968,84.3939393939394,2283184c24947a90cc969cbc7d9a8ed147a7b327a450f7fd9a2786a73b19a60e,observed,observed_history_forward_replay
7,2026-08-11,gingerm,3,5,2 12 19 23 25,1 2,0,2,0.9053081914000449,85.71428571428571,80.26693097131627,88.63636363636364,01296aa79170c7bd69764c7a0c4836de0022a782e6efb257c19152255f7f8380,observed,observed_history_forward_replay
7,2026-08-11,gingerm,3,6,6 12 17 23 35,1 2,1,2,0.9053081914000449,85.71428571428571,90.50862397531428,89.0909090909091,5e7b18f2774c9fecf607c3009d20eea0c098bb61648da8a5013cff00dd44e07b,observed,observed_history_forward_replay
7,2026-08-11,gingerm,3,7,8 13 19 32 46,1 2,1,2,0.9053081914000449,85.71428571428571,98.81667999597359,86.06060606060606,9ea06a8521ba17c8aed5aa8be922107390f49f2a2692ac7c18416761742b0668,observed,observed_history_forward_replay
7,2026-08-11,gingerm,3,8,6 24 27 42 45,1 2,0,2,0.9053081914000449,85.71428571428571,98.80166733501255,88.7878787878788,80ebb9c29a4cb290c93b88a8a7cd8d0c221462c256007d517ed27f256cf47921,observed,observed_history_forward_replay
7,2026-08-11,gingerm,3,9,5 20 21 41 48,1 2,1,2,0.9053081914000449,85.71428571428571,98.62572142610915,87.72727272727273,4df14ff56c09bcb57f9f2e0b3e3af2e5fa3cd7b1761f3e5609c39af9b8067641,observed,observed_history_forward_replay
7,2026-08-11,gingerm,3,10,8 23 31 42 49,1 2,0,2,0.9053081914000449,85.71428571428571,98.42825950603394,88.03030303030303,1058f9325bdd7ba44c3211b218b8264c8977bb79f845c842b76df0ccab57841d,observed,observed_history_forward_replay
7,2026-08-11,gingerm,3,11,42 43 44 46 48,1 2,2,2,0.9053081914000449,85.71428571428571,99.98986082738679,88.63636363636364,e3e43cb98c22b91947ae16e987b2d3c1cf777abeb239da1d340dc91d12799423,observed,observed_history_forward_replay
7,2026-08-11,gingerm,3,12,6 13 16 34 47,1 2,0,2,0.9053081914000449,85.71428571428571,98.78008329048671,85.15151515151516,ffb97a46e17b13d74e0ed4b20d101e505b8eff97c0f570bb37e8bb7023b8bafd,observed,observed_history_forward_replay
7,2026-08-11,spectral_contrarian,2,1,6 18 25 37 49,3 8,0,0,2.4468008355769233,100.0,98.62572142610915,80.60606060606061,44fa70cb3801cdab2cc9234df9b7da75553c89b594aac4a7ab00ef14a69433f2,observed,observed_history_forward_replay
7,2026-08-11,spectral_contrarian,2,2,4 15 22 34 42,7 12,0,0,2.4468008355769233,100.0,98.19318398335028,81.66666666666667,956e7f2fe99810562fa3e105d04765159e259ca5386de6987cd5b3347f623551,observed,observed_history_forward_replay
7,2026-08-11,spectral_contrarian,2,3,1 8 20 32 39,4 11,0,0,2.4468008355769233,100.0,97.81770645301441,83.18181818181817,3f6ac19e12f60aa072977ec8da6cbd4fa57f55e0064a9aaa4ec7b37af7c9c16e,observed,observed_history_forward_replay
7,2026-08-11,spectral_contrarian,2,4,5 17 24 36 48,3 7,2,0,2.4468008355769233,100.0,99.01447957949927,85.9090909090909,926eb4907ec5daebb17f0278d9227eea7db9ad56a0dec6f04b4021f3266ab4e6,observed,observed_history_forward_replay
7,2026-08-11,spectral_contrarian,2,5,2 14 22 33 41,7 11,0,0,2.4468008355769233,100.0,98.05063324212475,77.57575757575758,1fea1bc775fac79aa07e3a912339b96a55be283fe71666f6aa84e90dbd60c893,observed,observed_history_forward_replay
7,2026-08-11,spectral_contrarian,2,6,7 19 31 38 50,3 11,0,0,2.4468008355769233,100.0,98.81978020179399,82.57575757575758,c3467cfce4b208a1d59a24578eb0cdc04aacd5105a794d85723028aa09b7a127,observed,observed_history_forward_replay
7,2026-08-11,spectral_contrarian,2,7,4 16 23 35 47,3 7,0,0,2.4468008355769233,100.0,98.40000093728375,85.60606060606061,332ace2cb20574c8bedc55f10143f2711967c36a3d53a44fadd9a34bbedb3fa9,observed,observed_history_forward_replay
7,2026-08-11,spectral_contrarian,2,8,1 13 21 32 40,7 11,0,0,2.4468008355769233,100.0,97.89689272859653,82.27272727272727,5b60ece11322ed492d9430ac4be6fc26fee1e031ec8867bb550211c14ee64eb3,observed,observed_history_forward_replay
7,2026-08-11,spectral_contrarian,2,9,3 15 22 34 46,2 7,2,1,2.4468008355769233,100.0,98.8521870345546,79.54545454545455,ca4a2a475780a713c56dfe8f7dd90385e1ce79036a696c9aaa13834a0e17cd5e,observed,observed_history_forward_replay
7,2026-08-11,spectral_contrarian,2,10,12 19 31 39 50,6 11,0,0,2.4468008355769233,100.0,99.2849921742692,83.93939393939395,b5aab27d5ff7a9b959bc994348a41792cc5beaed72415ce14fe31c83764dc558,observed,observed_history_forward_replay
7,2026-08-11,spectral_contrarian,2,11,2 14 21 33 45,2 7,0,1,2.4468008355769233,100.0,97.20158354609556,85.75757575757576,e7ab0672d0fe8bd3ba36d34b1068d0fcae00f00fbd426c5c97956c0113790891,observed,observed_history_forward_replay
7,2026-08-11,spectral_contrarian,2,12,11 18 30 38 49,6 11,1,0,2.4468008355769233,100.0,98.83762137557368,76.06060606060605,6d7ef9854d54d8f452d70eebf2e873b0821449a3d555c30321f75cd927fa73a2,observed,observed_history_forward_replay
7,2026-08-11,parallax,5,1,40 45 46 47 50,8 9,1,0,-0.35227181927072193,42.857142857142854,100.0,81.06060606060606,55ddb86d105aa95c8e42774883414bd99472a9ff76ea6fe2ce82770a6161862d,observed,observed_history_forward_replay
7,2026-08-11,parallax,5,2,32 37 41 44 48,5 11,1,0,-0.35227181927072193,42.857142857142854,99.99557552307873,87.42424242424242,dc8a22ad9162c771875dc29c5fc9a7d9edf06b7d7106641bb5803092043529f2,observed,observed_history_forward_replay
7,2026-08-11,parallax,5,3,33 34 38 43 49,3 12,0,0,-0.35227181927072193,42.857142857142854,99.98716414200946,80.3030303030303,01fce3bc4c670a2184b8069123319fb2d6aadd04d24b4dba3c61d23198b9fedc,observed,observed_history_forward_replay
7,2026-08-11,parallax,5,4,16 29 35 36 39,4 6,0,0,-0.35227181927072193,42.857142857142854,99.72826504307734,85.60606060606061,33c4c0fec9cec215c3fb9d5fa024b715e14d13df04d58f022e02d0d9840047fe,observed,observed_history_forward_replay
7,2026-08-11,parallax,5,5,6 12 13 25 42,1 10,0,1,-0.35227181927072193,42.857142857142854,91.20010853016916,87.72727272727273,f1d123c52382d3fec24c47705948cecd6655f5b099eafd4d5d16e81f77bcc8f4,observed,observed_history_forward_replay
7,2026-08-11,parallax,5,6,2 8 19 25 28,2 7,0,1,-0.35227181927072193,42.857142857142854,70.84000143177597,85.45454545454545,8ed2a778204cef44a0a3ab9686f7ffac786f3433293f6cdc1dc629a69a280b38,observed,observed_history_forward_replay
7,2026-08-11,parallax,5,7,3 18 24 30 31,3 9,1,0,-0.35227181927072193,42.857142857142854,90.34479812515546,78.48484848484848,e5dbd81d24b5c68d6e45948572c83bb7b9c734320456a92287d35b79b3b282e9,observed,observed_history_forward_replay
7,2026-08-11,parallax,5,8,1 14 17 23 27,1 4,1,1,-0.35227181927072193,42.857142857142854,79.17405581901355,88.33333333333334,70e3656851d4aad5706a6f8f5b77617ec2bad42357c73ce487546cdcb93b2ee8,observed,observed_history_forward_replay
7,2026-08-11,parallax,5,9,9 20 21 26 33,7 10,0,0,-0.35227181927072193,42.857142857142854,94.68073786659362,84.84848484848484,05c7b28bfc3b3abe6c930012276823ca7df3f382ab19d9f3f266466c3d9a4c8b,observed,observed_history_forward_replay
7,2026-08-11,parallax,5,10,7 11 22 32 43,8 12,1,0,-0.35227181927072193,42.857142857142854,97.38875742882969,75.15151515151516,5b0cbf90440d8d1a7f8e674fb0bc5185a97228ed573678437923555f69192fb7,observed,observed_history_forward_replay
7,2026-08-11,parallax,5,11,4 34 36 37 42,2 6,0,1,-0.35227181927072193,42.857142857142854,99.85328130573929,86.36363636363636,74350a258c39766d1965d360bda2302542ba57374de07ab2a0e25d4f6452ce44,observed,observed_history_forward_replay
7,2026-08-11,parallax,5,12,15 33 37 39 50,5 11,0,0,-0.35227181927072193,42.857142857142854,99.95513915360124,82.12121212121212,b4438f09d4fed88eb166325a49950090853fadf686595853b67f6033f874cf2e,observed,observed_history_forward_replay
7,2026-08-11,coordinated_aggregation,6,1,40 45 46 47 50,8 9,1,0,-0.35227181927072193,42.857142857142854,100.0,81.06060606060606,8cadba7d79dc15f310e66edee2d7a24668924406cfd6c0fb77b020093154d03a,observed,observed_history_forward_replay
7,2026-08-11,coordinated_aggregation,6,2,32 37 41 44 48,5 11,1,0,-0.35227181927072193,42.857142857142854,99.99557552307873,87.42424242424242,a81796abd32b329aea55c2b13a778d64286899c4164ac3e1f3563649ce0a81e9,observed,observed_history_forward_replay
7,2026-08-11,coordinated_aggregation,6,3,33 34 38 43 49,3 12,0,0,-0.35227181927072193,42.857142857142854,99.98716414200946,80.3030303030303,a97f13471459efa8f859463ff520971ceb0324a0145f97e6432ede31d7dbccfa,observed,observed_history_forward_replay
7,2026-08-11,coordinated_aggregation,6,4,16 29 35 36 39,4 6,0,0,-0.35227181927072193,42.857142857142854,99.72826504307734,85.60606060606061,abc7af45b267a6bf7ab30c2cad162d5d8e8db4912c3bf065a59464354c88b452,observed,observed_history_forward_replay
7,2026-08-11,coordinated_aggregation,6,5,6 12 13 25 42,1 10,0,1,-0.35227181927072193,42.857142857142854,91.20010853016916,87.72727272727273,24583e1a3e2742d5877d60c6e3d0007066cdbb31c3882a4e1134a300b63482db,observed,observed_history_forward_replay
7,2026-08-11,coordinated_aggregation,6,6,2 8 19 25 28,2 7,0,1,-0.35227181927072193,42.857142857142854,70.84000143177597,85.45454545454545,ecaff7cf217016e5155b317047e91581aa89b56d44c55a36f5f77a4109af4da1,observed,observed_history_forward_replay
7,2026-08-11,coordinated_aggregation,6,7,3 18 24 30 31,3 9,1,0,-0.35227181927072193,42.857142857142854,90.34479812515546,78.48484848484848,20b3883c2e593ece5fddfee966e870c4ba385d902df7ebe65f2526f52ddf3f5a,observed,observed_history_forward_replay
7,2026-08-11,coordinated_aggregation,6,8,1 14 17 23 27,1 4,1,1,-0.35227181927072193,42.857142857142854,79.17405581901355,88.33333333333334,6cbfd24216310181c61860b7aadfdcc865f82508641b08d1c070c1f8b19a45b5,observed,observed_history_forward_replay
7,2026-08-11,coordinated_aggregation,6,9,9 20 21 26 33,7 10,0,0,-0.35227181927072193,42.857142857142854,94.68073786659362,84.84848484848484,d38be3216804612126b972b98e9d421be5741321b287d5a0f717977aee0de677,observed,observed_history_forward_replay
7,2026-08-11,coordinated_aggregation,6,10,7 11 22 32 43,8 12,1,0,-0.35227181927072193,42.857142857142854,97.38875742882969,75.15151515151516,ec57bc4032b3eff875fadf67f0135144f41dec194a23b8bca26fcf3be038a731,observed,observed_history_forward_replay
7,2026-08-11,coordinated_aggregation,6,11,4 34 36 37 42,2 6,0,1,-0.35227181927072193,42.857142857142854,99.85328130573929,86.36363636363636,500670246b4154e812f3e5e2e9335351d35e4aa2604fa1943befb624d900181d,observed,observed_history_forward_replay
7,2026-08-11,coordinated_aggregation,6,12,15 33 37 39 50,5 11,0,0,-0.35227181927072193,42.857142857142854,99.95513915360124,82.12121212121212,4331d8520eb8869144207c60a45a7d1598cb433a0a7641e00f5f5af0712919c2,observed,observed_history_forward_replay
8,2026-08-14,uniform_random,4,1,16 31 39 41 50,8 11,1,1,0.0,0.0,99.78891366689118,81.96969696969697,8a66a1b5ea726d5fe76795545d837096c7236f8c56901366387e8f1c446781d3,observed,observed_history_forward_replay
8,2026-08-14,uniform_random,4,2,12 16 20 21 43,4 7,0,1,0.0,0.0,91.39559092410066,84.84848484848484,e15b727c46e567b1c466d1acd030161abb6477d1134af561047dcbeaeb23bd34,observed,observed_history_forward_replay
8,2026-08-14,uniform_random,4,3,11 12 36 43 48,3 6,1,0,0.0,0.0,99.34607560159664,80.45454545454544,25cf7b5c78e76a16ba2b031bfe66b64c90eb57f8f03cc8afe919a4fabb86e6ce,observed,observed_history_forward_replay
8,2026-08-14,uniform_random,4,4,4 8 12 14 25,4 6,0,1,0.0,0.0,7.887308092579115,82.87878787878789,ad032921ded94ce97dd2ad9ceb023756db04e7887251bcc27f0b93640a40edaf,observed,observed_history_forward_replay
8,2026-08-14,uniform_random,4,5,8 27 36 41 42,8 11,0,1,0.0,0.0,99.3403286600032,86.51515151515153,dec294e07deb8ea32301f37b4c59c16d0d2d3dff618b1f0105f4951730b8b44d,observed,observed_history_forward_replay
8,2026-08-14,uniform_random,4,6,6 22 30 32 41,7 10,0,0,0.0,0.0,98.35759007594427,76.06060606060606,77acbd2aa7a581577c71295945b427b7fc44c471e803c2c1eae60e1216ca8e6c,observed,observed_history_forward_replay
8,2026-08-14,uniform_random,4,7,23 24 46 48 50,3 8,1,1,0.0,0.0,99.83227390060688,86.66666666666666,e44e25f724bd4404e969f2910419d4d9361d93dd42956ccff58a8c95f36e6b63,observed,observed_history_forward_replay
8,2026-08-14,uniform_random,4,8,11 31 40 47 50,3 4,0,1,0.0,0.0,99.70744397141846,77.42424242424242,57723d8622bf4cbab65aac8a2ccfef468fc8451749dd227409dc32de4f93c1d7,observed,observed_history_forward_replay
8,2026-08-14,uniform_random,4,9,5 9 26 27 32,2 6,1,0,0.0,0.0,90.22345987678443,85.60606060606061,5ff6b177ea0e01139d29e265cabda7841b892f7378dfb5638bc5f7d914fa553f,observed,observed_history_forward_replay
8,2026-08-14,uniform_random,4,10,10 11 15 37 48,6 7,1,0,0.0,0.0,97.31523886138923,86.51515151515153,b21f87d9765d664209be5c1225ec561570be12d2a50f7ffc8d555b4555fcf13b,observed,observed_history_forward_replay
8,2026-08-14,uniform_random,4,11,1 2 10 20 50,5 8,0,1,0.0,0.0,82.5558001233817,84.84848484848484,1619ec11a0256ae8ce72976d489f1426416651dc90fac565b68826a782e50574,observed,observed_history_forward_replay
8,2026-08-14,uniform_random,4,12,5 17 36 41 50,5 6,1,0,0.0,0.0,99.53027317112648,83.33333333333334,38a529ff353a34d66ec3271b3f9c05aaa0d770a89df8c1bb85013c910abfbe36,observed,observed_history_forward_replay
8,2026-08-14,frequency,7,1,14 16 17 36 44,3 12,0,0,-3.568246281704257,62.5,98.12835998727367,86.51515151515153,6f0ab4e00b8bcf29f27c1b97f771c4617c318c2fce8274016095683167b175f8,observed,observed_history_forward_replay
8,2026-08-14,frequency,7,2,4 5 17 44 46,3 12,1,0,-3.568246281704257,62.5,97.10321566153542,86.81818181818181,2fbe4fb390e0baffb5ea9cc3e757f0647eb74ec28c4490c44112f5b91fbabcb6,observed,observed_history_forward_replay
8,2026-08-14,frequency,7,3,5 6 8 26 27,8 12,1,1,-3.568246281704257,62.5,46.40810391662418,85.15151515151516,fe18afd6ee788a04451f0337f55a4afe49505483ebf1f2c9872a584abb519cb5,observed,observed_history_forward_replay
8,2026-08-14,frequency,7,4,16 22 25 38 43,8 11,0,1,-3.568246281704257,62.5,99.04284335772293,75.9090909090909,fefcf0de695904ca351909e2b383b85d3d00b63a80b283fb611e019280438ec7,observed,observed_history_forward_replay
8,2026-08-14,frequency,7,5,7 16 23 29 33,6 8,1,1,-3.568246281704257,62.5,90.85835532143585,86.2121212121212,3801d41cd6185467bb1725d3e0d86c7291f1e11374da9c03c69108a857ec9e5a,observed,observed_history_forward_replay
8,2026-08-14,frequency,7,6,8 21 24 32 34,3 10,0,0,-3.568246281704257,62.5,97.03349465580749,86.66666666666666,bfc3f41033b6900b55cd7fe05cd8e62a917f7f14c6dd18847eccfc6b2230601a,observed,observed_history_forward_replay
8,2026-08-14,frequency,7,7,3 15 16 24 29,7 9,1,0,-3.568246281704257,62.5,78.21317295893508,84.84848484848484,586437479710cbc00f866096f0a8953e4c7de2f9ad7d215caafc22201a7dd5ab,observed,observed_history_forward_replay
8,2026-08-14,frequency,7,8,2 5 10 12 24,3 10,1,0,-3.568246281704257,62.5,0.0,87.27272727272727,f4662b0365417d88114156a3adf96ea3df664d3622813774e547a2061ebb2b81,observed,observed_history_forward_replay
8,2026-08-14,frequency,7,9,2 10 13 14 26,4 6,0,1,-3.568246281704257,62.5,36.16925810284762,88.63636363636364,49f64624b64d844416252ac460f465c63259fa5b15306c358b485062c0d63059,observed,observed_history_forward_replay
8,2026-08-14,frequency,7,10,5 8 10 36 42,5 8,1,1,-3.568246281704257,62.5,92.342202983891,87.87878787878789,0ac07e706b0f19750249ea8cc5338c339a8f45473eb0bfac6389e882a97de456,observed,observed_history_forward_replay
8,2026-08-14,frequency,7,11,16 24 27 35 36,2 12,0,0,-3.568246281704257,62.5,98.41752462372975,85.15151515151516,6581fc251815c7e352e91a3810e3f87d224fd7fe2b331fd4b99a3133d1a1643e,observed,observed_history_forward_replay
8,2026-08-14,frequency,7,12,5 21 27 31 49,1 6,2,0,-3.568246281704257,62.5,90.60184866772299,85.9090909090909,af566649fcb911b15320b997dfbcf360e445d24fe2ca1de077d1c5798530bf32,observed,observed_history_forward_replay
8,2026-08-14,unpopularity,1,1,36 40 47 48 50,3 9,1,0,3.4880224933421466,100.0,99.99898528017532,79.6969696969697,1a44c891b89824f2e930ac0ee5863bfd9dce4ca7d0c0ce85b804761e06fac688,observed,observed_history_forward_replay
8,2026-08-14,unpopularity,1,2,38 39 45 47 50,4 11,1,1,3.4880224933421466,100.0,99.99845444724225,82.57575757575758,c733a388e89e07b5bd543acc0b27991661142cdcda432176d401ab2cec039f48,observed,observed_history_forward_replay
8,2026-08-14,unpopularity,1,3,45 46 47 48 50,5 9,1,0,3.4880224933421466,100.0,99.99835733371393,85.0,a48ee1fedf41ba58d4fb741c72781b93b2b3f4f44dfb0fb4cca207cede1b1d9c,observed,observed_history_forward_replay
8,2026-08-14,unpopularity,1,4,33 39 46 47 50,1 3,1,0,3.4880224933421466,100.0,99.99734340962783,81.06060606060606,f94e9455d7a7c382f64c18155f3fa72da4b6daaadc230dc3f3d9234b173cf374,observed,observed_history_forward_replay
8,2026-08-14,unpopularity,1,5,32 39 46 48 50,2 4,2,1,3.4880224933421466,100.0,99.99734340962783,84.3939393939394,ceeead70c4fb76c8f2c9b52be814a44e992da5b162105760681c5b6861b9e05a,observed,observed_history_forward_replay
8,2026-08-14,unpopularity,1,6,36 37 45 47 48,1 7,1,0,3.4880224933421466,100.0,99.99676218972725,85.30303030303031,93f01f2009a9845cd3d84eb7097b5730b9dffd21c049d29e1536657f7a1341cd,observed,observed_history_forward_replay
8,2026-08-14,unpopularity,1,7,33 39 44 46 50,5 7,1,0,3.4880224933421466,100.0,99.99646492475745,83.33333333333334,327f13579a2ab2ba9f2eb72325c9bd16a2d2c779bfd0cbe3c3ed2f3328e6b37a,observed,observed_history_forward_replay
8,2026-08-14,unpopularity,1,8,33 41 44 45 48,10 11,1,0,3.4880224933421466,100.0,99.99616313290993,86.2121212121212,5ef64f25ac1cdf1d43c348b3333857458c98452927a69453875337f4637a4fbe,observed,observed_history_forward_replay
8,2026-08-14,unpopularity,1,9,33 39 43 47 48,7 8,2,1,3.4880224933421466,100.0,99.99585674524747,81.81818181818181,ad6a07759cdc247baf89eaf955b071595183346e8ab5148907eb8500d411403d,observed,observed_history_forward_replay
8,2026-08-14,unpopularity,1,10,37 38 41 43 50,2 11,0,0,3.4880224933421466,100.0,99.99554569178305,80.60606060606061,532fc8a0d7997aa8e68a94654d70cbe2e45a6914e5447ff2c9be13b0da32e501,observed,observed_history_forward_replay
8,2026-08-14,unpopularity,1,11,33 41 43 44 47,10 11,0,0,3.4880224933421466,100.0,99.99522990146384,81.66666666666667,20a00eba173a3ac3b4b591aed64e185045fdb2e89afd836ead5187d4f807cfe6,observed,observed_history_forward_replay
8,2026-08-14,unpopularity,1,12,34 40 43 45 46,1 9,0,0,3.4880224933421466,100.0,99.99522990146384,82.72727272727273,2b19ea07a2b5699f3a864047476f1b46c844ec5573ebdda27273fd252837c92c,observed,observed_history_forward_replay
8,2026-08-14,gingerm,3,1,2 3 34 47 48,1 2,1,0,1.1353721451362375,87.5,99.1627320057156,86.66666666666666,3d8bd7e27720a5d30d60fa02cfea3449fbd714faf721175db23a06a8fcaa2c92,observed,observed_history_forward_replay
8,2026-08-14,gingerm,3,2,3 12 44 46 49,1 2,1,0,1.1353721451362375,87.5,99.06994708824006,85.15151515151516,c3e2c3030b0863935c13fbd73303465867ecf17f9f830c8410e99df461a2dc2f,observed,observed_history_forward_replay
8,2026-08-14,gingerm,3,3,8 11 38 42 48,1 2,1,0,1.1353721451362375,87.5,98.96434125786672,85.45454545454545,0ae2b02b9bd4ede075ee52b75ecb1d457d83bddb1db619eef7516ff801499176,observed,observed_history_forward_replay
8,2026-08-14,gingerm,3,4,13 30 37 44 47,1 2,0,0,1.1353721451362375,87.5,99.76733167791167,86.2121212121212,d4ad771b80e0697acdee3d7a09fb51b6567a12fb12b834aacb8ee8eb1f48554b,observed,observed_history_forward_replay
8,2026-08-14,gingerm,3,5,3 5 17 23 33,1 2,1,0,1.1353721451362375,87.5,87.16176617309426,86.51515151515153,aa3d3996a8b4c1bb080a3b81747c4dea8d2a730714876b4ae67a8f77087cb93f,observed,observed_history_forward_replay
8,2026-08-14,gingerm,3,6,5 19 29 30 42,1 2,2,0,1.1353721451362375,87.5,92.93334999977458,89.24242424242424,d443a3e9d98a7d0a5065cc1e8f61715639590e2e3120bd962f0326b39e8c69be,observed,observed_history_forward_replay
8,2026-08-14,gingerm,3,7,9 11 13 40 50,1 2,0,0,1.1353721451362375,87.5,97.39566243839108,79.39393939393939,ef914ca53558f1a744b6670469f0f96ebe9281963dd1dfc3f4498608b277fd32,observed,observed_history_forward_replay
8,2026-08-14,gingerm,3,8,16 20 26 39 41,1 2,1,0,1.1353721451362375,87.5,99.01296971694526,85.30303030303031,91962e048f5a66515af365a7090912086aa900ce88abbaed0a3b43ae9edf4452,observed,observed_history_forward_replay
8,2026-08-14,gingerm,3,9,4 10 14 31 35,1 2,0,0,1.1353721451362375,87.5,76.25284541244697,85.60606060606061,fdec3ac2633f1c5577b150c703d18ed4cefe41488cd85f2ea0840571f4290206,observed,observed_history_forward_replay
8,2026-08-14,gingerm,3,10,6 10 20 40 45,1 2,0,0,1.1353721451362375,87.5,97.31523886138923,84.84848484848484,277167a489e72526c2b9c1756907d53fc4d6759ed2a3e9f350aa958f9e3c8d7d,observed,observed_history_forward_replay
8,2026-08-14,gingerm,3,11,23 25 29 35 47,1 2,1,0,1.1353721451362375,87.5,98.8523078327802,89.0909090909091,fb368a572c0d2a59cac7d6bd082b95d1204886307b8da8c56f190dbad8c1c932,observed,observed_history_forward_replay
8,2026-08-14,gingerm,3,12,4 10 14 32 48,1 2,1,0,1.1353721451362375,87.5,95.08509098357825,85.9090909090909,36298933987cabc89ed05458e5e727304531161a14eb37b5e998c35af7a1459b,observed,observed_history_forward_replay
8,2026-08-14,spectral_contrarian,2,1,6 18 25 37 49,3 8,1,1,2.032926228052734,100.0,97.67420075564957,80.60606060606061,fee277112767a22f47f3383da4a35ae84c7d527671bd7e00644227fc1a4338cd,observed,observed_history_forward_replay
8,2026-08-14,spectral_contrarian,2,2,4 15 22 34 42,7 12,0,0,2.032926228052734,100.0,96.94195659945659,81.66666666666667,ba11a780c64292349a0949eb9c7748a96864b4776e107b29a02495b198909f4a,observed,observed_history_forward_replay
8,2026-08-14,spectral_contrarian,2,3,1 8 20 32 39,4 11,1,1,2.032926228052734,100.0,96.3063093694352,83.18181818181817,c12d7cf8516b68788b5ea951ababb848d7e2fdec0adc24e646907b921ada86ef,observed,observed_history_forward_replay
8,2026-08-14,spectral_contrarian,2,4,5 17 24 36 48,3 7,2,0,2.032926228052734,100.0,98.33233079908945,86.2121212121212,bc93d3a8044b6331ee1035e87a16ba3bf58eb9464af4a61195e02409b6faab29,observed,observed_history_forward_replay
8,2026-08-14,spectral_contrarian,2,5,2 14 22 33 41,7 11,0,0,2.032926228052734,100.0,96.70063194890704,77.57575757575758,f5622b029ee0ec4439f9562ab0f2675de24ec4c1050ed06bfc3753601fecade9,observed,observed_history_forward_replay
8,2026-08-14,spectral_contrarian,2,6,7 19 31 38 50,3 11,0,0,2.032926228052734,100.0,98.00272353866418,82.57575757575758,0f9a1c65f117ca967ca17b166a95c5469de0f021e902b91c6ef10316ef2c95e5,observed,observed_history_forward_replay
8,2026-08-14,spectral_contrarian,2,7,4 16 23 35 47,3 7,0,0,2.032926228052734,100.0,97.29207774724318,85.60606060606061,d5b32aa090dfa1058876c272e5d25f264542ba4e92be73003b3556f09cb19e10,observed,observed_history_forward_replay
8,2026-08-14,spectral_contrarian,2,8,1 13 21 32 40,7 11,0,0,2.032926228052734,100.0,96.44036409352069,82.27272727272727,722a1d71baa54ad660367de194de6cb208f2665f9fb2f18651fb6bf535af6a4e,observed,observed_history_forward_replay
8,2026-08-14,spectral_contrarian,2,9,3 15 22 34 46,2 7,0,0,2.032926228052734,100.0,98.05758517967804,79.84848484848486,4052f12f334f426d707d871bdc0cacd088434740667fed079184dc855ba478ea,observed,observed_history_forward_replay
8,2026-08-14,spectral_contrarian,2,10,12 19 31 39 50,6 11,1,0,2.032926228052734,100.0,98.79028252098769,83.93939393939395,4eb15ab1a6cf0316be754155c0ac0c7610588223757992c9ac8452d168af2f50,observed,observed_history_forward_replay
8,2026-08-14,spectral_contrarian,2,11,2 14 21 33 45,2 7,0,0,2.032926228052734,100.0,95.26327273609692,85.75757575757576,17b1022f57dc8cf38db49bc56dc15c18ce600c7d8f761e4cfada982698a45d54,observed,observed_history_forward_replay
8,2026-08-14,spectral_contrarian,2,12,11 18 30 38 49,6 11,1,0,2.032926228052734,100.0,98.0329269244254,76.2121212121212,9c18821d9379d9a91588afd95e15babb5154199c981656816f2d2f9f172816e3,observed,observed_history_forward_replay
8,2026-08-14,parallax,5,1,38 44 45 48 50,10 12,1,0,-2.8504803629691433,37.5,100.0,85.9090909090909,8ea57db5b0c9596aab895e3ef5e3ea959e21873ea9f2c31999787ab2415e9377,observed,observed_history_forward_replay
8,2026-08-14,parallax,5,2,32 36 40 46 47,8 11,0,1,-2.8504803629691433,37.5,99.99288053742804,79.39393939393939,e860bc7f6ffc4b5e7628f68ea6376bd180c9f8eca48881696c7c5fc81707ca1e,observed,observed_history_forward_replay
8,2026-08-14,parallax,5,3,33 34 37 41 42,4 5,0,1,-2.8504803629691433,37.5,99.95989528624355,87.57575757575758,22ce2d8cbb9fc96e9ad729ce3b0dc280b33e955c490a8fad69b8475032684090,observed,observed_history_forward_replay
8,2026-08-14,parallax,5,4,24 29 30 43 49,1 7,2,0,-2.8504803629691433,37.5,99.1023308794185,82.12121212121211,a83f85427797a47c7d665673f930e69cb7a2734d64238a2cd91ffed0ac6d40f9,observed,observed_history_forward_replay
8,2026-08-14,parallax,5,5,5 20 22 28 39,2 9,2,0,-2.8504803629691433,37.5,91.65227201843527,79.6969696969697,bc5822e804544012a01c8fe986c8a6ab594125e91f90c9a5108f66da963b4cc2,observed,observed_history_forward_replay
8,2026-08-14,parallax,5,6,7 11 13 14 27,3 6,0,0,-2.8504803629691433,37.5,13.860281151003528,85.30303030303031,fc1d7319bbd571ffdcccd8f3320fd5d290e8def6acb4ca3c41e5433fde561c64,observed,observed_history_forward_replay
8,2026-08-14,parallax,5,7,4 12 18 25 35,8 12,0,1,-2.8504803629691433,37.5,84.17399113810167,81.21212121212122,c3919d0018586920789966c0e72ca014fa28dea5b323d9b0cf31c23353b57c2c,observed,observed_history_forward_replay
8,2026-08-14,parallax,5,8,6 9 15 21 31,5 9,0,0,-2.8504803629691433,37.5,50.635657776130095,83.48484848484847,f5e2af359536e8825e9aa170a61370f116d20170925706dbd85aeb1931dc1da8,observed,observed_history_forward_replay
8,2026-08-14,parallax,5,9,1 2 3 16 49,4 6,1,1,-2.8504803629691433,37.5,68.61750554560773,81.81818181818181,8ddb2c689e8a968eb72c183ec53b69b47ef1dbc6d0e2b7d55c5965b160e99949,observed,observed_history_forward_replay
8,2026-08-14,parallax,5,10,8 10 13 19 23,3 7,0,0,-2.8504803629691433,37.5,62.299099737485975,90.75757575757576,66f1c16c9f01c0dfbd377af41a7ec402a5e538e089738a0f8745ba45f9ea780b,observed,observed_history_forward_replay
8,2026-08-14,parallax,5,11,17 22 26 31 44,1 2,0,0,-2.8504803629691433,37.5,97.32761401417227,82.42424242424242,03cf1b97b8c8f7df464af246076584d75e7ea45082afcaf2018d8bc8fd0041d7,observed,observed_history_forward_replay
8,2026-08-14,parallax,5,12,1 39 41 47 48,10 11,2,0,-2.8504803629691433,37.5,99.89198876218425,83.33333333333334,0ed918e3dc15c572bd2ccba350742541f7abd332ce7424f7b63e960bb1915bd2,observed,observed_history_forward_replay
8,2026-08-14,coordinated_aggregation,6,1,38 44 45 48 50,10 12,1,0,-2.8504803629691433,37.5,100.0,85.9090909090909,1aa9a1eac97838047ae1e2500960e7b67ee14d37c038fc45fceda6a5d5d07cda,observed,observed_history_forward_replay
8,2026-08-14,coordinated_aggregation,6,2,32 36 40 46 47,8 11,0,1,-2.8504803629691433,37.5,99.99288053742804,79.39393939393939,5d39a8c086fa837454e09e1943e0496c73e548460d3b8c084731d356bd7660a9,observed,observed_history_forward_replay
8,2026-08-14,coordinated_aggregation,6,3,33 34 37 41 42,4 5,0,1,-2.8504803629691433,37.5,99.95989528624355,87.57575757575758,2f766087af5af32a8bab93d24864ee14315a4d9ea75fc0a6bd0e35eb35443a3a,observed,observed_history_forward_replay
8,2026-08-14,coordinated_aggregation,6,4,24 29 30 43 49,1 7,2,0,-2.8504803629691433,37.5,99.1023308794185,82.12121212121211,ead4690d15260f909d717570194a1c6570ac6739acda54def5b69b77ee2af992,observed,observed_history_forward_replay
8,2026-08-14,coordinated_aggregation,6,5,5 20 22 28 39,2 9,2,0,-2.8504803629691433,37.5,91.65227201843527,79.6969696969697,6c445098379a19634d3e2730afd6e54ca25d31371bbac910bf603e181bafd4fa,observed,observed_history_forward_replay
8,2026-08-14,coordinated_aggregation,6,6,7 11 13 14 27,3 6,0,0,-2.8504803629691433,37.5,13.860281151003528,85.30303030303031,72cb5e349a8b0cfd68d346fb3b91195e65379844d57547386ca05e1ec4e2cad3,observed,observed_history_forward_replay
8,2026-08-14,coordinated_aggregation,6,7,4 12 18 25 35,8 12,0,1,-2.8504803629691433,37.5,84.17399113810167,81.21212121212122,a7395b7431f26da09d88cf32dee6efce42d058bef3db3d084fd07488370c835f,observed,observed_history_forward_replay
8,2026-08-14,coordinated_aggregation,6,8,6 9 15 21 31,5 9,0,0,-2.8504803629691433,37.5,50.635657776130095,83.48484848484847,2a64f2c42d1b6c9b6fd9a62306bbaebe7784a5cb4d2fcda5fa4fa5c6dbe2dd39,observed,observed_history_forward_replay
8,2026-08-14,coordinated_aggregation,6,9,1 2 3 16 49,4 6,1,1,-2.8504803629691433,37.5,68.61750554560773,81.81818181818181,febce974ba8fb047706472a45fba69c7f26c60d41be73b854d06b110f5781277,observed,observed_history_forward_replay
8,2026-08-14,coordinated_aggregation,6,10,8 10 13 19 23,3 7,0,0,-2.8504803629691433,37.5,62.299099737485975,90.75757575757576,b8a2ceb4208f7b241a5710d514d5cd2717140486b5bdc77305ce1e77eb67092d,observed,observed_history_forward_replay
8,2026-08-14,coordinated_aggregation,6,11,17 22 26 31 44,1 2,0,0,-2.8504803629691433,37.5,97.32761401417227,82.42424242424242,f64be14ffb84fe1b2a10111b72ae748d3595e5b050953c8cf52d58b3f7228e91,observed,observed_history_forward_replay
8,2026-08-14,coordinated_aggregation,6,12,1 39 41 47 48,10 11,2,0,-2.8504803629691433,37.5,99.89198876218425,83.33333333333334,3496f36a467b5833eef6aabd89972260c7774c5f98aaabe39e815bb305ed8e5c,observed,observed_history_forward_replay
9,2026-08-18,uniform_random,7,1,19 26 33 34 49,2 12,0,0,0.0,0.0,99.77922554615846,85.15151515151516,270474aef0bf53763305b3423d4e9468f3d9d2a5fe1c0cfd4153ef4478c3705e,observed,observed_history_forward_replay
9,2026-08-18,uniform_random,7,2,3 22 36 41 44,1 4,1,0,0.0,0.0,99.74013140750857,78.18181818181819,3f9090f2c1ff38619088820ff1bb0bba69b9d1b343a3941e3474e02c4dfb64b1,observed,observed_history_forward_replay
9,2026-08-18,uniform_random,7,3,2 7 14 16 30,6 11,0,1,0.0,0.0,52.50898902660135,83.93939393939395,3819282ff1e49fee52f2884dedba1b57051bf4cdd15ade67510345d933c9c869,observed,observed_history_forward_replay
9,2026-08-18,uniform_random,7,4,26 31 44 46 49,3 12,0,0,0.0,0.0,99.87323550900653,85.30303030303031,c2b683250460e030930629decefacad51cef9193dd2e9048819fce8afb9e98d6,observed,observed_history_forward_replay
9,2026-08-18,uniform_random,7,5,8 19 28 29 37,5 7,0,0,0.0,0.0,96.0436835416596,87.27272727272727,9880185487cd6c1dae47fc4149dc4ed819fa4c4f34ba56c8f1250a4ea64ca16d,observed,observed_history_forward_replay
9,2026-08-18,uniform_random,7,6,2 7 9 12 26,2 7,1,0,0.0,0.0,24.46771145896366,85.30303030303031,69432000f04ab441f48091e139cf9a3074ce53dd06d89c2526eb60dc371ba40c,observed,observed_history_forward_replay
9,2026-08-18,uniform_random,7,7,8 18 19 23 47,3 5,0,0,0.0,0.0,97.11427932070339,84.09090909090911,17a87250dacfc24666db8fe35a8f832e454243a6f9a42ecf6c137314cf380c47,observed,observed_history_forward_replay
9,2026-08-18,uniform_random,7,8,15 19 24 35 49,8 10,0,1,0.0,0.0,98.81867732644363,86.36363636363636,a504d1049351fa7320c651252fd4d7c6a7955aa4a8a994e997eeb1de688f38e5,observed,observed_history_forward_replay
9,2026-08-18,uniform_random,7,9,15 22 29 38 40,8 12,2,0,0.0,0.0,99.49519387015773,76.66666666666667,515f1f7c58ce29e65c54e5c8fc9922415433951e757ef71434877f8b0030f28a,observed,observed_history_forward_replay
9,2026-08-18,uniform_random,7,10,2 6 21 25 37,5 11,0,0,0.0,0.0,91.27398444005235,86.36363636363636,49efd6959e53269697665b10adbc975eb57c23085a1a63e3063e814ac6b6a490,observed,observed_history_forward_replay
9,2026-08-18,uniform_random,7,11,1 11 27 32 49,3 6,0,1,0.0,0.0,97.84089526485819,81.21212121212122,58ef529c666fd6693358ab89baf7b4560b22706f5948ee32eb9c2d9d87ecfb9a,observed,observed_history_forward_replay
9,2026-08-18,uniform_random,7,12,4 10 14 43 47,2 10,0,1,0.0,0.0,97.774387191379,82.72727272727273,2a5af7b624a9871bfbd02b2782392895d1f035bfdcb652b2e333d86409824a6a,observed,observed_history_forward_replay
9,2026-08-18,frequency,4,1,3 6 7 27 50,5 11,2,0,1.525510189834356,66.66666666666666,88.14442855268801,83.18181818181817,3867a0b4d14e3ce775a0ea7a0f67bfd9ecdbd80312c25679e2af81db585985b1,observed,observed_history_forward_replay
9,2026-08-18,frequency,4,2,2 4 17 30 37,2 4,0,0,1.525510189834356,66.66666666666666,94.09667719586676,84.84848484848484,fb940ecc28e4bc329772e76c14f26576400740957f4927447d0e477f501c2f45,observed,observed_history_forward_replay
9,2026-08-18,frequency,4,3,4 22 24 33 44,1 8,0,0,1.525510189834356,66.66666666666666,99.07968793828877,77.12121212121212,8e8aad7adbe0c52cc04c61bbabd8cd3b9e40696cd738d47f0186549ebd286830,observed,observed_history_forward_replay
9,2026-08-18,frequency,4,4,10 14 15 20 30,5 12,0,0,1.525510189834356,66.66666666666666,83.28983493987559,86.06060606060606,6a130f5c0dd949646412442ebabbc15a2a88d814758fd0c985513cf2a040c900,observed,observed_history_forward_replay
9,2026-08-18,frequency,4,5,7 12 17 32 39,8 11,0,0,1.525510189834356,66.66666666666666,97.37038375789881,86.81818181818181,4e0ac5de07992f85e574a58c64bd9c0b0ed22af7ed22843ea88a97b1b91eaca7,observed,observed_history_forward_replay
9,2026-08-18,frequency,4,6,19 20 37 42 48,6 9,0,1,1.525510189834356,66.66666666666666,99.79588205623027,91.96969696969697,fb7523f7124bf281104f7bc983d660c8401de2daffabd2901dc59fd26ae1d1ae,observed,observed_history_forward_replay
9,2026-08-18,frequency,4,7,16 34 40 43 44,7 12,1,0,1.525510189834356,66.66666666666666,99.96200054963691,83.18181818181817,60737f84493b91c9be436899379750c617cd386b0a3ef7e63f3fba4ec9cdaa3c,observed,observed_history_forward_replay
9,2026-08-18,frequency,4,8,6 17 32 33 38,5 7,1,0,1.525510189834356,66.66666666666666,99.64556579781816,81.96969696969697,899da82692ab77c83d5375916e6af2a6f640956dcc50bb7b1534de637b140323,observed,observed_history_forward_replay
9,2026-08-18,frequency,4,9,11 13 29 32 47,1 3,0,0,1.525510189834356,66.66666666666666,99.14725924218811,84.24242424242424,98bf1ea08ae8f867194f3cf1027856271b45134f288e0ef6a489adaea046f372,observed,observed_history_forward_replay
9,2026-08-18,frequency,4,10,5 23 39 42 48,1 10,0,1,1.525510189834356,66.66666666666666,99.66771901626548,91.96969696969697,14ba875659db6c5573ddaaf3bd85d708411b3e38dce0c71068430d9ac7e66621,observed,observed_history_forward_replay
9,2026-08-18,frequency,4,11,9 15 38 42 44,2 3,2,0,1.525510189834356,66.66666666666666,99.61812635174726,87.42424242424242,828b10159967326f4ca789dd78187edb98af04d21ea5adf9c67b2e98b168f116,observed,observed_history_forward_replay
9,2026-08-18,frequency,4,12,5 14 15 20 22,5 12,0,0,1.525510189834356,66.66666666666666,79.66017645639965,80.30303030303031,6972f8b2c8aea4c843e114105dcadda76c69940bf8355339663753ec7d477a93,observed,observed_history_forward_replay
9,2026-08-18,unpopularity,1,1,38 44 47 48 50,4 12,2,0,5.4646987511250416,100.0,99.99975216872119,84.54545454545455,a2c608ae572c25cea66dcdfc3e981fbb532966fc2b86ddbdb7c61fc4f667d3de,observed,observed_history_forward_replay
9,2026-08-18,unpopularity,1,2,38 40 44 48 50,7 9,3,0,5.4646987511250416,100.0,99.99882331545888,82.57575757575758,8ebc9837018760dd7cc8bbde9d1891f1929124a6d8ab6a36e3b6a33c0b7b3430,observed,observed_history_forward_replay
9,2026-08-18,unpopularity,1,3,38 40 43 48 50,8 10,3,1,5.4646987511250416,100.0,99.99868241715578,79.0909090909091,398d3837d4c32685befb31bfe1156ea0c667c3680d114bc9fcae933b7fb688ce,observed,observed_history_forward_replay
9,2026-08-18,unpopularity,1,4,38 39 45 46 50,6 10,2,2,5.4646987511250416,100.0,99.99853937319324,83.33333333333334,cb53defc3362a5e32311da9da1e38b2644ae4b13b69b9450b293035eeb44dde0,observed,observed_history_forward_replay
9,2026-08-18,unpopularity,1,5,38 39 45 46 50,2 10,2,1,5.4646987511250416,100.0,99.99853937319324,83.33333333333334,b21e9f3f19e7d350d814f89190d36e59d323339505c70d181b9a600ca06aec26,observed,observed_history_forward_replay
9,2026-08-18,unpopularity,1,6,36 40 43 48 50,2 8,2,0,5.4646987511250416,100.0,99.99839415089623,78.63636363636364,f924854fd79b4b6b1dcfd18ced0d76f57de423589bfd1bb5329a3741292f6a58,observed,observed_history_forward_replay
9,2026-08-18,unpopularity,1,7,34 43 44 46 50,8 10,1,1,5.4646987511250416,100.0,99.99839415089623,84.69696969696969,6f5577b7bc34a410ba342c72588131786129a8eea40da513cf7031214c754edc,observed,observed_history_forward_replay
9,2026-08-18,unpopularity,1,8,34 38 46 48 50,6 8,2,1,5.4646987511250416,100.0,99.99824671709217,84.84848484848484,73a0907496fbb8794cab099960b447817faaca1efe65ab9f9839ba99cd59fa52,observed,observed_history_forward_replay
9,2026-08-18,unpopularity,1,9,36 43 44 46 47,9 11,0,0,5.4646987511250416,100.0,99.99824671709217,82.27272727272727,f1b7c16900bb68e18f192b385715783bb5cf5f1ca2869bc0dced6cfabdb7dbbc,observed,observed_history_forward_replay
9,2026-08-18,unpopularity,1,10,37 41 43 46 48,1 5,0,0,5.4646987511250416,100.0,99.99809703810328,84.69696969696969,4a455fa1397cd83fb3e4ab5c8d7e28ccfcb91d343f8f3ec32bb6d7c718ef3bc9,observed,observed_history_forward_replay
9,2026-08-18,unpopularity,1,11,33 38 45 48 50,8 10,2,1,5.4646987511250416,100.0,99.99794507973891,82.42424242424242,879598478dbd68f6022685cea48adbd1cfda9dd4122424b8d83088eb80ec65d8,observed,observed_history_forward_replay
9,2026-08-18,unpopularity,1,12,36 39 41 47 50,1 7,1,0,5.4646987511250416,100.0,99.99779080728779,80.90909090909092,bb0272cfa6d9fb70dc7059628a896be60acc82ea16b9eda3e04a42e269f88a55,observed,observed_history_forward_replay
9,2026-08-18,gingerm,3,1,8 14 25 27 44,1 2,0,0,3.0097158702310334,88.88888888888889,95.85979709482137,87.57575757575758,9641b30120eb6a5153367cce9e1bc8a99d026e21c4d1be7fa4043626810278fc,observed,observed_history_forward_replay
9,2026-08-18,gingerm,3,2,8 14 24 34 46,1 2,0,0,3.0097158702310334,88.88888888888889,98.59428726313833,85.9090909090909,54c55e6351e5ec547317718c6d8cf574b934e8851fd5dac07bb36eea720ddb7b,observed,observed_history_forward_replay
9,2026-08-18,gingerm,3,3,7 21 27 32 36,1 2,0,0,3.0097158702310334,88.88888888888889,97.78902622137038,85.30303030303031,d8616ae8d140974c6937631a38be4ad4eb57638915fb92db8b0bfea3500c9c71,observed,observed_history_forward_replay
9,2026-08-18,gingerm,3,4,4 23 27 32 37,1 2,0,0,3.0097158702310334,88.88888888888889,99.02183145247734,86.66666666666666,a1538770f0937c0c0bb42d86a2d72b8906339f3876aeb7066e66eef37e2cb8d6,observed,observed_history_forward_replay
9,2026-08-18,gingerm,3,5,4 23 27 31 46,1 2,0,0,3.0097158702310334,88.88888888888889,97.73586992421114,85.45454545454545,950aaa659ad2d5319e51793431b64cccff6d249423721f0a5708ccaed719a269,observed,observed_history_forward_replay
9,2026-08-18,gingerm,3,6,1 20 27 34 45,1 2,0,0,3.0097158702310334,88.88888888888889,99.07968793828877,87.27272727272727,1590e5663414f0236d66db1a326c64822a07b7d6d37c07d6066a331e1ba3930b,observed,observed_history_forward_replay
9,2026-08-18,gingerm,3,7,4 9 10 20 48,1 2,1,0,3.0097158702310334,88.88888888888889,91.85625718653972,86.66666666666666,cce30a94ee1172e42c2cce09720f8fc9b808207fcb17a04c8177c7957db6df33,observed,observed_history_forward_replay
9,2026-08-18,gingerm,3,8,20 24 27 29 45,1 2,0,0,3.0097158702310334,88.88888888888889,98.69458543155044,89.0909090909091,352b15353256d246eb7cca9b0e96093093debb2e60deb25bd8923d6d4da89c5c,observed,observed_history_forward_replay
9,2026-08-18,gingerm,3,9,16 19 29 31 45,1 2,0,0,3.0097158702310334,88.88888888888889,98.59148069706436,87.27272727272727,400b8edc3e49e0fba151b765d1bf5cd7c91ff1fb92da562878ce383d5d309114,observed,observed_history_forward_replay
9,2026-08-18,gingerm,3,10,7 21 27 30 41,1 2,0,0,3.0097158702310334,88.88888888888889,94.49430097788698,85.75757575757576,6fe7299484078b482832e14cde7de0b16d7fc2b999144f0d56dc50c050c489a5,observed,observed_history_forward_replay
9,2026-08-18,gingerm,3,11,29 31 32 35 39,1 2,0,0,3.0097158702310334,88.88888888888889,99.79588205623027,86.66666666666666,c83d331de51132422de1a1a539d364d69e2be3a910305cc7559453fdef6c9ac0,observed,observed_history_forward_replay
9,2026-08-18,gingerm,3,12,16 19 29 30 49,1 2,0,0,3.0097158702310334,88.88888888888889,97.97737625452005,85.30303030303031,67f446e75a61023e8b9d8541c22c3bc7aa3725fbaf9bbcd67e5eb8eecf7379ed,observed,observed_history_forward_replay
9,2026-08-18,spectral_contrarian,2,1,6 18 25 37 49,3 8,0,0,4.008918340414114,100.0,98.7740889325579,80.75757575757576,52373bc434904921cf14d1d2e03cfe2c3b4c95509eb283cd512991d721de5c44,observed,observed_history_forward_replay
9,2026-08-18,spectral_contrarian,2,2,4 15 22 34 42,7 12,0,0,4.008918340414114,100.0,98.38828706159504,81.66666666666667,6608d2ca64e0610f586213191b23a13043f09421d4e29f296d4f95e8b95a5c90,observed,observed_history_forward_replay
9,2026-08-18,spectral_contrarian,2,3,1 8 20 32 39,4 11,0,0,4.008918340414114,100.0,98.05337979256389,83.33333333333334,15db7abd6e7c1595b7519b7fa1ff124910fd39025dd640c7777caabb96f57867,observed,observed_history_forward_replay
9,2026-08-18,spectral_contrarian,2,4,5 17 24 36 48,3 7,0,0,4.008918340414114,100.0,99.12084185635872,86.51515151515153,64f0c466b4b822dc0c6a3734f48f46507324221aa15f993163fe2741ea45ef6b,observed,observed_history_forward_replay
9,2026-08-18,spectral_contrarian,2,5,2 14 22 33 41,7 11,0,0,4.008918340414114,100.0,98.26113889536654,77.57575757575758,5386bd278cabf9475d82332b44898f65c3626d4758f2f96fd8b77548dfe27d29,observed,observed_history_forward_replay
9,2026-08-18,spectral_contrarian,2,6,7 19 31 38 50,3 11,2,0,4.008918340414114,100.0,98.947179701899,82.57575757575758,58c82cf179f099d58b6e12137db3a3b3bb5a86f77716b36652462925ea70db55,observed,observed_history_forward_replay
9,2026-08-18,spectral_contrarian,2,7,4 16 23 35 47,3 7,0,0,4.008918340414114,100.0,98.57275749094201,85.60606060606061,02d158ddadde08f4a0d9cc58b984ff355ee2904442855a4990481d584f6e8d7e,observed,observed_history_forward_replay
9,2026-08-18,spectral_contrarian,2,8,1 13 21 32 40,7 11,1,0,4.008918340414114,100.0,98.12401000917427,82.27272727272727,24c04c16c0891c8dd9c5c1a2becc79a00cc0aa03572af7c806719d30f6d05d26,observed,observed_history_forward_replay
9,2026-08-18,spectral_contrarian,2,9,3 15 22 34 46,2 7,1,0,4.008918340414114,100.0,98.97608498378924,79.84848484848486,4cb7c8887569464f033aea789c7832bf19116aaeed66226677e476f37d02f7a0,observed,observed_history_forward_replay
9,2026-08-18,spectral_contrarian,2,10,12 19 31 39 50,6 11,1,1,4.008918340414114,100.0,99.36212562711296,84.09090909090908,e3331961437ce290ce54db8b280d8628197e634c576cc2b1489e9c5c8d4488ca,observed,observed_history_forward_replay
9,2026-08-18,spectral_contrarian,2,11,2 14 21 33 45,2 7,0,0,4.008918340414114,100.0,97.5038288248691,85.75757575757576,66cf7077514653525f57d7206b7b2d9089ae4f042194156a33b8856bcd10525d,observed,observed_history_forward_replay
9,2026-08-18,spectral_contrarian,2,12,11 18 30 38 49,6 11,1,1,4.008918340414114,100.0,98.96309314093095,76.36363636363637,ef88d4007d0d9247faa3f439bad362d348f9e7bbf6ebdb10429300d46a5fe2f7,observed,observed_history_forward_replay
9,2026-08-18,parallax,5,1,40 44 47 48 50,2 3,2,0,0.306521779466995,44.44444444444444,100.0,83.33333333333334,02479abb656bd31e95f6c655df8576f71b2d22169fe6db3298e02e9a4ddd61ae,observed,observed_history_forward_replay
9,2026-08-18,parallax,5,2,32 34 41 45 46,7 10,0,1,0.306521779466995,44.44444444444444,99.99517373760605,86.2121212121212,6428d62e0f25a7eced4a520620e8142d1961055d8b124527b9b617e17e79298d,observed,observed_history_forward_replay
9,2026-08-18,parallax,5,3,17 36 37 38 39,11 12,1,0,0.306521779466995,44.44444444444444,99.95448315597429,84.69696969696969,5443acb743bbfadd19b89e59fb71042d2e5a56f5e1e6a02701fb0975d47e46fa,observed,observed_history_forward_replay
9,2026-08-18,parallax,5,4,23 28 35 42 43,4 5,0,0,0.306521779466995,44.44444444444444,99.56538950958785,88.7878787878788,82a6eb6b91648e1271ace8dd2473075d5d02890b708f6a353293f696c5235330,observed,observed_history_forward_replay
9,2026-08-18,parallax,5,5,12 18 19 22 33,1 9,0,0,0.306521779466995,44.44444444444444,96.59088329838666,75.45454545454547,0de46aa03346f2e1dd8815f6e2e0032178a0c8e4e17f01f34ee86b97c3caa701,observed,observed_history_forward_replay
9,2026-08-18,parallax,5,6,6 29 31 32 49,6 8,0,1,0.306521779466995,44.44444444444444,98.97876787837744,83.33333333333334,0138ef71f2e1f5e7ce1d75863dc6bcd522534b78bffd0995ef7321c3274c6ce1,observed,observed_history_forward_replay
9,2026-08-18,parallax,5,7,4 5 24 25 27,2 8,0,0,0.306521779466995,44.44444444444444,83.43197295942613,84.3939393939394,5d0a235a945f6b79e50ebabe9a4949f6e8cda8910c488fce5e86264aa3ebc35b,observed,observed_history_forward_replay
9,2026-08-18,parallax,5,8,11 16 26 30 45,5 11,0,0,0.306521779466995,44.44444444444444,97.63047474003402,82.42424242424242,a226893c6d37928512b3e0514734323197274f32209921e7c9487174153d1dd0,observed,observed_history_forward_replay
9,2026-08-18,parallax,5,9,3 9 20 21 22,3 4,2,0,0.306521779466995,44.44444444444444,71.08720370502934,80.45454545454544,cbc8ae94bb567edb9682740410d5ee0623947fed87049a77e4994ece31a374d0,observed,observed_history_forward_replay
9,2026-08-18,parallax,5,10,2 4 7 14 15,6 10,0,2,0.306521779466995,44.44444444444444,0.0,83.48484848484847,c3ccfe9fed3d3aed6f054b238367cfa178e9e1f9b448cce686f2e06d3c3637e6,observed,observed_history_forward_replay
9,2026-08-18,parallax,5,11,8 10 33 38 43,7 9,1,0,0.306521779466995,44.44444444444444,99.54455911688417,81.36363636363637,0ae510aa2eb1be0783f4f2044dd91bcf0bb90f8cb5f934810b325fe6b60886be,observed,observed_history_forward_replay
9,2026-08-18,parallax,5,12,13 30 33 39 50,1 12,1,0,0.306521779466995,44.44444444444444,99.8644590003865,81.36363636363637,a61181c38dc6989f077dd910d635745644c44c14420f158cf7bd1144a2c56d19,observed,observed_history_forward_replay
9,2026-08-18,coordinated_aggregation,6,1,40 44 47 48 50,2 3,2,0,0.306521779466995,44.44444444444444,100.0,83.33333333333334,a8fdaef0d121a32a9f3cf6b04c318d20d313c3468a706141636676e49ded6249,observed,observed_history_forward_replay
9,2026-08-18,coordinated_aggregation,6,2,32 34 41 45 46,7 10,0,1,0.306521779466995,44.44444444444444,99.99517373760605,86.2121212121212,20ff13f0fcbd30d582c9518a76364012bd4548515e56730d2622862d49371dfd,observed,observed_history_forward_replay
9,2026-08-18,coordinated_aggregation,6,3,17 36 37 38 39,11 12,1,0,0.306521779466995,44.44444444444444,99.95448315597429,84.69696969696969,ce5f51ae0cde07d6028b8655fb79a2792f6856b5db3e51dcb1a1ebccf6459554,observed,observed_history_forward_replay
9,2026-08-18,coordinated_aggregation,6,4,23 28 35 42 43,4 5,0,0,0.306521779466995,44.44444444444444,99.56538950958785,88.7878787878788,9a1907da23387f80be486ac54a3e3b89e319a73655e081f581934c3e176777d7,observed,observed_history_forward_replay
9,2026-08-18,coordinated_aggregation,6,5,12 18 19 22 33,1 9,0,0,0.306521779466995,44.44444444444444,96.59088329838666,75.45454545454547,54122ed65ba3062f4ecee8e95d88d05ace00c918c8f679cc5726845e0fa564d4,observed,observed_history_forward_replay
9,2026-08-18,coordinated_aggregation,6,6,6 29 31 32 49,6 8,0,1,0.306521779466995,44.44444444444444,98.97876787837744,83.33333333333334,f4da404fd182cee8c14e6c9d7b89b19c6a5198f63cc454520902bd5070a04f44,observed,observed_history_forward_replay
9,2026-08-18,coordinated_aggregation,6,7,4 5 24 25 27,2 8,0,0,0.306521779466995,44.44444444444444,83.43197295942613,84.3939393939394,dac2386d32932085f2632ad66f94bb1245f301b427c1ee24bae6249070107ffb,observed,observed_history_forward_replay
9,2026-08-18,coordinated_aggregation,6,8,11 16 26 30 45,5 11,0,0,0.306521779466995,44.44444444444444,97.63047474003402,82.42424242424242,4ab298d76824aa1c9f61d693908f7b7865bfd60bd39a0b38364355f49796be07,observed,observed_history_forward_replay
9,2026-08-18,coordinated_aggregation,6,9,3 9 20 21 22,3 4,2,0,0.306521779466995,44.44444444444444,71.08720370502934,80.45454545454544,114a81e5859b708aa2dd8c6cbcc7e5f896929e0eb605e3a597eeb4970e051c10,observed,observed_history_forward_replay
9,2026-08-18,coordinated_aggregation,6,10,2 4 7 14 15,6 10,0,2,0.306521779466995,44.44444444444444,0.0,83.48484848484847,d35b303d9d5bc7eef670b0dc87dc601ddc7fa4623719186c6b2e0bd578dd3f2d,observed,observed_history_forward_replay
9,2026-08-18,coordinated_aggregation,6,11,8 10 33 38 43,7 9,1,0,0.306521779466995,44.44444444444444,99.54455911688417,81.36363636363637,7217077b38382222efdea367a0f248d7e855ffbe99c946d26219fcffef4c4a70,observed,observed_history_forward_replay
9,2026-08-18,coordinated_aggregation,6,12,13 30 33 39 50,1 12,1,0,0.306521779466995,44.44444444444444,99.8644590003865,81.36363636363637,fcdf15ca6ee30ac380e475ee39129d4d9753d410cd9e4a96562db628d8038d7d,observed,observed_history_forward_replay
10,2026-08-21,uniform_random,7,1,1 30 32 35 39,2 3,0,0,0.0,0.0,99.00233896717306,82.87878787878788,440d8715c016d81ac0e64d96ac24ad97083a7bbbea7c3a7dc2b0835ed867e763,observed,observed_history_forward_replay
10,2026-08-21,uniform_random,7,2,17 29 33 42 47,8 11,0,0,0.0,0.0,99.56442750819905,88.7878787878788,9183624bb5acd33c52cad36638372c45aeb145ce447059fbf0eceeb39752c3e2,observed,observed_history_forward_replay
10,2026-08-21,uniform_random,7,3,1 3 7 29 44,4 6,0,1,0.0,0.0,70.01122222033578,85.9090909090909,6a885a6c0a2dfc4bf0948dab66e8c2fc75b2bbdeb407ac5738e872f7becd493d,observed,observed_history_forward_replay
10,2026-08-21,uniform_random,7,4,4 9 13 22 28,3 12,0,1,0.0,0.0,37.127949807686065,77.42424242424242,7f481ec00596b0c5288cf9bfd4e9b2c39132e8bc4b68282342752ed45818d011,observed,observed_history_forward_replay
10,2026-08-21,uniform_random,7,5,9 20 30 39 45,4 6,1,1,0.0,0.0,98.40959198527872,85.15151515151516,689f8235b22d0e2f7d083410e09d0cabc916a246ffb3cb2982ffcbc71ba5aff3,observed,observed_history_forward_replay
10,2026-08-21,uniform_random,7,6,36 37 40 48 49,1 12,0,1,0.0,0.0,99.98330109354796,82.12121212121212,edb214edfaa10fda48de6f587abed665cda4369104893fe2db9d243554b23a09,observed,observed_history_forward_replay
10,2026-08-21,uniform_random,7,7,9 13 23 33 46,1 2,0,0,0.0,0.0,97.87426461257958,85.60606060606061,427825b6b5933f75a1935d8bb16d995d5eebda6575f91bccebaf1e0ac9b1d14e,observed,observed_history_forward_replay
10,2026-08-21,uniform_random,7,8,8 20 41 43 49,2 7,0,0,0.0,0.0,99.311613160382,82.42424242424242,12a44ad10613c243b82558cd6909ca38a420f788b88fd34910372d32d808ba46,observed,observed_history_forward_replay
10,2026-08-21,uniform_random,7,9,4 8 36 39 45,5 10,1,0,0.0,0.0,98.99563247012078,82.12121212121212,c5c960461cacaff12c30567eb4e06aaa6234c94b957afb6bbeed73c272421858,observed,observed_history_forward_replay
10,2026-08-21,uniform_random,7,10,2 6 22 27 28,11 12,0,1,0.0,0.0,45.12625081028191,79.24242424242424,abfef67ac077a5d69fd265ca79567fe99563d45ad8f2ed59aa5f671e2aaeda02,observed,observed_history_forward_replay
10,2026-08-21,uniform_random,7,11,7 21 35 40 43,6 10,0,0,0.0,0.0,98.02248708226008,83.48484848484847,be326dc9d50a954928b81216776d785a8a29b0eac218bce9ff3f9d19620fcce1,observed,observed_history_forward_replay
10,2026-08-21,uniform_random,7,12,4 24 38 40 46,4 10,0,1,0.0,0.0,99.47867993757843,79.24242424242424,a33b159be59fa294a0045c379c8318a3009f2f3174458d55b31480acee6b6f87,observed,observed_history_forward_replay
10,2026-08-21,frequency,6,1,13 21 30 42 49,7 11,0,0,0.22891306407433198,70.0,96.78277666549468,88.18181818181819,8757cc9435ddb0c38e9e2b89389f70847a209b746e9438014ad95f327bc1f6d0,observed,observed_history_forward_replay
10,2026-08-21,frequency,6,2,7 9 32 34 46,5 7,0,0,0.22891306407433198,70.0,98.38832115632931,85.60606060606061,7b35bc6450278e4054c773cf82d01280ec71872c60e5df2ae558c9d731e6b8ea,observed,observed_history_forward_replay
10,2026-08-21,frequency,6,3,13 23 25 28 39,6 7,0,0,0.22891306407433198,70.0,94.39496966260593,87.42424242424242,6c40b2c30daad4516b4192ff2b2ddb52fcc30fb15095d1ed50342746c49e8a25,observed,observed_history_forward_replay
10,2026-08-21,frequency,6,4,9 12 42 45 46,1 6,1,0,0.22891306407433198,70.0,98.91817530891606,88.48484848484847,9813e90ac057fc0e79b5ad623e9aab01ee80a81b16a2e7af701868e232bdf01d,observed,observed_history_forward_replay
10,2026-08-21,frequency,6,5,6 24 32 39 50,1 9,0,0,0.22891306407433198,70.0,99.47045263181161,82.27272727272727,eacd0ad51401de0034587e64045fec1a3d576af3a0b17413b431799120f3e1b6,observed,observed_history_forward_replay
10,2026-08-21,frequency,6,6,3 8 13 21 35,7 11,0,0,0.22891306407433198,70.0,65.86417767838105,87.72727272727273,3ced5958eab06a1ce5a29d9ed8481b38ec842a60ae2748c8d8464045f470996b,observed,observed_history_forward_replay
10,2026-08-21,frequency,6,7,9 14 17 31 50,9 12,1,1,0.22891306407433198,70.0,91.26673593891333,84.54545454545455,72d96c7c2e764479c6479200bdc2cf2466f3c9609b3550cce88b139e4010b422,observed,observed_history_forward_replay
10,2026-08-21,frequency,6,8,2 23 30 38 41,3 5,0,0,0.22891306407433198,70.0,98.1750972361959,84.3939393939394,c8442b9f558f866bd835cc75b50abefcb21e2d6d2ec5c4e425b3578abb7b14ba,observed,observed_history_forward_replay
10,2026-08-21,frequency,6,9,8 16 42 44 46,1 10,0,0,0.22891306407433198,70.0,99.2560903152326,88.93939393939394,925532a4e9fafe2cf8760d506f0182a9b2b02caf697858510ca4ac304303aae7,observed,observed_history_forward_replay
10,2026-08-21,frequency,6,10,16 18 34 41 49,3 5,0,0,0.22891306407433198,70.0,99.49027144880648,81.66666666666667,1fa50ab713dea66954f5b2cfbc15351695b7115234c25dfec406201044e70049,observed,observed_history_forward_replay
10,2026-08-21,frequency,6,11,3 8 11 12 29,7 11,0,0,0.22891306407433198,70.0,0.0,83.63636363636363,1536f0cf5a4a97af9601d18ff96f853e5b9cb8c1f0676a029dda09f063982050,observed,observed_history_forward_replay
10,2026-08-21,frequency,6,12,3 5 26 37 38,2 7,0,0,0.22891306407433198,70.0,96.25236934650093,84.54545454545455,3dc417989eedf7e79d1ac755e70a9c52c1233d281c9c6d0f2df4c2e616c77079,observed,observed_history_forward_replay
10,2026-08-21,unpopularity,1,1,39 41 47 48 50,3 7,0,0,3.9635316763394712,100.0,100.0,84.24242424242424,e10d5026f82ebec287079ca89dd399fd68ee9b2ec1a546a418d9bde3327b2b9b,observed,observed_history_forward_replay
10,2026-08-21,unpopularity,1,2,34 44 45 48 50,2 11,1,0,3.9635316763394712,100.0,99.99881969192614,88.93939393939394,25486e6cd3e6faee0cf1790b69ed83f6c969541680ea3f39d0b355e797379735,observed,observed_history_forward_replay
10,2026-08-21,unpopularity,1,3,39 40 44 47 50,2 7,0,0,3.9635316763394712,100.0,99.998513296124,82.57575757575758,891376850a098f5853e3b2191702f859f5d4cddf2b4c35ceb42678ca5de8eb25,observed,observed_history_forward_replay
10,2026-08-21,unpopularity,1,4,38 39 44 48 50,6 10,0,0,3.9635316763394712,100.0,99.99820223439595,85.75757575757576,ef5fea2dd40777d0c04b8dfa29d61afff0c765d900fb09a7de7f12c4ac746914,observed,observed_history_forward_replay
10,2026-08-21,unpopularity,1,5,33 43 44 48 50,5 9,0,0,3.9635316763394712,100.0,99.99788643568726,82.87878787878788,a71c3c991224f357250957a53fffe38d86bab33284d1482c102df1a60700bed0,observed,observed_history_forward_replay
10,2026-08-21,unpopularity,1,6,38 39 45 46 50,1 5,1,0,3.9635316763394712,100.0,99.99788643568726,83.63636363636363,bb315fed4b52afa8a41b9b275f34d89d9a2ec2de656d45b15274cbbc85490a24,observed,observed_history_forward_replay
10,2026-08-21,unpopularity,1,7,36 37 46 48 50,4 5,0,1,3.9635316763394712,100.0,99.9975658278612,83.93939393939395,8a50c1c8a046fede9218b1f19d9030917b79213ad6581c668aa73c40dfb0f829,observed,observed_history_forward_replay
10,2026-08-21,unpopularity,1,8,39 40 43 45 50,2 11,1,0,3.9635316763394712,100.0,99.9975658278612,80.60606060606061,a0594b033c7dc7a53906f3e8df2d1e58630a5ce38512efb38c96a93dd34c3eaa,observed,observed_history_forward_replay
10,2026-08-21,unpopularity,1,9,34 41 44 47 50,8 11,0,0,3.9635316763394712,100.0,99.99724033768243,85.60606060606061,1bb0540863f4d73406081125ab99d298592fb367b7ad97fca7584f529a0f1154,observed,observed_history_forward_replay
10,2026-08-21,unpopularity,1,10,37 39 44 46 50,3 7,0,0,3.9635316763394712,100.0,99.99724033768243,86.36363636363636,28f46cf2cc23b889e36bf68ddfdff25f70dc48237b35d445cec557f24d8b91a7,observed,observed_history_forward_replay
10,2026-08-21,unpopularity,1,11,33 41 45 46 50,4 5,1,1,3.9635316763394712,100.0,99.99690989080044,82.12121212121212,077c29fcc2b9f5bc0a2e1c2a2dfab0f5c1b2fb5763663dd5df741df0ee18b532,observed,observed_history_forward_replay
10,2026-08-21,unpopularity,1,12,34 40 45 47 48,6 8,1,0,3.9635316763394712,100.0,99.99657441173242,85.45454545454545,4657670cf252324e7cc0a11cae5a7b6a7fd683d78f57234ab024d6e59f207033,observed,observed_history_forward_replay
10,2026-08-21,gingerm,3,1,2 30 38 44 50,1 2,0,0,2.2348023992183275,90.0,99.56829175812506,83.18181818181817,7903ad3c7c53d3ea020eb910ff2a5ae57e3017955753aec9c084eac842ebb5b8,observed,observed_history_forward_replay
10,2026-08-21,gingerm,3,2,2 3 9 12 48,1 2,0,0,2.2348023992183275,90.0,67.44221378324838,85.9090909090909,b8cd5cce62badf7979379361770bb28e4969d9ac723497e055f23543fa032fab,observed,observed_history_forward_replay
10,2026-08-21,gingerm,3,3,9 15 19 31 50,1 2,2,0,2.2348023992183275,90.0,94.4427845000141,83.33333333333334,c00387db2f051a1ba80431b3eac9b9f26c2efe1f4750f35acbda99f326786704,observed,observed_history_forward_replay
10,2026-08-21,gingerm,3,4,1 19 34 43 48,1 2,1,0,2.2348023992183275,90.0,99.41838992525737,85.15151515151516,185d4d4b449059662fd623320dde5c3d4501e104fe457ccf1d82fa4dd0612f70,observed,observed_history_forward_replay
10,2026-08-21,gingerm,3,5,13 18 35 38 42,1 2,0,0,2.2348023992183275,90.0,99.06824796832686,85.75757575757576,dd9797a11430ad5335266685c7ba78eba5b3b20888ff0ca40c4acb4809c7a7b9,observed,observed_history_forward_replay
10,2026-08-21,gingerm,3,6,14 19 20 26 36,1 2,2,0,2.2348023992183275,90.0,93.17396256835094,85.45454545454545,cc74ab42383f704549f64b564946971b9ae4a5b3a745b9bc9739a92fd32ff281,observed,observed_history_forward_replay
10,2026-08-21,gingerm,3,7,2 30 39 46 48,1 2,0,0,2.2348023992183275,90.0,99.57505147699717,85.60606060606061,e91e27ba0851886cb76b2983e5f0ebf23a6a8732d55c888a91cfa91ed83e1a16,observed,observed_history_forward_replay
10,2026-08-21,gingerm,3,8,4 21 23 45 49,1 2,1,0,2.2348023992183275,90.0,96.34276473905264,86.81818181818181,13aa6368a50c9d4e331ed6d30f4898cbee4ff4c85a61e669eb0114095a370133,observed,observed_history_forward_replay
10,2026-08-21,gingerm,3,9,41 42 45 48 49,1 2,1,0,2.2348023992183275,90.0,99.96354111035396,89.0909090909091,75c8864880821bd36ce2eaa589adb39758ff2b075b70f939ad3cb3d06d19d515,observed,observed_history_forward_replay
10,2026-08-21,gingerm,3,10,2 30 39 42 47,1 2,0,0,2.2348023992183275,90.0,99.30084169049543,86.66666666666666,a60a81a1f5e0bf677c0dc8357d2366ba687a4073df79cc0217cf0dc1440bbe38,observed,observed_history_forward_replay
10,2026-08-21,gingerm,3,11,8 25 32 39 46,1 2,0,0,2.2348023992183275,90.0,99.46210003712449,84.3939393939394,2a06f8a50cb3f64974b568ed5dfb03adb77acd62ced14f5c30706eacb5d3151f,observed,observed_history_forward_replay
10,2026-08-21,gingerm,3,12,2 19 33 34 38,1 2,1,0,2.2348023992183275,90.0,99.21862530980468,84.69696969696969,7c75972f6a01629dc6b172c35fcbfbb3ee72baf21b302f38561affefa89e648c,observed,observed_history_forward_replay
10,2026-08-21,spectral_contrarian,2,1,6 18 25 37 49,3 8,0,0,2.507669367401233,100.0,97.29466246787892,80.75757575757576,b0b1b94b34dfa059d4ccc41e3ea6d1476f8cfd46d182baeedfc7d5e5db45efeb,observed,observed_history_forward_replay
10,2026-08-21,spectral_contrarian,2,2,4 15 22 34 42,7 12,1,1,2.507669367401233,100.0,96.44292618701242,81.66666666666667,74393f04d705a6824ab52e31b4feb2f28352bed84896e4119fd59d8db3292327,observed,observed_history_forward_replay
10,2026-08-21,spectral_contrarian,2,3,1 8 20 32 39,4 11,0,1,2.507669367401233,100.0,95.70355011543495,83.33333333333334,76e47586e4a5bbac1cccd5235188356a028d49b32499bf8588b9158599bbaea4,observed,observed_history_forward_replay
10,2026-08-21,spectral_contrarian,2,4,5 17 24 36 48,3 7,0,0,2.507669367401233,100.0,98.06019023725081,86.51515151515153,96df2a1d9f641970674212f943d34055a487e85f039231686f3571d9cdb372b6,observed,observed_history_forward_replay
10,2026-08-21,spectral_contrarian,2,5,2 14 22 33 41,7 11,1,0,2.507669367401233,100.0,96.16222068925997,77.57575757575758,e977b1db344da93b61be3c5abe1e5f4fcbe670b9dbae04de1bba0b1363a1e2f8,observed,observed_history_forward_replay
10,2026-08-21,spectral_contrarian,2,6,7 19 31 38 50,3 11,1,0,2.507669367401233,100.0,97.67679562799806,82.87878787878788,8a5c42da5ed12c38573d01dbb8f3c94e593215442411cbc52c1b84f6ba25a668,observed,observed_history_forward_replay
10,2026-08-21,spectral_contrarian,2,7,4 16 23 35 47,3 7,0,0,2.507669367401233,100.0,96.85018226648582,85.60606060606061,17d43c14662671c7eef0c578beb2ca4e2ce7bc58819998862d14d1fbbe02be3e,observed,observed_history_forward_replay
10,2026-08-21,spectral_contrarian,2,8,1 13 21 32 40,7 11,0,0,2.507669367401233,100.0,95.85948071748824,82.42424242424242,9c15c31670bbd7679a76534ac80a4c5cd70010b169778a8e9102a121546773b5,observed,observed_history_forward_replay
10,2026-08-21,spectral_contrarian,2,9,3 15 22 34 46,2 7,1,0,2.507669367401233,100.0,97.74060993048744,80.0,3860d1d4776a2408dfb78d59df62ebf961c92419a509e67369063695fa7f4612,observed,observed_history_forward_replay
10,2026-08-21,spectral_contrarian,2,10,12 19 31 39 50,6 11,1,0,2.507669367401233,100.0,98.59287335001738,84.24242424242424,101e1b58608d7b84b2692099d4e6b0689e03ba0e754de614512b250a86cb0744,observed,observed_history_forward_replay
10,2026-08-21,spectral_contrarian,2,11,2 14 21 33 45,2 7,2,0,2.507669367401233,100.0,94.49030432115518,85.75757575757576,e59e1be608e7c69cefa4816e0ad57e4f14728a9194fd9b19fca02c3c37f9b348,observed,observed_history_forward_replay
10,2026-08-21,spectral_contrarian,2,12,11 18 30 38 49,6 11,0,0,2.507669367401233,100.0,97.71192778882208,76.51515151515152,cbec247ef7b99a60b9ec471a27c36309beaf5577565f7a17ba3abc2be8e4e1f5,observed,observed_history_forward_replay
10,2026-08-21,parallax,4,1,37 44 45 48 50,5 11,1,0,0.23102026104721007,50.0,99.9997115784325,88.33333333333331,a80b8a636e43b8a8ebfa8256fe8d3587a3f576cb8196a0f097e2e05b22ffeaaa,observed,observed_history_forward_replay
10,2026-08-21,parallax,4,2,32 36 40 46 47,9 10,0,0,0.23102026104721007,50.0,99.99171873954674,79.54545454545455,9c01498e46dd202a9945b0f154207b873c5d5898d5fa6321adc36c6c0c585f0a,observed,observed_history_forward_replay
10,2026-08-21,parallax,4,3,33 34 38 39 49,1 3,0,0,0.23102026104721007,50.0,99.97286051933924,82.72727272727273,9521dfadaca9828e74771143adb9a34286d2490ec6576649dc431165c6dbd279,observed,observed_history_forward_replay
10,2026-08-21,parallax,4,4,9 24 35 42 43,4 12,0,2,0.23102026104721007,50.0,98.82158902229095,86.96969696969697,7d36529b91d9b0cb4322c8173c86af0ec40bc21fdf323338c48d2fdf64b13995,observed,observed_history_forward_replay
10,2026-08-21,parallax,4,5,8 26 29 30 31,2 8,0,0,0.23102026104721007,50.0,85.52093620734384,84.09090909090908,3d6bd3bd4bc8495cee9ac5b471cb4c08245200b10df7ec545b3d0fe3f44b07f3,observed,observed_history_forward_replay
10,2026-08-21,parallax,4,6,20 22 41 45 49,6 7,1,0,0.23102026104721007,50.0,99.62223110121099,80.0,6a14bb55de5cbd5bd0af23919d23d01c99c4af88d88cbef7ca92fdfb0c33a123,observed,observed_history_forward_replay
10,2026-08-21,parallax,4,7,2 17 19 25 27,3 10,1,0,0.23102026104721007,50.0,75.78207921534062,89.69696969696969,db6ec68d9f1867d1b66596010aa2adce00d218eeaba2ecc53dbdb38cbf1ad12f,observed,observed_history_forward_replay
10,2026-08-21,parallax,4,8,6 12 13 15 16,8 9,1,0,0.23102026104721007,50.0,48.211760731864416,84.09090909090911,5c02cbbcf2b56de1197c33d561cb8e92468ebc042e8029409fd83c410a97ad50,observed,observed_history_forward_replay
10,2026-08-21,parallax,4,9,3 5 10 11 39,5 7,1,0,0.23102026104721007,50.0,64.35001221249934,85.0,fe969f24c4e606ab1de19723fede3a0e6ec62ed4aeba54338731bd5f37249ed0,observed,observed_history_forward_replay
10,2026-08-21,parallax,4,10,4 23 28 43 50,1 6,0,0,0.23102026104721007,50.0,97.78061906796923,81.36363636363637,ec64f11fd2183284021f45f3b09fe58f01e6aaac4f08edfaee735797d4a4d9b5,observed,observed_history_forward_replay
10,2026-08-21,parallax,4,11,14 21 33 35 44,11 12,1,1,0.23102026104721007,50.0,98.61429267460242,87.42424242424242,20aa556326218baaf1f0c2f38373f8b7fe32189e20ca0faab492b43720fb60bf,observed,observed_history_forward_replay
10,2026-08-21,parallax,4,12,19 38 41 47 48,2 4,1,1,0.23102026104721007,50.0,99.9390691327038,85.15151515151516,38b0761ab6af3b2efc58feb265323d4e1aa3d658b4f483699f38f0eab425db46,observed,observed_history_forward_replay
10,2026-08-21,coordinated_aggregation,5,1,37 44 45 48 50,5 11,1,0,0.23102026104721007,50.0,99.9997115784325,88.33333333333331,be7678071602c6926b62c1536d963b0b918a01448e8efb695c930514743f502e,observed,observed_history_forward_replay
10,2026-08-21,coordinated_aggregation,5,2,32 36 40 46 47,9 10,0,0,0.23102026104721007,50.0,99.99171873954674,79.54545454545455,ca1d75b1dec8891497266d157a05203f753dab2f172772507c770c29976efeaa,observed,observed_history_forward_replay
10,2026-08-21,coordinated_aggregation,5,3,33 34 38 39 49,1 3,0,0,0.23102026104721007,50.0,99.97286051933924,82.72727272727273,ad7264ec39c0eb6ee72dee291697b8d44bbb1f8cc64f8016a3f647bd9decbfa7,observed,observed_history_forward_replay
10,2026-08-21,coordinated_aggregation,5,4,9 24 35 42 43,4 12,0,2,0.23102026104721007,50.0,98.82158902229095,86.96969696969697,ed5604e3fae8bd99cd344f8835d539d722e5a06b06b2baf34487e0699cab6a4b,observed,observed_history_forward_replay
10,2026-08-21,coordinated_aggregation,5,5,8 26 29 30 31,2 8,0,0,0.23102026104721007,50.0,85.52093620734384,84.09090909090908,d47dc43c8373908edbdf77038bd367efcbbacc7d647c60e07541b9e08bf0e793,observed,observed_history_forward_replay
10,2026-08-21,coordinated_aggregation,5,6,20 22 41 45 49,6 7,1,0,0.23102026104721007,50.0,99.62223110121099,80.0,bf0b8bea231d5c587ae815f92ce9915688a763f44e36d5513c3b134067a76f2f,observed,observed_history_forward_replay
10,2026-08-21,coordinated_aggregation,5,7,2 17 19 25 27,3 10,1,0,0.23102026104721007,50.0,75.78207921534062,89.69696969696969,e7670d8343588f26bf7c477246c17d98962ce1cc3a1efbdca7a7ae1de46d60bc,observed,observed_history_forward_replay
10,2026-08-21,coordinated_aggregation,5,8,6 12 13 15 16,8 9,1,0,0.23102026104721007,50.0,48.211760731864416,84.09090909090911,0d0aac4e538b0960f0763c958e6ebc9270742abca5acb1ceef33297ca3cc7ba7,observed,observed_history_forward_replay
10,2026-08-21,coordinated_aggregation,5,9,3 5 10 11 39,5 7,1,0,0.23102026104721007,50.0,64.35001221249934,85.0,da80f4c47e935e94b6c962339e3beb0a5cb88be72fa76bd2bcf8c5358fa1fc91,observed,observed_history_forward_replay
10,2026-08-21,coordinated_aggregation,5,10,4 23 28 43 50,1 6,0,0,0.23102026104721007,50.0,97.78061906796923,81.36363636363637,947164c04603bf229962004cc124767cbc432447d5b05f8145f04e5bf6c44cf7,observed,observed_history_forward_replay
10,2026-08-21,coordinated_aggregation,5,11,14 21 33 35 44,11 12,1,1,0.23102026104721007,50.0,98.61429267460242,87.42424242424242,e4038d8d3bf2199905d2f06a8cad8bca1b2f8dce37348efb57b1d363bdc5075c,observed,observed_history_forward_replay
10,2026-08-21,coordinated_aggregation,5,12,19 38 41 47 48,2 4,1,1,0.23102026104721007,50.0,99.9390691327038,85.15151515151516,b8a405d7d451124ab08d131f3db3ff4d60ebfe6378af025ed3b4760415d7dee5,observed,observed_history_forward_replay
11,2026-08-25,uniform_random,7,1,2 25 37 39 41,7 11,0,0,0.0,0.0,99.33744018461714,85.9090909090909,48748c99138593e565151a2a36b5270f5855d58877a5d1a664517f6af368fe57,observed,observed_history_forward_replay
11,2026-08-25,uniform_random,7,2,19 32 37 38 48,1 3,1,0,0.0,0.0,99.90055213240983,86.66666666666666,915a15398c294ee8cbdd62c435d71ca9e20ed3c6cb4696ba46bd4a939fd4fdee,observed,observed_history_forward_replay
11,2026-08-25,uniform_random,7,3,6 9 12 21 27,4 9,0,2,0.0,0.0,0.0,86.06060606060606,408d9dde4558793f2d61b02e37242aa9d7d042503c7e6e741fe56d5aaf782267,observed,observed_history_forward_replay
11,2026-08-25,uniform_random,7,4,4 9 18 24 28,1 10,0,0,0.0,0.0,36.7133197228545,78.63636363636364,7ce611aefdb8f7d3bcd94f84688157607d8c13f29772d504ff352455e6584cf1,observed,observed_history_forward_replay
11,2026-08-25,uniform_random,7,5,11 18 19 38 50,8 9,0,1,0.0,0.0,98.01793889217831,78.63636363636364,1ded785c72b9cc8b00fd16fb6b913b92b459ce5e2048cab83ed77b9a3e5292a3,observed,observed_history_forward_replay
11,2026-08-25,uniform_random,7,6,8 11 23 27 29,1 5,1,0,0.0,0.0,66.37629187294486,87.42424242424242,7959525ba91049f976ee275ace1a2f0eb7ac357f2f1e2c2c9a3c9c0c75824832,observed,observed_history_forward_replay
11,2026-08-25,uniform_random,7,7,3 4 26 41 44,1 7,0,0,0.0,0.0,96.34109486485556,84.09090909090911,c7b4c0cf2e4f426a7b790795dff6217b6017f778fbc99df782808c179271e9d7,observed,observed_history_forward_replay
11,2026-08-25,uniform_random,7,8,12 17 30 33 39,8 11,1,0,0.0,0.0,97.86081105478381,83.78787878787878,7b48970d522d92025f6671b96f6f564b673be2bc967eaf9c31c5734456ac6b3f,observed,observed_history_forward_replay
11,2026-08-25,uniform_random,7,9,9 11 14 44 47,5 12,1,0,0.0,0.0,95.05576013315279,83.93939393939395,588d343f5b07e15d07887e6976c26388224545d9ee8d04aab55c657684ae1d55,observed,observed_history_forward_replay
11,2026-08-25,uniform_random,7,10,11 17 24 32 48,1 5,1,0,0.0,0.0,97.89319363651623,85.60606060606061,7eea0c2679094e3d402550af815d252eca372ae5e8658181095068f0bf621496,observed,observed_history_forward_replay
11,2026-08-25,uniform_random,7,11,8 13 20 24 44,3 9,1,1,0.0,0.0,92.19262903031108,87.72727272727273,f81f629f84b7b3df6a94df1809752101eda0032ad331d5dacefda16affd0b357,observed,observed_history_forward_replay
11,2026-08-25,uniform_random,7,12,17 20 32 33 39,1 10,0,0,0.0,0.0,99.50975439162887,85.45454545454545,656f7ab28de10f8fe8e18ade914b610962f52ea378407823139e9b8e78145316,observed,observed_history_forward_replay
11,2026-08-25,frequency,6,1,19 27 28 29 37,5 9,0,1,1.8172888572976942,72.72727272727273,94.77057388210724,88.93939393939394,5cf00986897f6c23436b9b39cf07e53d0a606f5ee3d5730debb984178eee8ad4,observed,observed_history_forward_replay
11,2026-08-25,frequency,6,2,2 5 10 37 45,4 7,0,1,1.8172888572976942,72.72727272727273,93.15660388541386,89.54545454545455,0d317f1167043b8b231ffd8eacd36274b4101e2bd876822530a04ed5333e1b7f,observed,observed_history_forward_replay
11,2026-08-25,frequency,6,3,15 19 25 30 36,2 4,1,1,1.8172888572976942,72.72727272727273,95.62981540502004,82.87878787878788,a1e27ed92d002490363f3db61601dea4d26defad3ca8f0de628728d5231b5eae,observed,observed_history_forward_replay
11,2026-08-25,frequency,6,4,6 19 37 41 42,6 9,0,1,1.8172888572976942,72.72727272727273,99.01168507563007,88.48484848484847,93b94e3ef5f9237750837190ecf01b12a97e8d073516e2436a0e41804d50688b,observed,observed_history_forward_replay
11,2026-08-25,frequency,6,5,12 29 31 35 44,5 8,0,0,1.8172888572976942,72.72727272727273,97.62613524051784,88.48484848484847,f16799d7617bb615ad655fd6d946f8e407eab0ecc659c78d09cb80feb57e6677,observed,observed_history_forward_replay
11,2026-08-25,frequency,6,6,4 27 31 40 45,8 10,0,0,1.8172888572976942,72.72727272727273,98.32453197866322,81.96969696969697,df22c80b82249da4830106ab51f13c77f2267ab13e8424672a3bf785350f09bb,observed,observed_history_forward_replay
11,2026-08-25,frequency,6,7,15 24 37 38 48,2 3,1,0,1.8172888572976942,72.72727272727273,99.64842077062686,85.45454545454545,ec8e87fec74f3318361a38d2b39396e0cb60956171915cec034504b6e56585f6,observed,observed_history_forward_replay
11,2026-08-25,frequency,6,8,18 23 24 25 26,3 6,0,0,1.8172888572976942,72.72727272727273,83.02004733850856,83.93939393939395,9f33f73ed56df4d6d765cff82d12d7c9c696aaa95c589f709b24c09b6eda2d5f,observed,observed_history_forward_replay
11,2026-08-25,frequency,6,9,15 20 22 46 47,3 5,1,0,1.8172888572976942,72.72727272727273,98.86252409538056,79.39393939393939,f87fbc18ff75859645cac9073edede741c1fe7c7eb190fa3f69a77ee7e32f33c,observed,observed_history_forward_replay
11,2026-08-25,frequency,6,10,8 20 29 42 44,9 11,1,1,1.8172888572976942,72.72727272727273,97.31851517290262,91.51515151515153,30e1917ccd7b6ed68fa75309cfb57b19bdd252f6900c2b196e0f748be9fe5483,observed,observed_history_forward_replay
11,2026-08-25,frequency,6,11,6 9 10 13 29,6 10,0,0,1.8172888572976942,72.72727272727273,24.770044462148533,88.03030303030303,1efde76f5ba403710a32d497e722c64f65670eff96a3b9bd580d52fd58d07dfa,observed,observed_history_forward_replay
11,2026-08-25,frequency,6,12,25 39 41 43 50,1 6,0,0,1.8172888572976942,72.72727272727273,99.93678449572853,81.66666666666667,d16797f3c493b3e47d4157cbebbc9e567da0e0690ac814161ebfb54da19462b5,observed,observed_history_forward_replay
11,2026-08-25,unpopularity,1,1,40 44 46 48 50,11 12,1,0,4.674929397093441,100.0,99.99939697091389,84.24242424242424,747167eacd486f54fa14b05fc0bcd3df4b62fa0db9ffb12f87aac202a5a4f976,observed,observed_history_forward_replay
11,2026-08-25,unpopularity,1,2,40 44 45 47 50,4 6,1,1,4.674929397093441,100.0,99.99877543561423,83.33333333333334,d7685c36b86614ddaf532ba27a4265cafa99d1530313522b1d7313398965575b,observed,observed_history_forward_replay
11,2026-08-25,unpopularity,1,3,39 41 45 46 50,1 12,0,0,4.674929397093441,100.0,99.9971368625991,84.54545454545455,8741c10f6227ae34b3be9f5ed5185d68ed3bcaa115e448cf4b7a699a59fc5bb7,observed,observed_history_forward_replay
11,2026-08-25,unpopularity,1,4,37 39 43 48 50,9 12,1,1,4.674929397093441,100.0,99.9957338694507,84.24242424242424,462eacfc08c2de90e7086c66fdbd9542349d8ae203a66ae361e4278fb52a8dc4,observed,observed_history_forward_replay
11,2026-08-25,unpopularity,1,5,34 41 45 47 50,5 8,1,0,4.674929397093441,100.0,99.9957338694507,85.0,893bdf8d3fedfa0cadc970f576dcc1d07edbc1c966cd5fe296da03545a04bf89,observed,observed_history_forward_replay
11,2026-08-25,unpopularity,1,6,33 39 47 48 50,4 9,2,2,4.674929397093441,100.0,99.9957338694507,82.72727272727273,186390524eef1e4c3378961f541e3c4d346b0ba429688b7b0f215862bc5abcf5,observed,observed_history_forward_replay
11,2026-08-25,unpopularity,1,7,38 39 45 46 48,8 12,1,0,4.674929397093441,100.0,99.9953696669,86.36363636363636,c33049a29b2ed7d3da63953786edb8f9667da5ed23cd632c0010a56f4083ebcc,observed,observed_history_forward_replay
11,2026-08-25,unpopularity,1,8,37 40 43 44 50,7 8,0,0,4.674929397093441,100.0,99.99462453864302,81.81818181818181,b962604e121e39e0e07a435412de43b50b074bae2e45565e68ce1cb8a669990f,observed,observed_history_forward_replay
11,2026-08-25,unpopularity,1,9,34 40 44 45 50,2 6,0,0,4.674929397093441,100.0,99.9942434427298,85.3030303030303,325d351f44b8eda55a407f1f64b836acdd254071f00d8fcf7db3e22db2cb0d2b,observed,observed_history_forward_replay
11,2026-08-25,unpopularity,1,10,34 40 45 46 47,4 5,1,1,4.674929397093441,100.0,99.99385654332548,84.24242424242424,c4c618cbd67b819b41a63edea4527a30b1967e68fe611b3a97bfefb135d7fadd,observed,observed_history_forward_replay
11,2026-08-25,unpopularity,1,11,36 38 45 46 47,9 10,1,1,4.674929397093441,100.0,99.99385654332548,82.27272727272727,96eaea4c228e109fd1b0526503760a1ec43533e103999e9098ff7e6dd6160e5f,observed,observed_history_forward_replay
11,2026-08-25,unpopularity,1,12,33 37 46 47 48,2 10,2,0,4.674929397093441,100.0,99.99346375205207,84.3939393939394,328acf844cde7427504c2db62395c3b440fd8399e85e654114470cbf55390020,observed,observed_history_forward_replay
11,2026-08-25,gingerm,3,1,7 9 39 42 44,1 2,0,0,2.7299350057746974,90.9090909090909,97.77101092309728,89.69696969696969,3e44ae217e492717b05083834db009531ddd2b6569cbfa97afa15cd54d92abd9,observed,observed_history_forward_replay
11,2026-08-25,gingerm,3,2,10 12 13 24 35,1 2,0,0,2.7299350057746974,90.9090909090909,79.40042541425785,89.0909090909091,4df9ddbbdf4fc76b8443767019a345f78e77352008c0c1b38291b38ba46802ed,observed,observed_history_forward_replay
11,2026-08-25,gingerm,3,3,7 25 31 34 39,1 2,0,0,2.7299350057746974,90.9090909090909,97.01708341979443,85.75757575757576,77a7059c2d42659e98f52cb457351cb5aa7a13d587dc887e14fd82789756d2ad,observed,observed_history_forward_replay
11,2026-08-25,gingerm,3,4,29 30 31 35 47,1 2,2,0,2.7299350057746974,90.9090909090909,98.77493781241844,84.84848484848484,93821e45fe570650599932fd550c9f1d031631f3e704d183fb9f2b191a93bc2b,observed,observed_history_forward_replay
11,2026-08-25,gingerm,3,5,29 30 31 38 44,1 2,1,0,2.7299350057746974,90.9090909090909,99.18984182059431,84.54545454545453,548c44805604d54cb54f861b25b90cfe1a168b49723d007a50131cbfb8d4d37b,observed,observed_history_forward_replay
11,2026-08-25,gingerm,3,6,3 12 21 29 39,1 2,0,0,2.7299350057746974,90.9090909090909,82.29267490498779,87.57575757575758,cbb743eb4f750922260a5aedb3b310f070bceb8d4c315e34728236c9396932d5,observed,observed_history_forward_replay
11,2026-08-25,gingerm,3,7,21 27 35 45 47,1 2,1,0,2.7299350057746974,90.9090909090909,99.3333790889822,89.24242424242424,4fa08b79a9a04da00ccd7735722cf0029eafd1c60f7e051e228b696f11725263,observed,observed_history_forward_replay
11,2026-08-25,gingerm,3,8,2 7 13 34 47,1 2,1,0,2.7299350057746974,90.9090909090909,93.09775411966442,87.12121212121214,85e4797ce73dbb572723475cfeaf284bba7613699ac792cab3b666ca43b68c66,observed,observed_history_forward_replay
11,2026-08-25,gingerm,3,9,11 13 27 32 41,1 2,0,0,2.7299350057746974,90.9090909090909,97.61989653561984,84.09090909090911,185e8b696d2d2f5c2f635f9a04bc3426f259486fa9ac27b7cdb0b51ac659752a,observed,observed_history_forward_replay
11,2026-08-25,gingerm,3,10,6 23 27 44 46,1 2,0,0,2.7299350057746974,90.9090909090909,98.2987180011259,88.7878787878788,eca8c65ddd2b961cb55bcc55fd0adf0e0bac23ae02bdab99ae43e3bacb247c0c,observed,observed_history_forward_replay
11,2026-08-25,gingerm,3,11,20 30 42 43 46,1 2,1,0,2.7299350057746974,90.9090909090909,99.6017986775035,85.45454545454545,328daa6d8d97aa3729750ad322c265550e625a59483d01bcd3ad7081e0369267,observed,observed_history_forward_replay
11,2026-08-25,gingerm,3,12,9 12 30 32 38,1 2,1,0,2.7299350057746974,90.9090909090909,96.50415922911651,81.51515151515152,1c813b640c3afdbd7054dfcc82537952c30cdebaec5611d7ab0b15697f1febdf,observed,observed_history_forward_replay
11,2026-08-25,spectral_contrarian,2,1,6 18 25 37 49,3 8,0,0,3.21924539209939,100.0,96.97135905811191,80.75757575757576,68129450c3f6ef9574d62e555b243bd5e1bcf83e2ff349ef9b92b00ae99ac340,observed,observed_history_forward_replay
11,2026-08-25,spectral_contrarian,2,2,4 15 22 34 42,7 12,0,0,3.21924539209939,100.0,96.01832100581065,81.81818181818181,79f296c8b7fa8922d32bd57f2cd459fbf67a7dbb9aaeebf88d1c157d5741bd88,observed,observed_history_forward_replay
11,2026-08-25,spectral_contrarian,2,3,1 8 20 32 39,4 11,1,1,3.21924539209939,100.0,95.19100679247518,83.33333333333334,6cdaff71c67fe08968879d982acc94aa232ec214cc66a5017585a113e3ab49a2,observed,observed_history_forward_replay
11,2026-08-25,spectral_contrarian,2,4,5 17 24 36 48,3 7,1,0,3.21924539209939,100.0,97.82793533728893,86.51515151515153,9af2631972636a4f7893129fcb8ecc9f1c8ca0f16cd5eea671a7cdd1ad6b2c39,observed,observed_history_forward_replay
11,2026-08-25,spectral_contrarian,2,5,2 14 22 33 41,7 11,0,0,3.21924539209939,100.0,95.70422962933894,77.72727272727273,147da1dcb2986766e0231aceea2b2a407fdcecde7a6ffe74ffbe17874b5d9531,observed,observed_history_forward_replay
11,2026-08-25,spectral_contrarian,2,6,7 19 31 38 50,3 11,0,0,3.21924539209939,100.0,97.39894145752451,83.03030303030303,8bbd42f727d9bb1ed5d291e3331b6690704fcb2b9c06ad47517cf0fdfc2d76e0,observed,observed_history_forward_replay
11,2026-08-25,spectral_contrarian,2,7,4 16 23 35 47,3 7,2,0,3.21924539209939,100.0,96.47401433423659,85.60606060606061,cfc2ba20a311c16591bf06d84b396f97aaa2cc6f32ac9a89a035e788700abc7e,observed,observed_history_forward_replay
11,2026-08-25,spectral_contrarian,2,8,1 13 21 32 40,7 11,0,0,3.21924539209939,100.0,95.36548309530902,82.42424242424242,2c3a4f2b4860f557faa2dd668f08642a821b2248ea7bc4205ff32e5359857d73,observed,observed_history_forward_replay
11,2026-08-25,spectral_contrarian,2,9,3 15 22 34 46,2 7,0,0,3.21924539209939,100.0,97.47034555280571,80.15151515151516,47fa69234ee5933776e70ca7148634273e6ddd6767e899e4e592219bad16057a,observed,observed_history_forward_replay
11,2026-08-25,spectral_contrarian,2,10,12 19 31 39 50,6 11,0,0,3.21924539209939,100.0,98.42397343932724,84.3939393939394,6b0f6671aba3cc2178b5e4b9b7ab513d7db7800e4fb7b76ac5b8a9085d9ba12a,observed,observed_history_forward_replay
11,2026-08-25,spectral_contrarian,2,11,2 14 21 33 45,2 7,0,0,3.21924539209939,100.0,93.83346287340346,86.06060606060606,a4cf893a1387960a8e51103c986663d3c9c0193f12e457751dbff2f02a2ba74c,observed,observed_history_forward_replay
11,2026-08-25,spectral_contrarian,2,12,11 18 30 38 49,6 11,1,0,3.21924539209939,100.0,97.43825208321584,76.51515151515152,a12cb6578701eece60d2cff8d5fdca22dffabefb8a592b2dc08e6a53aec8961b,observed,observed_history_forward_replay
11,2026-08-25,parallax,4,1,39 46 47 48 50,3 9,2,1,1.9338379542015116,54.54545454545454,100.0,84.69696969696969,d4d22f5cd5934b2157ee81006419ea4f1dfe359835c2317cec133a02e71c1289,observed,observed_history_forward_replay
11,2026-08-25,parallax,4,2,32 37 43 44 45,7 11,0,0,1.9338379542015116,54.54545454545454,99.98919135413932,86.06060606060606,b7a1825e7e41c7377bd0f7d720d1a63d21f68eb39a3aa1978795d69bed3409da,observed,observed_history_forward_replay
11,2026-08-25,parallax,4,3,35 40 41 42 49,2 4,0,1,1.9338379542015116,54.54545454545454,99.92576414169869,85.75757575757576,7391ae8cbb87c7e33bcdba92e6ac5129303ab703b152af7cbe148de80f431fad,observed,observed_history_forward_replay
11,2026-08-25,parallax,4,4,10 30 31 33 34,5 12,1,0,1.9338379542015116,54.54545454545454,98.07753983555875,84.09090909090908,8a260e3140207f1bfa4ad36af1af94ddea14b23d5acc5b76209f80698dcad8b4,observed,observed_history_forward_replay
11,2026-08-25,parallax,4,5,14 17 18 24 38,1 6,0,0,1.9338379542015116,54.54545454545454,91.88325205610596,82.57575757575758,696cb83d7e10217c317801dbe676f09d105183611095d58fe4a4e4ddf45d6567,observed,observed_history_forward_replay
11,2026-08-25,parallax,4,6,6 19 20 21 26,8 10,0,0,1.9338379542015116,54.54545454545454,60.5516446253498,87.57575757575758,1c686f9764fc6c6aab866a6bc1855f19059aa783844de9ee83398c3178660217,observed,observed_history_forward_replay
11,2026-08-25,parallax,4,7,4 16 23 27 29,5 11,1,0,1.9338379542015116,54.54545454545454,76.34914441227379,87.57575757575758,d17409ae921a6ca48c1e298c92763c0d225d3302f79472f0b3bae949c899ae2f,observed,observed_history_forward_replay
11,2026-08-25,parallax,4,8,8 22 28 33 36,4 10,1,1,1.9338379542015116,54.54545454545454,96.57958563132976,74.54545454545455,74b2c45e0693e4d4312ffee948371b632823239e2933dc71c333cc256454c8c6,observed,observed_history_forward_replay
11,2026-08-25,parallax,4,9,9 12 13 25 41,2 8,0,0,1.9338379542015116,54.54545454545454,87.4651779213218,85.0,33f9ff7ee4438e5af87f7da4162625461abc195dba773a5262475547aef34dca,observed,observed_history_forward_replay
11,2026-08-25,parallax,4,10,5 11 15 37 50,3 7,0,0,1.9338379542015116,54.54545454545454,96.34109486485556,82.57575757575758,4b187187d27335e224b82c3a43886a7bd6f7eaa6dc85cdb2441149de25477f90,observed,observed_history_forward_replay
11,2026-08-25,parallax,4,11,1 3 38 40 46,9 12,0,1,1.9338379542015116,54.54545454545454,98.80327841654993,78.93939393939394,ef905ed087113f20502064dabd7de43afae314f18dc38cd3de2304f5a6a0ab9d,observed,observed_history_forward_replay
11,2026-08-25,parallax,4,12,7 25 34 40 47,1 6,1,0,1.9338379542015116,54.54545454545454,99.12647764490006,83.33333333333334,76997bae2a0d5ef13a917df2b513d39bb9605940deac70a0733e92ef973dd98a,observed,observed_history_forward_replay
11,2026-08-25,coordinated_aggregation,5,1,39 46 47 48 50,3 9,2,1,1.9338379542015116,54.54545454545454,100.0,84.69696969696969,2c42095053d1fdc3a6183ec892e3d03cc65e88c32a4733326b36ac9d923bb193,observed,observed_history_forward_replay
11,2026-08-25,coordinated_aggregation,5,2,32 37 43 44 45,7 11,0,0,1.9338379542015116,54.54545454545454,99.98919135413932,86.06060606060606,85290919c34ab46b0aa50df8974df8746f55f41de20321dbda7bb10206eebeb9,observed,observed_history_forward_replay
11,2026-08-25,coordinated_aggregation,5,3,35 40 41 42 49,2 4,0,1,1.9338379542015116,54.54545454545454,99.92576414169869,85.75757575757576,614190065dd4c4d98a5199d69039021d2660498133c77494604f74d0f1a6e441,observed,observed_history_forward_replay
11,2026-08-25,coordinated_aggregation,5,4,10 30 31 33 34,5 12,1,0,1.9338379542015116,54.54545454545454,98.07753983555875,84.09090909090908,6af2fb960ce990e4552408116ecfc007799e49d85c0832361acf6ccfabbf77c0,observed,observed_history_forward_replay
11,2026-08-25,coordinated_aggregation,5,5,14 17 18 24 38,1 6,0,0,1.9338379542015116,54.54545454545454,91.88325205610596,82.57575757575758,d400697178d1a855224e5283ed301f017c694429e0e16db07ee8e8a02aa6c5ac,observed,observed_history_forward_replay
11,2026-08-25,coordinated_aggregation,5,6,6 19 20 21 26,8 10,0,0,1.9338379542015116,54.54545454545454,60.5516446253498,87.57575757575758,49be5004c361f5399424e937b0f51ed89b30cae4538cf917691159dc070bc703,observed,observed_history_forward_replay
11,2026-08-25,coordinated_aggregation,5,7,4 16 23 27 29,5 11,1,0,1.9338379542015116,54.54545454545454,76.34914441227379,87.57575757575758,f031dc194fcd3b224a163bb2ccefaf0985ea36c1fa07ede03676da5ca5170fff,observed,observed_history_forward_replay
11,2026-08-25,coordinated_aggregation,5,8,8 22 28 33 36,4 10,1,1,1.9338379542015116,54.54545454545454,96.57958563132976,74.54545454545455,b05ac24befca92642b80ad5a2bfae1d0ea29a36a100ad8be418034bc57a828f9,observed,observed_history_forward_replay
11,2026-08-25,coordinated_aggregation,5,9,9 12 13 25 41,2 8,0,0,1.9338379542015116,54.54545454545454,87.4651779213218,85.0,96528f2ba64f97dd641e580fa0906e8ada98afde856c4aebc2be917440f8031b,observed,observed_history_forward_replay
11,2026-08-25,coordinated_aggregation,5,10,5 11 15 37 50,3 7,0,0,1.9338379542015116,54.54545454545454,96.34109486485556,82.57575757575758,f567b16951fe4f9d0cd695226386a4d890e01fe912bca4b77d840f79196f5ff0,observed,observed_history_forward_replay
11,2026-08-25,coordinated_aggregation,5,11,1 3 38 40 46,9 12,0,1,1.9338379542015116,54.54545454545454,98.80327841654993,78.93939393939394,b3ae03a8c7361ab0ba483bd391cd291c499706703594ff7099aed8cf2b3b1c75,observed,observed_history_forward_replay
11,2026-08-25,coordinated_aggregation,5,12,7 25 34 40 47,1 6,1,0,1.9338379542015116,54.54545454545454,99.12647764490006,83.33333333333334,8f811709297f749d60a178e7f8fb445628308bc7264395b4630620681dfe73fe,observed,observed_history_forward_replay
12,2026-08-28,uniform_random,5,1,3 12 16 22 23,7 12,0,0,0.0,0.0,75.24458192787047,80.90909090909092,dac3e4c3b0d21ccb31770963e71529f408899205de8f701634f0c6fc46e44f15,observed,observed_history_forward_replay
12,2026-08-28,uniform_random,5,2,9 21 36 44 47,4 10,0,0,0.0,0.0,99.5670021470504,85.30303030303031,d0859d1c070b9e01c1ecc9f27606d72fe9433b004dc5a7e53e0818d5f4d2a044,observed,observed_history_forward_replay
12,2026-08-28,uniform_random,5,3,4 8 20 32 40,2 9,0,1,0.0,0.0,97.61131219478253,80.75757575757576,8abbe8c38e1732279325d636692fd291145eaaa93e4e0038cd6595be8dcd654c,observed,observed_history_forward_replay
12,2026-08-28,uniform_random,5,4,1 34 35 37 40,5 10,0,0,0.0,0.0,99.81228940438697,84.09090909090908,d6f1015259c8885e80b087dbd005e082cb92cc454711d95197a87c2cf28078a4,observed,observed_history_forward_replay
12,2026-08-28,uniform_random,5,5,8 12 15 16 43,7 9,0,1,0.0,0.0,92.75414979870455,82.57575757575758,98521e02e2edc7c5a8b7df687e5fd9106693197a9a47e5211802e74628c2ab53,observed,observed_history_forward_replay
12,2026-08-28,uniform_random,5,6,3 28 34 38 46,1 9,1,1,0.0,0.0,99.50995721323314,83.78787878787878,4e36b7f7fc8c39cd03e0effc6d1cec1ebd4b1c3792d25af7325111f30965c85a,observed,observed_history_forward_replay
12,2026-08-28,uniform_random,5,7,8 11 21 25 47,3 8,0,0,0.0,0.0,91.71840456100155,83.63636363636363,ee8bfb3361c7e364162b966cf1ee66806319880748ae3b976b984138c8867c94,observed,observed_history_forward_replay
12,2026-08-28,uniform_random,5,8,3 14 34 37 49,9 10,1,1,0.0,0.0,99.11010265375818,86.2121212121212,44d4be7941b981509d0491a0b6de2ab945c37a25fffa0c39f02a6ab9c2602bf9,observed,observed_history_forward_replay
12,2026-08-28,uniform_random,5,9,3 18 26 38 45,1 11,1,0,0.0,0.0,98.85383048236734,81.36363636363637,621069978c1aca1bb61bcfebe39685d9736e2260e8ad7e77d0f7b4c8723cdbce,observed,observed_history_forward_replay
12,2026-08-28,uniform_random,5,10,9 11 28 29 33,5 8,1,0,0.0,0.0,91.46391957447302,81.36363636363637,1c8849ad0459da6cd489a1eadbd6954a9ac6ae522e7a82ae3e936e72c75bf516,observed,observed_history_forward_replay
12,2026-08-28,uniform_random,5,11,8 10 15 18 29,6 10,0,1,0.0,0.0,76.69745690338115,85.0,a6165b94e6c0489bc0f38e7a427c5afcd82b716899276f44f671591e2ad30399,observed,observed_history_forward_replay
12,2026-08-28,uniform_random,5,12,6 19 37 41 44,4 10,0,0,0.0,0.0,99.66667502258706,87.12121212121211,cbfa10f0620463ef083cfc90c6034ba9e15ddd3192f2addc428075e74a31fb85,observed,observed_history_forward_replay
12,2026-08-28,frequency,3,1,3 24 30 42 46,4 9,1,1,1.4465493997966705,75.0,98.62736110886196,86.06060606060606,4b95fd65b9d5f14a9fc20495098e3177dadfec6c48fe6bd7d1870e26c990b99c,observed,observed_history_forward_replay
12,2026-08-28,frequency,3,2,18 22 33 40 43,1 11,0,0,1.4465493997966705,75.0,99.79627756768473,70.0,df9986a7338757b995d81475fb2f8a58fdc22b235aa6793c528c9db4b8db791f,observed,observed_history_forward_replay
12,2026-08-28,frequency,3,3,24 34 41 42 48,3 10,1,0,1.4465493997966705,75.0,99.93567547994986,90.15151515151516,2baba24ae6a276922c717f6ee28dd70dc981d3369593cecd7eaa33f42f0a2c70,observed,observed_history_forward_replay
12,2026-08-28,frequency,3,4,8 13 41 43 45,9 12,1,1,1.4465493997966705,75.0,99.68193193822044,84.3939393939394,16c572623076e1d26fa54249869aec0b700b9a9e70bd5012b3d7694198f71596,observed,observed_history_forward_replay
12,2026-08-28,frequency,3,5,4 25 36 39 41,3 4,0,0,1.4465493997966705,75.0,99.65611258288396,81.06060606060606,d9477fbbc37dc0576a5408bc31b2068e9c344fae91d02be6bbd4bd320713a13e,observed,observed_history_forward_replay
12,2026-08-28,frequency,3,6,10 11 26 38 50,4 9,0,1,1.4465493997966705,75.0,98.50891804090534,82.87878787878788,3d423e634f3cb21301947214944591d7cc395d38ab7e9d7eb3fe127fa84496bb,observed,observed_history_forward_replay
12,2026-08-28,frequency,3,7,10 28 30 38 42,2 5,2,0,1.4465493997966705,75.0,98.02760644686964,86.81818181818181,0e6a97bcae2bf493f8edd82e85cf6cdbe5eccfb2861a2204dff18a3bb73ffb20,observed,observed_history_forward_replay
12,2026-08-28,frequency,3,8,2 5 10 11 13,2 5,0,0,1.4465493997966705,75.0,17.625758530993973,86.66666666666666,ce4210c60ed1cb9a2a7aefbca91257663c9f8df03072a9fd3d8c908a3c7a7b00,observed,observed_history_forward_replay
12,2026-08-28,frequency,3,9,19 24 29 31 32,6 9,0,2,1.4465493997966705,75.0,98.01848981900415,86.2121212121212,51dc1b35ad5c6cc105e73f53bc6bde5a930661803280f414473cfebf51d6ffd9,observed,observed_history_forward_replay
12,2026-08-28,frequency,3,10,6 28 39 40 42,5 7,2,0,1.4465493997966705,75.0,99.32464407068284,83.93939393939395,66570f4a5dfe9a250594b9194648a8c926ff5cb7a57d9d1fcfcb2eda8ed0749c,observed,observed_history_forward_replay
12,2026-08-28,frequency,3,11,3 9 39 41 44,1 9,0,1,1.4465493997966705,75.0,99.44185163081282,85.60606060606061,50248f094d84dce4928d1f0f4774783f288db9e1957543bfb656bbf4497e43be,observed,observed_history_forward_replay
12,2026-08-28,frequency,3,12,5 7 32 37 44,6 12,1,1,1.4465493997966705,75.0,99.00297834593943,87.27272727272727,23c8d68bbf31a143a3a5b9b357c4538f055607e784fa77bef6f5eedcc145594b,observed,observed_history_forward_replay
12,2026-08-28,unpopularity,1,1,40 43 46 48 50,1 11,0,0,3.996320370006512,100.0,100.0,80.90909090909089,17bc16c5594ba8378be67c9f93cc03f6790b7945c44984b64ff335af8cc90ebb,observed,observed_history_forward_replay
12,2026-08-28,unpopularity,1,2,38 43 47 48 50,5 7,0,0,3.996320370006512,100.0,99.99983470349527,81.66666666666667,e53a923cccf7d4d0fd7abb646929fc9d4589765f2ee9d21fc31497397e3ec61a,observed,observed_history_forward_replay
12,2026-08-28,unpopularity,1,3,39 41 47 48 50,2 7,0,0,3.996320370006512,100.0,99.99966688978486,84.54545454545455,8b6ff198d6bee49ccfcb4622d93965b4d2f7e2ee51db89f79b5a908b82b2ddf0,observed,observed_history_forward_replay
12,2026-08-28,unpopularity,1,4,33 44 46 48 50,10 12,0,0,3.996320370006512,100.0,99.99896968741535,84.84848484848484,47a825d209ed6306c371477349d797575ffe065b863386d18c23e397b2862e69,observed,observed_history_forward_replay
12,2026-08-28,unpopularity,1,5,36 40 46 47 50,5 10,0,0,3.996320370006512,100.0,99.9986049581869,78.93939393939394,b4813d7fdc3bc1769db8f6d530e81bdff213cfd9fdd3093f9d2f72c1512f0859,observed,observed_history_forward_replay
12,2026-08-28,unpopularity,1,6,34 44 45 46 50,1 6,1,1,3.996320370006512,100.0,99.9986049581869,87.72727272727273,d3e8b1ad5ab1142f1c8c8db845c8df782e37e80acbb62bedceb1b7f86fe0ffbb,observed,observed_history_forward_replay
12,2026-08-28,unpopularity,1,7,38 41 44 45 50,7 8,1,0,3.996320370006512,100.0,99.99841841739058,84.69696969696969,f2ea9948b49fd04b04a6f4318f95e1dc4ecc9eb494c04f5afb3cdac0ce6bd6ce,observed,observed_history_forward_replay
12,2026-08-28,unpopularity,1,8,32 39 46 48 50,1 9,0,1,3.996320370006512,100.0,99.99784157696722,85.0,f4e5cdfcc62f52cd1b359280bfd6e0319e303ff26637fe2979671004fcca55c1,observed,observed_history_forward_replay
12,2026-08-28,unpopularity,1,9,34 36 46 48 50,6 8,0,1,3.996320370006512,100.0,99.9976434110762,84.69696969696969,71596a718f414b9f14cbbb749e9255297f0559c2d36b7e38b76fb0816ecc0b14,observed,observed_history_forward_replay
12,2026-08-28,unpopularity,1,10,36 38 45 46 48,3 9,1,1,3.996320370006512,100.0,99.99744222743048,84.3939393939394,8cbec6c0ee8d94b7ed77d819b82a475c05f5e25c5aa43784c191f2f23ca166e1,observed,observed_history_forward_replay
12,2026-08-28,unpopularity,1,11,34 40 45 46 47,1 4,1,0,3.996320370006512,100.0,99.99723798007444,84.3939393939394,bd41b343360e51645e6d428cc9844024fe9c1d349285e6702688d1efe26261e6,observed,observed_history_forward_replay
12,2026-08-28,unpopularity,1,12,36 41 44 45 46,8 9,1,1,3.996320370006512,100.0,99.99723798007444,85.30303030303031,5a0a0d49bc988caea7ac8841c1d145005ba9fe9fad594b51ead14e5de0f2f01e,observed,observed_history_forward_replay
12,2026-08-28,gingerm,4,1,1 5 19 29 35,1 2,0,0,0.8518418179191412,91.66666666666666,88.2713556804017,87.57575757575758,5587a77616945ff1b00d81f757bef0ce054e1dd4c4aa542e05ee92a4c451d398,observed,observed_history_forward_replay
12,2026-08-28,gingerm,4,2,25 30 34 39 45,1 2,1,0,0.8518418179191412,91.66666666666666,99.84489620357922,86.36363636363636,43b1a8dabdaa2968b822c1048fa90ac4d7974dd98bfa446934d233e170513796,observed,observed_history_forward_replay
12,2026-08-28,gingerm,4,3,7 28 39 42 48,1 2,3,0,0.8518418179191412,91.66666666666666,99.11244436311961,89.0909090909091,851adbf62f0553e7beb56dc535b541a58f74fc58f8486a111d4c09fb97c4f415,observed,observed_history_forward_replay
12,2026-08-28,gingerm,4,4,2 10 25 39 42,1 2,1,0,0.8518418179191412,91.66666666666666,97.09794564159695,90.75757575757576,bb6d09fae6ee002d775f44c9db2e00e43af7462d99fc1daa7edf1807826bc627,observed,observed_history_forward_replay
12,2026-08-28,gingerm,4,5,12 17 30 32 39,1 2,0,0,0.8518418179191412,91.66666666666666,98.85383048236734,85.45454545454545,bbaf5f1579cb8053443607d994d1aea36d68bfbbcc4b313983ef88c76b05c6c6,observed,observed_history_forward_replay
12,2026-08-28,gingerm,4,6,10 21 22 26 32,1 2,0,0,0.8518418179191412,91.66666666666666,93.9974752757887,82.72727272727273,774fbaf7c900eef16fef0400c70aff5c8070d993490a8b60c6937d8a55eaab3f,observed,observed_history_forward_replay
12,2026-08-28,gingerm,4,7,2 10 26 33 42,1 2,1,0,0.8518418179191412,91.66666666666666,96.8692917163108,88.7878787878788,8dd0ae92aec8d639a8a8b05ee1e9e3e965b9183a4b1b08c4fefa7853b1d92609,observed,observed_history_forward_replay
12,2026-08-28,gingerm,4,8,12 17 30 37 45,1 2,1,0,0.8518418179191412,91.66666666666666,99.03104665665019,87.42424242424242,1c53f89693bfaadcf993bf04cdc2b7d29f7067dceb960d6adf5091c25ce10e4e,observed,observed_history_forward_replay
12,2026-08-28,gingerm,4,9,2 10 26 29 34,1 2,0,0,0.8518418179191412,91.66666666666666,93.48266031507676,90.6060606060606,c5d0906984dc462b975f37e2446db2cffb593b9874660fec495d47fd82859519,observed,observed_history_forward_replay
12,2026-08-28,gingerm,4,10,2 10 26 27 31,1 2,0,0,0.8518418179191412,91.66666666666666,81.70520011603276,88.03030303030303,c7b449d5999adbf945a0ce19704bf1742dc093f87b477f9d1b68fb2aa87f7c86,observed,observed_history_forward_replay
12,2026-08-28,gingerm,4,11,2 10 25 44 48,1 2,0,0,0.8518418179191412,91.66666666666666,98.36635337062539,90.6060606060606,105bfe0e53f027e9d640fa85ab9ff1b41c69c63e153b99b0adb9c47452491f24,observed,observed_history_forward_replay
12,2026-08-28,gingerm,4,12,2 10 25 45 46,1 2,1,0,0.8518418179191412,91.66666666666666,98.34131020666825,88.48484848484847,3c7cf808d37f24ff922ddd20ee899c311fe935c2f6e2ea19557323e72c54ae30,observed,observed_history_forward_replay
12,2026-08-28,spectral_contrarian,2,1,6 18 25 37 49,3 8,0,0,2.5390647029541524,100.0,98.40163686736446,80.75757575757576,e0abe9d83f97db5bca50bf3d0cce19c5107b3dcece23457ba4bb52d47ea86ab3,observed,observed_history_forward_replay
12,2026-08-28,spectral_contrarian,2,2,4 15 22 34 42,7 12,1,0,2.5390647029541524,100.0,97.89852029434954,81.81818181818181,0b666d0b34ffe05d1914c38e70d10a430f4ae00a1ef64d065a7b12accdb1ed7d,observed,observed_history_forward_replay
12,2026-08-28,spectral_contrarian,2,3,1 8 20 32 39,4 11,0,0,2.5390647029541524,100.0,97.46177436294124,83.48484848484847,da417e2ca6e34bd53b6ab0b725f3e320afeb0e0bab1f0f40cb688c91c70ec7ff,observed,observed_history_forward_replay
12,2026-08-28,spectral_contrarian,2,4,5 17 24 36 48,3 7,0,0,2.5390647029541524,100.0,98.85383048236734,86.66666666666666,0712113315ce5f3b19ad5df72f80824da3587e6a73fafd2db2e45acceba03cb2,observed,observed_history_forward_replay
12,2026-08-28,spectral_contrarian,2,5,2 14 22 33 41,7 11,1,0,2.5390647029541524,100.0,97.73270889095132,77.72727272727273,21b5ff6c6e7bdce54973466edfdce6ccffb7a2351e7f3622fcf9ee6134c30ec5,observed,observed_history_forward_replay
12,2026-08-28,spectral_contrarian,2,6,7 19 31 38 50,3 11,1,0,2.5390647029541524,100.0,98.62736110886196,83.03030303030303,004cea0c5c4eb809c53988e9d575e0787062039b1992d29203f5fc0a536c9eb4,observed,observed_history_forward_replay
12,2026-08-28,spectral_contrarian,2,7,4 16 23 35 47,3 7,0,0,2.5390647029541524,100.0,98.13908452490656,85.9090909090909,85427aaa5e57eae0a0d0b93474bb34bbc07167a96ebccae326d35e5ed5c33cc5,observed,observed_history_forward_replay
12,2026-08-28,spectral_contrarian,2,8,1 13 21 32 40,7 11,0,0,2.5390647029541524,100.0,97.55388182847435,82.42424242424242,2c8a9d0fbe06842926a49b7c7b2dd227db89c9ea7d2a93f8204959c5ec88d3a6,observed,observed_history_forward_replay
12,2026-08-28,spectral_contrarian,2,9,3 15 22 34 46,2 7,0,0,2.5390647029541524,100.0,98.66505591404876,80.15151515151516,69f6faf973a6cb4405d4b594bbc885f04062a0eec02cf36e1ded4638fd5b4e3a,observed,observed_history_forward_replay
12,2026-08-28,spectral_contrarian,2,10,12 19 31 39 50,6 11,0,1,2.5390647029541524,100.0,99.16848386536682,84.3939393939394,4c9708760f34bd7ecdb627703f619ac17c5cf9d4b970555973697bd1a524a062,observed,observed_history_forward_replay
12,2026-08-28,spectral_contrarian,2,11,2 14 21 33 45,2 7,2,0,2.5390647029541524,100.0,96.74511583851887,86.06060606060606,6619715211c398d95fb03f3efa05527c19e43900dc1b2416ea74d32636ade664,observed,observed_history_forward_replay
12,2026-08-28,spectral_contrarian,2,12,11 18 30 37 49,6 11,0,1,2.5390647029541524,100.0,98.62736110886196,78.63636363636364,b30f3190c936866109a21cc057799b3ec8910a1f4f8fc4ad71704189142190c6,observed,observed_history_forward_replay
12,2026-08-28,parallax,6,1,38 43 47 48 50,5 7,0,0,-0.6435465529024742,50.0,99.99983470349527,81.66666666666667,bb1c05a7cf512a4fd7f884319508e8d5d3a357a84ef4f2dbc81e7478d02281b7,observed,observed_history_forward_replay
12,2026-08-28,parallax,6,2,34 39 40 41 45,8 12,1,0,-0.6435465529024742,50.0,99.9942817354072,84.69696969696969,46a338ad8c061ea074cf3c0ea9ce8225368752b971b7c184a23ca86324884b2e,observed,observed_history_forward_replay
12,2026-08-28,parallax,6,3,32 33 35 37 49,2 11,0,0,-0.6435465529024742,50.0,99.96547016335728,83.93939393939395,29bdccf15fdaffb0495489611696a5aa30aedf1e01b842d0471adc322a7822a5,observed,observed_history_forward_replay
12,2026-08-28,parallax,6,4,19 20 31 42 44,3 6,1,1,-0.6435465529024742,50.0,99.17400454958499,90.75757575757576,b17176f5410fbcebb62381ff41520253a1e68a7ac922a3d4baebcfe694a2e019,observed,observed_history_forward_replay
12,2026-08-28,parallax,6,5,8 9 13 36 46,1 4,0,0,-0.6435465529024742,50.0,97.88458526291974,83.48484848484847,e27daad14b7e9cbe096dea81f4b8a9e446d23c0570ceee687378f1abb42d1800,observed,observed_history_forward_replay
12,2026-08-28,parallax,6,6,15 25 28 30 38,9 10,1,1,-0.6435465529024742,50.0,97.06713569792551,81.51515151515152,8dfa0dd581bc32dc0b216408400867a2d4b13ff111f5500999dd0f7d04ee86cd,observed,observed_history_forward_replay
12,2026-08-28,parallax,6,7,2 16 17 18 27,6 9,0,2,-0.6435465529024742,50.0,83.35842763683733,85.15151515151516,40cad4211646ab117160f70fa8c2b9072280bc47610f919cf407938a260e99bb,observed,observed_history_forward_replay
12,2026-08-28,parallax,6,8,5 12 14 22 23,1 8,1,0,-0.6435465529024742,50.0,62.86144565656683,82.12121212121212,95174acf2902909e703e0e2f010684f0208f58c5c4eb716a385cc354bd027e68,observed,observed_history_forward_replay
12,2026-08-28,parallax,6,9,3 7 10 11 24,7 12,1,0,-0.6435465529024742,50.0,0.0,84.54545454545455,e439ddc4f134563643727458ad9a6c9c314463eefe41deacfdeada310840ec7f,observed,observed_history_forward_replay
12,2026-08-28,parallax,6,10,21 29 33 43 46,2 3,0,0,-0.6435465529024742,50.0,99.75812614525157,83.93939393939395,1ace057120bdbb740ca01841ebb5df374d6db2eee23f2bd48621d72f3e248ff4,observed,observed_history_forward_replay
12,2026-08-28,parallax,6,11,4 33 36 39 50,4 5,0,0,-0.6435465529024742,50.0,99.90532954768412,78.33333333333333,c58fdee8b494178a36dec39379ac644e9295146ab5c30e6454ae4ab2006e6815,observed,observed_history_forward_replay
12,2026-08-28,parallax,6,12,24 26 37 39 48,10 11,0,0,-0.6435465529024742,50.0,99.8473855775827,87.57575757575758,e117f3d92d3d15d52fcbc8ff8f1c13f30ee5e0f6844532ccab4417d86b674573,observed,observed_history_forward_replay
12,2026-08-28,coordinated_aggregation,7,1,38 43 47 48 50,5 7,0,0,-0.6435465529024742,50.0,99.99983470349527,81.66666666666667,fdc56ad28bf754904f781b1e9cd472c4bceddf91f8eabbde17ebf65cafe303d4,observed,observed_history_forward_replay
12,2026-08-28,coordinated_aggregation,7,2,34 39 40 41 45,8 12,1,0,-0.6435465529024742,50.0,99.9942817354072,84.69696969696969,889d3e524bd6afce0616c6dc11434dde6e94d4294b1cba50dac351b740baea1b,observed,observed_history_forward_replay
12,2026-08-28,coordinated_aggregation,7,3,32 33 35 37 49,2 11,0,0,-0.6435465529024742,50.0,99.96547016335728,83.93939393939395,7a626140c2af717104e85ccc5d3299f11640f4bde347efeeb566ff3bb91c5ca4,observed,observed_history_forward_replay
12,2026-08-28,coordinated_aggregation,7,4,19 20 31 42 44,3 6,1,1,-0.6435465529024742,50.0,99.17400454958499,90.75757575757576,522b84dac106f248565e84383c2a2d088a2995bf88ceb7ed6b20b756a3dbab0a,observed,observed_history_forward_replay
12,2026-08-28,coordinated_aggregation,7,5,8 9 13 36 46,1 4,0,0,-0.6435465529024742,50.0,97.88458526291974,83.48484848484847,bfe2c1a9dce28e45a25e27f50da0bd44bebf90d12cb6ccb79ceeff95c97a11be,observed,observed_history_forward_replay
12,2026-08-28,coordinated_aggregation,7,6,15 25 28 30 38,9 10,1,1,-0.6435465529024742,50.0,97.06713569792551,81.51515151515152,a190dba292d05be521eda1ceb960070a9b6ce98c299756bb8c8b9ae8f3c90305,observed,observed_history_forward_replay
12,2026-08-28,coordinated_aggregation,7,7,2 16 17 18 27,6 9,0,2,-0.6435465529024742,50.0,83.35842763683733,85.15151515151516,40e96457e1fc3a189ba19c7517d3f7bae3b6d3f91cc67123f2e69db7a18daa40,observed,observed_history_forward_replay
12,2026-08-28,coordinated_aggregation,7,8,5 12 14 22 23,1 8,1,0,-0.6435465529024742,50.0,62.86144565656683,82.12121212121212,46a647a180aa03e2b4c184f9bfca109db88ea30de0b62227f8412cc77185561d,observed,observed_history_forward_replay
12,2026-08-28,coordinated_aggregation,7,9,3 7 10 11 24,7 12,1,0,-0.6435465529024742,50.0,0.0,84.54545454545455,f7549f628f3b43c4ac04f7230f44a2ff74eed1e505577239adf1fa503f5f575c,observed,observed_history_forward_replay
12,2026-08-28,coordinated_aggregation,7,10,21 29 33 43 46,2 3,0,0,-0.6435465529024742,50.0,99.75812614525157,83.93939393939395,8060ecb360e677ff2e4df87c206dee3d099e2d0331282f8ae79b02e37b774868,observed,observed_history_forward_replay
12,2026-08-28,coordinated_aggregation,7,11,4 33 36 39 50,4 5,0,0,-0.6435465529024742,50.0,99.90532954768412,78.33333333333333,8e68042c2f6cfd22c2db3f3ced013188d8ec248f029e506d009d9d4ac8c31dc3,observed,observed_history_forward_replay
12,2026-08-28,coordinated_aggregation,7,12,24 26 37 39 48,10 11,0,0,-0.6435465529024742,50.0,99.8473855775827,87.57575757575758,73dcc87d40a2ddfd54904a3ed198b9c50e86d93dfa91fb1b2a800fcfb26cd5c0,observed,observed_history_forward_replay
