contest_number,draw_date,agent,contest_rank,ticket_index,main_draw,auxiliary_draw,main_hits,auxiliary_hits,roi_alpha_vs_house_pp,win_rate_vs_house_pct,crowd_escape_score,momentum_score,commitment_sha256,score_status,evaluation_scope
1,2025-09-10,uniform_random,4,1,8 20 24 29 31,2 9,2,0,0.0,0.0,81.43383846147461,65.71428571428571,26e439236d1a0c3b156210edab6ebd71d4b25eecc030d5977efe4a2dc7137603,observed,synthetic_forward_replay
1,2025-09-10,uniform_random,4,2,11 15 21 22 49,5 11,0,0,0.0,0.0,85.33017656434707,54.285714285714285,891cb50d6c9a6da290072d53540cfd97d87c76959a06f8e41848c7072df7e010,observed,synthetic_forward_replay
1,2025-09-10,uniform_random,4,3,4 29 37 45 49,2 10,1,0,0.0,0.0,99.29710656518802,65.71428571428571,e3dd943523ad2123d8e3252c5ee88849de75a3baa442a736f05d2de8e76af9d6,observed,synthetic_forward_replay
1,2025-09-10,uniform_random,4,4,5 20 34 47 50,3 12,1,1,0.0,0.0,99.47611981474951,57.14285714285714,085a1b20b2902e647229e718be5075db943afe1806e230cdf1d7c989feeae5a1,observed,synthetic_forward_replay
1,2025-09-10,uniform_random,4,5,4 12 18 48 49,3 12,0,1,0.0,0.0,95.68734013717645,57.14285714285714,744100bb1789eb44a6cd7daea0839a4f3384f927e306fbe1a986fc93901ec355,observed,synthetic_forward_replay
1,2025-09-10,uniform_random,4,6,15 20 21 39 43,1 8,2,0,0.0,0.0,98.0313509453961,62.857142857142854,a48d1e45fc11af099db257275dcd29cc9d955304087a04037d91f8a13cb05eee,observed,synthetic_forward_replay
1,2025-09-10,uniform_random,4,7,8 10 15 17 19,1 11,0,0,0.0,0.0,50.18217435725866,37.14285714285714,1dbfa70c8275954cf78f1af993376c33b5ad129916155c703037b5db619c5f23,observed,synthetic_forward_replay
1,2025-09-10,uniform_random,4,8,4 25 29 35 39,5 6,1,0,0.0,0.0,96.97164923228894,65.71428571428571,376696ebee02cdace495f611ee8fc40ae04eb6878532db3b4a7a09619331de34,observed,synthetic_forward_replay
1,2025-09-10,uniform_random,4,9,10 11 16 46 47,3 6,0,1,0.0,0.0,97.087557257569,34.285714285714285,871c9482e03065ac1e4b9b9d91a9d972089f2c0810c4c06a97a0a5f666aac1e7,observed,synthetic_forward_replay
1,2025-09-10,uniform_random,4,10,9 10 11 15 34,8 11,0,0,0.0,0.0,76.9484595140803,45.714285714285715,8d41d38a803cbf7fff592435c92a213257cb7e36465f87d1a3689de85420e013,observed,synthetic_forward_replay
1,2025-09-10,uniform_random,4,11,4 13 26 37 49,6 9,1,0,0.0,0.0,96.83025528737663,60.0,c894fc408986b46cdb524f94dd47c946cc7bb8b1c95f5295915a7d48ca0f7cde,observed,synthetic_forward_replay
1,2025-09-10,uniform_random,4,12,16 25 35 44 47,4 6,0,0,0.0,0.0,99.52652046763069,51.42857142857142,b0ffbc2215a87e70555017b458e4c19e1e6c2afd574fe3dc539764321fa3ec53,observed,synthetic_forward_replay
1,2025-09-10,frequency,7,1,9 15 25 29 39,4 6,1,0,-0.3882865976106986,0.0,93.39173815997205,77.14285714285714,2b1fca1b6f29b0676da631c6b07233c140a293e093451c10ff11129fea6ae14b,observed,synthetic_forward_replay
1,2025-09-10,frequency,7,2,4 12 16 21 50,8 9,0,0,-0.3882865976106986,0.0,82.8207434131458,60.0,1706c7486ca82ae7bbbc9fbb807421835de4a22ffc7c9017bd269fd5cec1bd4a,observed,synthetic_forward_replay
1,2025-09-10,frequency,7,3,4 12 33 39 42,4 7,0,1,-0.3882865976106986,0.0,98.32818458937072,54.285714285714285,d90ab27b6b1a1edd6077afae08044957eff3b64841bf2e705a198e1906f2b281,observed,synthetic_forward_replay
1,2025-09-10,frequency,7,4,11 19 20 27 43,2 3,2,1,-0.3882865976106986,0.0,93.68555598155187,60.0,8a1c1a466b6f79ee2769b0e414c2771786fe7df0a8f66260a54e502dd6206c8c,observed,synthetic_forward_replay
1,2025-09-10,frequency,7,5,7 20 22 36 48,1 6,1,0,-0.3882865976106986,0.0,97.01737373079565,57.14285714285714,e47dd928a240d2a1b1ae0091ee42ab2e4c38f67fd3f28af82120807cc7fe490e,observed,synthetic_forward_replay
1,2025-09-10,frequency,7,6,2 3 10 16 29,7 11,1,1,-0.3882865976106986,0.0,20.080600661150903,54.28571428571429,c528114d8f5b3af8b0ea6d450a933fe92c4b3961ef7c8ff1bfda328ea96100bb,observed,synthetic_forward_replay
1,2025-09-10,frequency,7,7,4 7 9 23 29,3 11,2,1,-0.3882865976106986,0.0,0.0,68.57142857142857,47ef5ccaaea54a48c91090e2d62cfd56a79f7239108f77a412fa346580cebee7,observed,synthetic_forward_replay
1,2025-09-10,frequency,7,8,9 26 36 40 45,4 5,1,0,-0.3882865976106986,0.0,99.47611981474951,54.28571428571429,943533401c74a79f9d4453054fd32f4956b31548bb834c73a29d05a9b011a3c6,observed,synthetic_forward_replay
1,2025-09-10,frequency,7,9,3 13 20 31 35,5 6,1,0,-0.3882865976106986,0.0,87.54771873419362,60.0,4638184b08b8b55836690d3c78cf9f80e54e27a65dfe42656741c777e381ade9,observed,synthetic_forward_replay
1,2025-09-10,frequency,7,10,3 9 34 37 45,3 7,0,2,-0.3882865976106986,0.0,98.85749400231781,57.14285714285714,feb23e05ad0f77edecd90a9589a29367dbe13600dde2031b67d1dfed35323693,observed,synthetic_forward_replay
1,2025-09-10,frequency,7,11,10 15 24 28 35,7 8,0,1,-0.3882865976106986,0.0,83.93581489799064,54.285714285714285,aec47a9d4a485c1b51d8e62904a683d63e5bc6e2f3953e4af8ef78d111ea462d,observed,synthetic_forward_replay
1,2025-09-10,frequency,7,12,1 4 13 33 37,6 8,0,0,-0.3882865976106986,0.0,94.48771786888197,60.0,f9c4863aea8769a2591a50bbf87cb751fd600c081e04ea6a19a7c0653de30e8f,observed,synthetic_forward_replay
1,2025-09-10,unpopularity,1,1,38 39 45 48 50,5 12,0,0,0.43933648802778613,100.0,99.99810641683963,48.57142857142856,318921af603271456fcaae8ae788f2ed55d478421e4e92131de61edb1bad8cd8,observed,synthetic_forward_replay
1,2025-09-10,unpopularity,1,2,38 40 44 47 50,4 8,0,0,0.43933648802778613,100.0,99.99777378664831,42.857142857142854,d8e7110af68ceb471e48a994bc902f8e4a25ce068de15242e89a8985d1b1b137,observed,synthetic_forward_replay
1,2025-09-10,unpopularity,1,3,37 40 45 46 50,3 6,0,1,0.43933648802778613,100.0,99.99743609102259,48.57142857142856,ee27ad2bfeb2a3acdb5485b4a13e735bf7a150fa31f00e792079b83e80e48847,observed,synthetic_forward_replay
1,2025-09-10,unpopularity,1,4,34 43 44 46 50,8 11,1,0,0.43933648802778613,100.0,99.99709325282392,48.57142857142856,91cb75fdfdf7b21cd809f2bb5cb513830e4bcd12d4631c4180ee80264d6f1e5e,observed,synthetic_forward_replay
1,2025-09-10,unpopularity,1,5,37 40 43 46 50,10 12,1,0,0.43933648802778613,100.0,99.99674519373895,54.28571428571429,69f282a091924cdea542af27be22023080fb0ea4d3627bf85848fad33c449fee,observed,synthetic_forward_replay
1,2025-09-10,unpopularity,1,6,37 41 43 45 50,2 11,1,0,0.43933648802778613,100.0,99.99674519373895,60.0,f43a06b903853520b5fb01a966ef08c406653056c9c2be5b152e21381234d2b0,observed,synthetic_forward_replay
1,2025-09-10,unpopularity,1,7,34 40 44 47 50,1 11,0,0,0.43933648802778613,100.0,99.99639183426183,40.0,02279ff4e791ad755bf1b195401d69cf2fa665572dff5a03a3d9e28250d339ad,observed,synthetic_forward_replay
1,2025-09-10,unpopularity,1,8,38 40 41 46 50,8 12,0,0,0.43933648802778613,100.0,99.99639183426183,42.857142857142854,4f57a770f31eb35084fb1e057184477b3e631c1488d78aa7e69a5ea7c4d0aa5e,observed,synthetic_forward_replay
1,2025-09-10,unpopularity,1,9,37 38 44 47 48,1 5,0,0,0.43933648802778613,100.0,99.9960330936759,37.14285714285714,3ebf83cf4b85b842ab066110ffda3ac176bf454ef783046edb8b3f257a981c53,observed,synthetic_forward_replay
1,2025-09-10,unpopularity,1,10,36 38 43 46 50,3 6,1,1,0.43933648802778613,100.0,99.99566889003539,51.42857142857142,694b9f0437dd6502f0abb8d6af93a3f7c883f8787985b9472732c71af82d1d23,observed,synthetic_forward_replay
1,2025-09-10,unpopularity,1,11,36 39 43 46 48,2 8,1,0,0.43933648802778613,100.0,99.99529914014653,45.714285714285715,b6bc3f74fd52fb605342c065b5398fa8ea626fdc9ee372daf4c7544733a98f9b,observed,synthetic_forward_replay
1,2025-09-10,unpopularity,1,12,38 40 41 43 50,3 6,1,1,0.43933648802778613,100.0,99.99529914014653,51.42857142857142,c634f362e1b272de8ebc78136e89d046f808b4b36a243bba71271aac1d8f8e38,observed,synthetic_forward_replay
1,2025-09-10,gingerm,3,1,9 18 24 27 49,1 3,0,1,0.052781718341976536,100.0,91.47223700623393,80.0,3bf8913093c28891c4fe8ee178f4a3392794fc9c6f57287ad2dcfdef0bceea77,observed,synthetic_forward_replay
1,2025-09-10,gingerm,3,2,9 18 25 49 50,1 5,0,0,0.052781718341976536,100.0,97.73252830411813,82.85714285714285,ca2f626d364d66bd8419a5e7084071803f9b71da4e31543a76715b6091123383,observed,synthetic_forward_replay
1,2025-09-10,gingerm,3,3,7 9 25 43 49,1 5,1,0,0.052781718341976536,100.0,93.71454078866053,82.85714285714285,94210670594318899632cc766d13e9ea72af8a3e1f110c92d64509ba02b77285,observed,synthetic_forward_replay
1,2025-09-10,gingerm,3,4,9 16 21 27 49,1 5,0,0,0.052781718341976536,100.0,86.19192929374306,71.42857142857142,bf6c38e399d10aa236ccbed38ba78d1c73f92d08f91ac362d13f5bb1f8b7ddc3,observed,synthetic_forward_replay
1,2025-09-10,gingerm,3,5,9 22 24 25 49,1 5,0,0,0.052781718341976536,100.0,91.72674513480054,82.85714285714285,26397cb068e79a017013f5d21727bee2233a0b802259b9a6c151e9422556dbc3,observed,synthetic_forward_replay
1,2025-09-10,gingerm,3,6,9 21 24 31 49,1 5,0,0,0.052781718341976536,100.0,88.48555572618024,74.28571428571428,4c54ff9d86f86c66ff8edd38a81470b477d6f6fbc11ba7ce306b9e5f9bba78c8,observed,synthetic_forward_replay
1,2025-09-10,gingerm,3,7,7 9 27 49 50,1 5,0,0,0.052781718341976536,100.0,94.51644506748076,82.85714285714285,e5bd15055c98730197082222b6520491e2abc383594318ed10d522c31cbb2775,observed,synthetic_forward_replay
1,2025-09-10,gingerm,3,8,9 24 25 27 31,1 5,0,0,0.052781718341976536,100.0,82.52416382391633,80.0,6cf5c0d2867250b32628ef4ff3fe19720df0fef0e70da5429ec497f569676446,observed,synthetic_forward_replay
1,2025-09-10,gingerm,3,9,9 21 25 37 49,1 5,0,0,0.052781718341976536,100.0,96.02901072428423,74.28571428571428,d22a1016146392fd7dbf15f525da7bc7462696de1c18b11afa2d997bbca8b174,observed,synthetic_forward_replay
1,2025-09-10,gingerm,3,10,1 5 24 29 43,1 6,2,0,0.052781718341976536,100.0,88.37920076076315,80.0,b17f36b516634f817218786f34a790e9bb0144952eb3f65964fbe99fc9c18db3,observed,synthetic_forward_replay
1,2025-09-10,gingerm,3,11,1 24 29 31 49,1 6,1,0,0.052781718341976536,100.0,92.33035352836572,80.0,899da12d537bc6ad7ac31e995dfeee9a3a0aa93efe69975433798c4072ace70b,observed,synthetic_forward_replay
1,2025-09-10,gingerm,3,12,1 16 24 29 39,1 6,1,0,0.052781718341976536,100.0,92.53986505643948,74.28571428571428,92fc1f4ff47dfd216f58d2ac52870454e4578e0f941a857ebcc422303541cc7d,observed,synthetic_forward_replay
1,2025-09-10,spectral_contrarian,2,1,7 18 26 38 48,3 8,1,1,0.3118112430822606,100.0,97.19351516088204,48.57142857142856,91894089beb9e39a984bfcd4b6dba683098f28027a944c7f7a569027cd521af2,observed,synthetic_forward_replay
1,2025-09-10,spectral_contrarian,2,2,4 15 23 35 42,7 12,1,1,0.3118112430822606,100.0,94.45478529432754,45.714285714285715,26f59b977876ccd516826b2f1dd88f69fee71f247f66d0c7d27f0e89a8e796e4,observed,synthetic_forward_replay
1,2025-09-10,spectral_contrarian,2,3,1 8 19 33 40,3 11,0,1,0.3118112430822606,100.0,95.47455734360216,45.714285714285715,5c954901299d581732e8ce6eee26d4ad6e2f7335022d2fbce9c238cc82c635c7,observed,synthetic_forward_replay
1,2025-09-10,spectral_contrarian,2,4,6 17 25 37 47,3 7,0,2,0.3118112430822606,100.0,97.98774919910485,45.714285714285715,1f37bb87abaae8944eb8baca35bc0c40c29701bdb22502dbec513520cc01b262,observed,synthetic_forward_replay
1,2025-09-10,spectral_contrarian,2,5,3 14 22 34 41,7 11,0,1,0.3118112430822606,100.0,96.01860832814528,40.0,25585755c905eef5f85952a53e697cde75c01e371f9f88d311488e8ffadec83a,observed,synthetic_forward_replay
1,2025-09-10,spectral_contrarian,2,6,8 19 32 38 49,3 11,0,1,0.3118112430822606,100.0,99.07111222190542,45.714285714285715,ff316587cfc6c2b594a34a49bda5750b126c61455a4dfff363d53ec3a017d816,observed,synthetic_forward_replay
1,2025-09-10,spectral_contrarian,2,7,5 16 23 36 47,2 7,1,1,0.3118112430822606,100.0,97.82822807465905,45.714285714285715,f3f9785387a949698cfc83d4539c9d9388a57b8d56daa70a143036cfe315e1a5,observed,synthetic_forward_replay
1,2025-09-10,spectral_contrarian,2,8,2 13 21 34 40,7 11,0,1,0.3118112430822606,100.0,95.7692475086101,31.428571428571427,4b7fc8b47363ee6ae8b9140a01ae102e8b9d2cd345e02b39e91de00afc541dc8,observed,synthetic_forward_replay
1,2025-09-10,spectral_contrarian,2,9,6 17 31 38 48,3 11,0,1,0.3118112430822606,100.0,98.21918730151167,34.285714285714285,a891ebde04c4be0af2b626aeda8ec69e0f4055bbc33115a3d8e8b66d7b9c0dde,observed,synthetic_forward_replay
1,2025-09-10,spectral_contrarian,2,10,4 15 22 35 46,2 7,0,1,0.3118112430822606,100.0,96.47430302017422,48.57142857142856,c1027dec837cf6536d16320123dd86df8f829b459411928a4f492f7f09c88ddb,observed,synthetic_forward_replay
1,2025-09-10,spectral_contrarian,2,11,12 19 33 39 50,6 11,0,0,0.3118112430822606,100.0,99.4508945498017,60.0,b429f3da6ceb40c647e12ea0e9cc740079d654c9080288c827fad6be30b3b0e6,observed,synthetic_forward_replay
1,2025-09-10,spectral_contrarian,2,12,6 16 30 37 47,2 11,0,0,0.3118112430822606,100.0,98.10696505703135,37.14285714285714,10ddea7d1bbd80ab7f21c02d709cf843798c6abfa8058b41d952ac6ced250cf4,observed,synthetic_forward_replay
1,2025-09-10,parallax,5,1,39 43 46 48 50,3 11,1,1,-0.355620665052403,0.0,100.0,54.28571428571429,e8c0b86c076faa0de8e0a67e0bd0c0188d0bc3e1a884d76af1686629662e30ff,observed,synthetic_forward_replay
1,2025-09-10,parallax,5,2,38 40 44 45 47,1 10,0,0,-0.355620665052403,0.0,99.98885828195768,34.285714285714285,b301f820ad3f10833fc0d15a882e6b6a725bcddd29b3b858322d06f4c27b4f2f,observed,synthetic_forward_replay
1,2025-09-10,parallax,5,3,32 34 35 36 41,4 12,0,0,-0.355620665052403,0.0,99.93959290008134,40.0,f22cf83b4e1b2c799e5de718565a6ddabcf87469c21ca6c732b6dd7315317c2d,observed,synthetic_forward_replay
1,2025-09-10,parallax,5,4,22 27 37 42 49,2 8,0,0,-0.355620665052403,0.0,99.3836256660243,62.857142857142854,e01712443f257ed80b907ed188bedc2cf1ac6889ef49a0f405eabcef4ebb7676,observed,synthetic_forward_replay
1,2025-09-10,parallax,5,5,7 14 23 31 33,7 9,1,1,-0.355620665052403,0.0,82.93346266403749,45.714285714285715,eaa3a1790bd6aa9344a7cd4f4381d1c7e2e8855a8d0936cadef199208c461ae2,observed,synthetic_forward_replay
1,2025-09-10,parallax,5,6,13 15 20 29 48,5 6,2,0,-0.355620665052403,0.0,95.82469637398644,60.0,023f642b11451ec2de481cde710d5eaf05eb0fb52e1dca12ad32d5ae6f57e26a,observed,synthetic_forward_replay
1,2025-09-10,parallax,5,7,5 16 21 25 30,1 5,0,0,-0.355620665052403,0.0,65.04667271511653,57.14285714285714,5241965ea637c2ea46d5bc3264e34341f4562874acbe795b76d80f643ca28186,observed,synthetic_forward_replay
1,2025-09-10,parallax,5,8,9 10 18 24 26,9 12,1,0,-0.355620665052403,0.0,62.05255487521602,65.71428571428571,c129d9b39d14cf10b2fc1c016166485c69fc3641cf5720bdcda04a4d1ab8f616,observed,synthetic_forward_replay
1,2025-09-10,parallax,5,9,3 4 19 28 31,4 8,0,0,-0.355620665052403,0.0,41.321099498599246,57.14285714285714,eea9905a9899c3db0b4b0c4ba631cfb2884da4131b05dac219fef6d3fd2c3eb9,observed,synthetic_forward_replay
1,2025-09-10,parallax,5,10,1 2 17 25 35,2 10,0,0,-0.355620665052403,0.0,75.67128776733325,57.14285714285714,ad1ba8f8837eb6f9bd642c4a3c1c0626695277794deb89de88e3f96070bed11f,observed,synthetic_forward_replay
1,2025-09-10,parallax,5,11,6 11 18 37 50,7 11,0,1,-0.355620665052403,0.0,96.71067942767839,48.57142857142856,3361e779fc2ba652ea31121b90c91499628c5d1b698d815b01a1d5c17a720e31,observed,synthetic_forward_replay
1,2025-09-10,parallax,5,12,8 12 15 16 22,3 6,0,1,-0.355620665052403,0.0,53.10583013476258,48.57142857142856,d113f2e7ee635cb657b3557730489a7542bbd47c548af4bf940cf055b7228d54,observed,synthetic_forward_replay
1,2025-09-10,coordinated_aggregation,6,1,39 43 46 48 50,3 11,1,1,-0.355620665052403,0.0,100.0,54.28571428571429,a9bd100c727fac4043dc314ba3de7680a7d08637cb41cbc6d1809fa683406b42,observed,synthetic_forward_replay
1,2025-09-10,coordinated_aggregation,6,2,38 40 44 45 47,1 10,0,0,-0.355620665052403,0.0,99.98885828195768,34.285714285714285,7d3c78bf2f63715c95d3e7020d812f820723d103e80a65d3e3e7822859004cd7,observed,synthetic_forward_replay
1,2025-09-10,coordinated_aggregation,6,3,32 34 35 36 41,4 12,0,0,-0.355620665052403,0.0,99.93959290008134,40.0,725bba4b87621580b2591d74cc3386c1e5ec44d9a8ecb1ad58db5ea54922c41a,observed,synthetic_forward_replay
1,2025-09-10,coordinated_aggregation,6,4,22 27 37 42 49,2 8,0,0,-0.355620665052403,0.0,99.3836256660243,62.857142857142854,630ccbe7afeaaadd9948b051dd333e10e41e6c6acd70b8158a43d1cdb4cd759d,observed,synthetic_forward_replay
1,2025-09-10,coordinated_aggregation,6,5,7 14 23 31 33,7 9,1,1,-0.355620665052403,0.0,82.93346266403749,45.714285714285715,403c517059048a5defd3c4e48d722297dd3a086b1b20a5f5ffe11cf707b4a2f8,observed,synthetic_forward_replay
1,2025-09-10,coordinated_aggregation,6,6,13 15 20 29 48,5 6,2,0,-0.355620665052403,0.0,95.82469637398644,60.0,00eb23cef3d17276a65ba4391c1cbc72dbb6951501cf285b58cc3bd97e1aa4f3,observed,synthetic_forward_replay
1,2025-09-10,coordinated_aggregation,6,7,5 16 21 25 30,1 5,0,0,-0.355620665052403,0.0,65.04667271511653,57.14285714285714,e7558f5182b96ea16f6c16350a03357d263c0b74160b00bbfac234b1ddc6cb1f,observed,synthetic_forward_replay
1,2025-09-10,coordinated_aggregation,6,8,9 10 18 24 26,9 12,1,0,-0.355620665052403,0.0,62.05255487521602,65.71428571428571,6f33c5b076ff3de7d407ddd92888ea8c30fd0836f77194fa4b10852124d7a1c9,observed,synthetic_forward_replay
1,2025-09-10,coordinated_aggregation,6,9,3 4 19 28 31,4 8,0,0,-0.355620665052403,0.0,41.321099498599246,57.14285714285714,e609b1b6a6664018c739c3a6add2011aa3818c6a00f4709d82da8178c93b28e2,observed,synthetic_forward_replay
1,2025-09-10,coordinated_aggregation,6,10,1 2 17 25 35,2 10,0,0,-0.355620665052403,0.0,75.67128776733325,57.14285714285714,d44ef2cda3e74df7aa6bc90cdba6967331e042d39542444685501a13c7639093,observed,synthetic_forward_replay
1,2025-09-10,coordinated_aggregation,6,11,6 11 18 37 50,7 11,0,1,-0.355620665052403,0.0,96.71067942767839,48.57142857142856,b57dae64431c18877c0b68dac3d00b7dca0cdc263826a2962d3fa26350903df7,observed,synthetic_forward_replay
1,2025-09-10,coordinated_aggregation,6,12,8 12 15 16 22,3 6,0,1,-0.355620665052403,0.0,53.10583013476258,48.57142857142856,e5f323439bd8e704bb14fb2c66f00d7493b5d426a32858f40d729a2e9d46664d,observed,synthetic_forward_replay
2,2025-09-17,uniform_random,7,1,17 21 22 35 50,2 11,1,1,0.0,0.0,95.3195976541313,54.285714285714285,fabd4d3e00b1cfe0a359eaaf9708825739295a40ccccee6c527d90c808b179c4,observed,synthetic_forward_replay
2,2025-09-17,uniform_random,7,2,8 16 25 31 42,2 8,0,1,0.0,0.0,83.84063349148947,51.42857142857142,bf990d91128d25f91b053b31698d66b3ead9594afc37330df9965016fc5df547,observed,synthetic_forward_replay
2,2025-09-17,uniform_random,7,3,21 22 32 34 37,10 11,0,0,0.0,0.0,98.84255219327332,45.714285714285715,7b756627db6776cf21c7551f41d9e103707f391d14a5e7f6232fc1bdce82f2d6,observed,synthetic_forward_replay
2,2025-09-17,uniform_random,7,4,9 15 26 31 36,10 11,0,0,0.0,0.0,88.3907190306054,65.71428571428571,c0975f8582b476f8691649832a80c524a3f5549098caa8c04a564897d648de27,observed,synthetic_forward_replay
2,2025-09-17,uniform_random,7,5,2 5 23 28 50,1 5,1,0,0.0,0.0,72.02184873094544,57.14285714285714,24917aeb4444071a9a30c784fd2e1b86adbe34f7f2e5c97f2aab46b718dc860b,observed,synthetic_forward_replay
2,2025-09-17,uniform_random,7,6,5 8 9 30 33,1 2,0,1,0.0,0.0,63.02169693542974,54.28571428571429,c7cecf41c23137d6d515625adcb53245d374f52e97c7b42bc86a2aa4cb918fda,observed,synthetic_forward_replay
2,2025-09-17,uniform_random,7,7,4 8 15 31 50,6 11,0,0,0.0,0.0,81.35889399266536,54.285714285714285,4aa93c9e00ce9a5c7c6871e5ec48bc22b1d8e216f3a26b2350c49a019660a7e8,observed,synthetic_forward_replay
2,2025-09-17,uniform_random,7,8,1 10 15 22 37,10 12,0,0,0.0,0.0,73.59635052990843,57.14285714285714,7bee082ddaf142fe041542919589677ad46efdee4dab6f6525997252b545e866,observed,synthetic_forward_replay
2,2025-09-17,uniform_random,7,9,18 21 25 40 44,8 9,1,0,0.0,0.0,97.03001779501437,51.42857142857142,128112c1df22981020a7237d4da8e9192967ddaf0322817fef9df0889830a321,observed,synthetic_forward_replay
2,2025-09-17,uniform_random,7,10,1 7 14 41 44,10 12,0,0,0.0,0.0,83.62661837876055,51.42857142857142,088aa9068a731218dec0331b43fb40aa02e136243126a5ddc35a03ab4a301d09,observed,synthetic_forward_replay
2,2025-09-17,uniform_random,7,11,6 7 20 25 29,3 6,0,1,0.0,0.0,0.0,74.28571428571429,849c9138601ced8068236707bad88c4e8c22a87857854cb88c1c8a87433bf8ba,observed,synthetic_forward_replay
2,2025-09-17,uniform_random,7,12,1 5 12 15 36,5 11,0,0,0.0,0.0,52.89679123225732,62.857142857142854,2af73c3ba6f23633110eab1de5419891aea6472d4839841ab0035a37e45f634a,observed,synthetic_forward_replay
2,2025-09-17,frequency,3,1,6 22 36 45 49,8 10,0,0,0.37208001763255893,50.0,98.6428157968367,48.57142857142856,4af38c9e010813573d0eb67e811378c396700ca979c5b1accaa38836d699f4aa,observed,synthetic_forward_replay
2,2025-09-17,frequency,3,2,27 32 37 38 43,8 10,0,0,0.37208001763255893,50.0,99.84192738646631,60.0,52876a5048118f83d451da9f33e3491cab0bd610e4834d3b8ace72f257433911,observed,synthetic_forward_replay
2,2025-09-17,frequency,3,3,3 9 26 31 50,9 11,0,0,0.37208001763255893,50.0,84.21912067316855,77.14285714285715,3f93dd2fbaca43649c5018ab73a11869cd6dd4a71a9482bebc206e22e73d3995,observed,synthetic_forward_replay
2,2025-09-17,frequency,3,4,1 5 20 28 33,5 6,1,0,0.37208001763255893,50.0,61.55875970221858,74.28571428571429,3f9dbdbf18817089453d9ce812fa4bef67d8387f5e331797b20e413d100eeb1a,observed,synthetic_forward_replay
2,2025-09-17,frequency,3,5,4 7 29 34 38,4 7,0,0,0.37208001763255893,50.0,89.8914822318395,54.28571428571429,1b730e7c18375fc8951418ae47600c82f88a038ceeda2977814ffb64c69cc22a,observed,synthetic_forward_replay
2,2025-09-17,frequency,3,6,1 22 26 30 45,6 9,0,0,0.37208001763255893,50.0,89.55950200086666,57.14285714285714,d1e1ac5f57cc68ea10b0f09ffd90286a9ed0478d7bd788d6f33bc993e443bec6,observed,synthetic_forward_replay
2,2025-09-17,frequency,3,7,15 19 20 43 48,2 8,0,1,0.37208001763255893,50.0,97.93814591078346,62.857142857142854,54ec0d4a9e58a8bf77844d6d764d685a25f77efe760781905f5e5ca70c502131,observed,synthetic_forward_replay
2,2025-09-17,frequency,3,8,1 7 33 42 43,2 8,0,1,0.37208001763255893,50.0,95.29790331698625,68.57142857142857,5c198818f171a2aca58351b18a17a8de4dd67b10183f19d65474bcd73902fa82,observed,synthetic_forward_replay
2,2025-09-17,frequency,3,9,5 7 26 37 39,3 4,0,1,0.37208001763255893,50.0,90.19344546235352,65.71428571428571,e78ce33075dbe4bbc7346ccd1e0c40c8f4c94f2a51acbee91b9acd15b14d5d2a,observed,synthetic_forward_replay
2,2025-09-17,frequency,3,10,1 15 25 43 48,7 10,0,0,0.37208001763255893,50.0,96.46348269364155,68.57142857142857,47a532942876e4739c9e86d671d18db28344561c6cf64866fdc6aacfd5ef6ee6,observed,synthetic_forward_replay
2,2025-09-17,frequency,3,11,3 6 31 49 50,6 9,0,0,0.37208001763255893,50.0,93.28955975554469,62.857142857142854,739c2cc0f31648beddf65fad73609aff36c964fd17cc3226d50ce569423aba5a,observed,synthetic_forward_replay
2,2025-09-17,frequency,3,12,5 11 16 29 45,4 10,1,0,0.37208001763255893,50.0,80.78580935215885,60.0,9b231760143d019701e0cf0e2d550aa9d8eab8d6e9b934b4f5553e22697fe7e9,observed,synthetic_forward_replay
2,2025-09-17,unpopularity,1,1,40 43 45 48 50,3 8,1,1,0.6294027302733096,100.0,99.99794442753826,54.285714285714285,cf34c7bb1cdc2d96e4de2737ade88f594613b8fcdfa4f45451c661ed1f560f13,observed,synthetic_forward_replay
2,2025-09-17,unpopularity,1,2,40 43 44 45 50,1 10,1,0,0.6294027302733096,100.0,99.995760753208,57.14285714285714,c001df2c81918c6b2329c6145036a88f55296c507e6ca9bc0a5cccff946a9902,observed,synthetic_forward_replay
2,2025-09-17,unpopularity,1,3,32 40 46 47 50,2 8,1,1,0.6294027302733096,100.0,99.99160678626338,45.714285714285715,099845ecc390b1fcd4adbf119b3009fcb365c4d5521202d170d9faf9a0c13574,observed,synthetic_forward_replay
2,2025-09-17,unpopularity,1,4,36 40 44 47 48,8 12,1,0,0.6294027302733096,100.0,99.99160678626338,34.285714285714285,2f0a70e581856f4c213ad011339cfb8352f6d893260b0283722d1cfbaef8735a,observed,synthetic_forward_replay
2,2025-09-17,unpopularity,1,5,33 38 45 48 50,6 12,0,0,0.6294027302733096,100.0,99.99097666855006,48.57142857142856,97d8d52d604e5b1f96abcd4aff184ec40bf2b04a7aec15f8991eb9a7ed784e25,observed,synthetic_forward_replay
2,2025-09-17,unpopularity,1,6,34 40 44 47 48,4 7,1,0,0.6294027302733096,100.0,99.9903369551355,28.57142857142857,a568e9b97de2f8dd29928be88af0118ee0038abbde46bf57102abc3c6baf487f,observed,synthetic_forward_replay
2,2025-09-17,unpopularity,1,7,32 40 43 48 50,2 12,1,1,0.6294027302733096,100.0,99.9903369551355,57.14285714285714,9234b18c8678230470ccee766c12d4f6f28fade4198f7bc640eadac3a0fa4081,observed,synthetic_forward_replay
2,2025-09-17,unpopularity,1,8,33 41 45 46 47,4 6,0,0,0.6294027302733096,100.0,99.98968749989231,40.0,86b70236a44918658b79ce9d04b0634f9c5d879ecc8f3f0fdfe00e439decbaf7,observed,synthetic_forward_replay
2,2025-09-17,unpopularity,1,9,37 39 43 44 48,11 12,0,0,0.6294027302733096,100.0,99.98902815446775,54.285714285714285,88c7dadb71720ef53186001be1e2eba865043c5daf3ee3773f44e1e12eb22c0a,observed,synthetic_forward_replay
2,2025-09-17,unpopularity,1,10,32 34 46 47 48,1 6,0,0,0.6294027302733096,100.0,99.98628882410401,31.428571428571427,764bcfaeb95d2a956a8fd5c7bb3e7ba2b691d6871d72effaac17d4abbc35f412,observed,synthetic_forward_replay
2,2025-09-17,unpopularity,1,11,33 40 43 44 45,1 6,1,0,0.6294027302733096,100.0,99.98485579132364,51.42857142857142,342cef190841dc296d0524f2d5fc3ebf42bc2e9368d0ac470a5a5f12988cb10f,observed,synthetic_forward_replay
2,2025-09-17,unpopularity,1,12,32 38 44 45 46,1 9,0,0,0.6294027302733096,100.0,99.98485579132364,40.0,c5bc5331d3166d7cc5ca7b9650f870d956a8b6ec7bc09b493949bc030d806821,observed,synthetic_forward_replay
2,2025-09-17,gingerm,4,1,1 9 24 29 31,1 3,0,1,0.30920218919412434,100.0,40.03929367867407,85.71428571428571,07b68829fde0fd0420b2a1c016e7ac2725444c578fffbf9a949619bcaa6bff30,observed,synthetic_forward_replay
2,2025-09-17,gingerm,4,2,9 24 27 31 49,1 3,0,1,0.30920218919412434,100.0,87.69733393625128,80.0,04596d160a2853267d27dc3734e3271e8569892aca27ce19c02f1167371085f7,observed,synthetic_forward_replay
2,2025-09-17,gingerm,4,3,9 20 29 43 49,1 3,0,1,0.30920218919412434,100.0,95.9540097743467,94.28571428571428,7577e0824dfdfa403b9a546a64488b3a15275ee0b048530d29eef0ce2a7b3e28,observed,synthetic_forward_replay
2,2025-09-17,gingerm,4,4,9 18 27 43 49,1 3,0,1,0.30920218919412434,100.0,95.69981086099719,80.0,178ea4c295955e5a67a868ffa59833d132fecfe6b281451bf7b750f2cdf7895a,observed,synthetic_forward_replay
2,2025-09-17,gingerm,4,5,9 21 25 37 49,1 5,0,0,0.30920218919412434,100.0,93.0230138500536,74.28571428571428,2b8ddc5872dbceac15cc72a2da364b68bad172c079ea2d8d754bff575d03dbdf,observed,synthetic_forward_replay
2,2025-09-17,gingerm,4,6,9 24 25 31 50,1 5,0,0,0.30920218919412434,100.0,91.6839824316017,82.85714285714285,8738350908a0dedfcd8b6c431d86a73c0d2a56789f3b45be47c6aa0c2ff1201f,observed,synthetic_forward_replay
2,2025-09-17,gingerm,4,7,7 9 25 43 49,1 5,0,0,0.30920218919412434,100.0,88.95771273645616,85.71428571428571,fa8c0d49ada16171c9832b808b79410334737424fa63d33ac37cc4008e4b1d26,observed,synthetic_forward_replay
2,2025-09-17,gingerm,4,8,9 22 24 25 49,1 5,0,0,0.30920218919412434,100.0,85.4662057780547,82.85714285714285,94db9a26aad7a3f3a054b70130feda7d1abd5f3ddf07fc515685a806cc6e9e70,observed,synthetic_forward_replay
2,2025-09-17,gingerm,4,9,9 27 37 49 50,1 5,0,0,0.30920218919412434,100.0,98.90792696464145,80.0,1283d529506b6afa1d4f83c54549e4a7a2e83d7d7fab078de94db1aee671f561,observed,synthetic_forward_replay
2,2025-09-17,gingerm,4,10,9 18 25 49 50,1 5,0,0,0.30920218919412434,100.0,96.01519439547307,82.85714285714285,b3967c0ecf9fea64fcfc95bc883dab9a06a97b0aaeb6aa7dde5df3c40489a68f,observed,synthetic_forward_replay
2,2025-09-17,gingerm,4,11,9 16 21 27 49,1 5,0,0,0.30920218919412434,100.0,75.74445797918162,71.42857142857142,c63d3088e4e4d902759ee7d752f9f3a48c7f030146872bc26750a7b981cbe338,observed,synthetic_forward_replay
2,2025-09-17,gingerm,4,12,1 24 29 39 43,1 6,0,0,0.30920218919412434,100.0,96.67288198309762,82.85714285714285,2ecdeca2f25fccb2ef0bf5cc6ca4bde0719b19b766bfdea3bc2d21b7d0303f1d,observed,synthetic_forward_replay
2,2025-09-17,spectral_contrarian,2,1,7 18 26 38 48,3 8,0,1,0.4899685247110708,100.0,95.06843302358651,51.42857142857142,e438b79c00c18351f3a73e9cb12044b83c56844d2beffde5996b9ee6724a786f,observed,synthetic_forward_replay
2,2025-09-17,spectral_contrarian,2,2,4 15 22 35 42,7 12,1,0,0.4899685247110708,100.0,90.109072638321,51.42857142857142,2b1d6bf2e44b99bad7e70bab1d219e3c0cf9d924cf8df341165fe8f11fec393f,observed,synthetic_forward_replay
2,2025-09-17,spectral_contrarian,2,3,1 8 19 33 40,3 11,1,1,0.4899685247110708,100.0,92.04913213690993,45.714285714285715,ac81a02ba37ace1ecec8d884a7ebbaba5a9a76b94f333207d298b877c9a7d0f4,observed,synthetic_forward_replay
2,2025-09-17,spectral_contrarian,2,4,6 17 24 37 47,3 7,0,1,0.4899685247110708,100.0,96.40912479786799,45.714285714285715,24c318993ec7f4640608340811e083c8392e1304f9bbd46b71b7d404abaadf8e,observed,synthetic_forward_replay
2,2025-09-17,spectral_contrarian,2,5,3 14 21 34 41,7 11,0,0,0.4899685247110708,100.0,89.33007764110337,37.142857142857146,556a29fac8ae9ea6218352414f19de40d34e8dc224a6b36cdac03e59c04cee93,observed,synthetic_forward_replay
2,2025-09-17,spectral_contrarian,2,6,7 18 32 39 49,3 11,0,1,0.4899685247110708,100.0,97.49500697504232,65.71428571428571,bd2ec5d6db3c617fb351603ce6b0caf4e1999a16d9e0b292c71b12e0f54e0612,observed,synthetic_forward_replay
2,2025-09-17,spectral_contrarian,2,7,5 15 23 36 47,2 7,0,1,0.4899685247110708,100.0,96.12466352635623,48.57142857142856,fd7277c299e8e7353b52872989aac92165646e4e97c10b65d385aa94d8d1910d,observed,synthetic_forward_replay
2,2025-09-17,spectral_contrarian,2,8,2 13 20 34 40,7 11,2,0,0.4899685247110708,100.0,94.97969353654798,42.857142857142854,54540a07278205898bb4e3fc2316cb041bb554bf27ffe45e734b31b82c8478dd,observed,synthetic_forward_replay
2,2025-09-17,spectral_contrarian,2,9,6 17 31 38 48,3 11,0,1,0.4899685247110708,100.0,96.86999718793751,34.285714285714285,a3800ff5f59952877f42759d38a7fb3bb88bdd5c0313664db5af0c75efb7733a,observed,synthetic_forward_replay
2,2025-09-17,spectral_contrarian,2,10,4 14 22 35 46,2 7,1,1,0.4899685247110708,100.0,90.54898352550637,40.0,73f823bbc6476f8eb0c5997541cc4cfdf4d531816aa6e22143f17e15899db5cb,observed,synthetic_forward_replay
2,2025-09-17,spectral_contrarian,2,11,12 19 33 39 50,6 11,0,0,0.4899685247110708,100.0,99.03345620333845,60.0,f6baf6e4dd65807b740035a86b459cfdc06aeaac4de48783a21561b76921baff,observed,synthetic_forward_replay
2,2025-09-17,spectral_contrarian,2,12,6 16 30 37 47,2 11,0,1,0.4899685247110708,100.0,96.67288198309762,37.14285714285714,87e736188a116db5561fe3f95a8ad9f71973a6013713f4b29af6056ed0a17373,observed,synthetic_forward_replay
2,2025-09-17,parallax,5,1,40 45 47 48 50,7 12,1,0,0.15328828840885933,50.0,100.0,42.857142857142854,aebf310d274c996c6d36867009a05ba034c722329836e880c839aa7e50aaca5c,observed,synthetic_forward_replay
2,2025-09-17,parallax,5,2,33 37 39 44 46,3 10,0,1,0.15328828840885933,50.0,99.98028738506864,48.57142857142856,e05243723bfd937f3b11ec44d9b40695d6046ccb5f7943f9d22a17bba5fabb04,observed,synthetic_forward_replay
2,2025-09-17,parallax,5,3,31 32 36 38 42,2 5,0,1,0.15328828840885933,50.0,99.75493191069937,45.714285714285715,4a643fb5dd40ce8c8d205032236f467cb23820633f6262e06a7b791395d688b1,observed,synthetic_forward_replay
2,2025-09-17,parallax,5,4,16 23 27 34 43,4 11,0,0,0.15328828840885933,50.0,97.87385791627347,54.28571428571429,64c36797e766aca4a4a0daa628f9d3ca93c0c73200464198284b2101e5bc34ad,observed,synthetic_forward_replay
2,2025-09-17,parallax,5,5,12 19 21 35 41,8 9,1,0,0.15328828840885933,50.0,91.50109536847702,45.714285714285715,1ff12f9d06de55173582ceb4d822d49d115dc41175e606b7609f20762ad88750,observed,synthetic_forward_replay
2,2025-09-17,parallax,5,6,7 13 14 43 49,1 6,1,0,0.15328828840885933,50.0,86.84240117570245,60.0,31b9b17e5c7aab3bdcc4d1f2a6b72e101710d67cbe370d46d7053dab4032b30e,observed,synthetic_forward_replay
2,2025-09-17,parallax,5,7,6 20 25 26 29,1 5,0,0,0.15328828840885933,50.0,64.28823064020486,74.28571428571429,e0282ff7d9a9bbffac69d7939bcf452c7473ae0a3b3186ab56f96c98d5650d5a,observed,synthetic_forward_replay
2,2025-09-17,parallax,5,8,3 4 17 24 30,3 6,0,1,0.15328828840885933,50.0,23.627260965944952,57.14285714285714,c314bf2d89199589dcca966614697a3c3e325f554d87949a6493501c6e5b9168,observed,synthetic_forward_replay
2,2025-09-17,parallax,5,9,8 15 18 22 49,4 10,0,0,0.15328828840885933,50.0,81.19876598818321,54.285714285714285,3ee709b39d61e2d88af5c12ffff420563dc217cdc6d7a0117551c5d27ac287cd,observed,synthetic_forward_replay
2,2025-09-17,parallax,5,10,2 5 9 10 41,11 12,0,0,0.15328828840885933,50.0,32.01714221417829,54.28571428571429,b69c31c60f1ef77f61bb963faeb0b3197e5a0fbbeb97437b427da359a03b5e72,observed,synthetic_forward_replay
2,2025-09-17,parallax,5,11,1 14 28 42 47,2 9,1,1,0.15328828840885933,50.0,87.98591586529044,45.714285714285715,a660df4ff0a1aa46c31a900d37b84054d9e62f0a998b6e5b7bb765a1b3b0efa5,observed,synthetic_forward_replay
2,2025-09-17,parallax,5,12,34 35 39 42 50,7 8,1,0,0.15328828840885933,50.0,99.91619449944544,48.57142857142856,5971d5b7b6ee0127a1bbdfd51d75ed793c2cf510d10b0b5b051ec9b11e9a316c,observed,synthetic_forward_replay
2,2025-09-17,coordinated_aggregation,6,1,40 45 47 48 50,7 12,1,0,0.15328828840885933,50.0,100.0,42.857142857142854,6e0e021bd748749dee5e09178f744c866d619c6fa1068e46d97b35c6f2cb6fff,observed,synthetic_forward_replay
2,2025-09-17,coordinated_aggregation,6,2,33 37 39 44 46,3 10,0,1,0.15328828840885933,50.0,99.98028738506864,48.57142857142856,7e5c7a6b42b638d3570724efe62e13c9d14c5dc4b0d14fafbc5ee0d4c3dbe8a2,observed,synthetic_forward_replay
2,2025-09-17,coordinated_aggregation,6,3,31 32 36 38 42,2 5,0,1,0.15328828840885933,50.0,99.75493191069937,45.714285714285715,07152b2ce5ffa0523fc715642b7410aa30a47d86a8bf21d92eed5cc69cdcb04a,observed,synthetic_forward_replay
2,2025-09-17,coordinated_aggregation,6,4,16 23 27 34 43,4 11,0,0,0.15328828840885933,50.0,97.87385791627347,54.28571428571429,73e8b1fa92d5ac0d79631835ff0b411ca9f8bc031557cdf4c4e70226bb668f5c,observed,synthetic_forward_replay
2,2025-09-17,coordinated_aggregation,6,5,12 19 21 35 41,8 9,1,0,0.15328828840885933,50.0,91.50109536847702,45.714285714285715,0d0749f979d58aef5a28f954c5412ed02f1e10ddc04974075f163027f89c2ade,observed,synthetic_forward_replay
2,2025-09-17,coordinated_aggregation,6,6,7 13 14 43 49,1 6,1,0,0.15328828840885933,50.0,86.84240117570245,60.0,861db21282457eaa451539f53c9507ca56e01d9bb5487b14e7317fee79f114de,observed,synthetic_forward_replay
2,2025-09-17,coordinated_aggregation,6,7,6 20 25 26 29,1 5,0,0,0.15328828840885933,50.0,64.28823064020486,74.28571428571429,4850ecb050f1b0e690df1c6f73c2007fd4590b83e57bb5f73e618ab36e955e97,observed,synthetic_forward_replay
2,2025-09-17,coordinated_aggregation,6,8,3 4 17 24 30,3 6,0,1,0.15328828840885933,50.0,23.627260965944952,57.14285714285714,37adf88eaa1da86fe8a7f881c6a32ce19c1914955c90fd13cfff2aae52e50d01,observed,synthetic_forward_replay
2,2025-09-17,coordinated_aggregation,6,9,8 15 18 22 49,4 10,0,0,0.15328828840885933,50.0,81.19876598818321,54.285714285714285,0fff327690790d13f40273d9f6dd6d9f8130b7646963f4168be62455a2714338,observed,synthetic_forward_replay
2,2025-09-17,coordinated_aggregation,6,10,2 5 9 10 41,11 12,0,0,0.15328828840885933,50.0,32.01714221417829,54.28571428571429,13ac1535b49d1ba448d7e85bc6eae37709f95b796de51d866f24f2e0d0d65166,observed,synthetic_forward_replay
2,2025-09-17,coordinated_aggregation,6,11,1 14 28 42 47,2 9,1,1,0.15328828840885933,50.0,87.98591586529044,45.714285714285715,226219c592d2e7a7a2ce5f3bc444a9012ac9597a657debee9520884c5ac130ee,observed,synthetic_forward_replay
2,2025-09-17,coordinated_aggregation,6,12,34 35 39 42 50,7 8,1,0,0.15328828840885933,50.0,99.91619449944544,48.57142857142856,c50129eba51fe3629e0bc21e379ec69b1a1969f3d0fc749dd07b8c4485cf572e,observed,synthetic_forward_replay
3,2025-09-24,uniform_random,6,1,5 16 28 40 44,3 8,0,0,0.0,0.0,97.27598991697741,57.14285714285714,bf28a72ef745346a5004adc80464f9d9cab7032a569fd30b8ef94416a052e6a8,observed,synthetic_forward_replay
3,2025-09-24,uniform_random,6,2,3 5 23 34 36,4 12,1,0,0.0,0.0,95.86694734320275,48.57142857142856,3d1b1bff4939675028ebf85d366573ced53dfcf99717cea052dc6a543e5e2fca,observed,synthetic_forward_replay
3,2025-09-24,uniform_random,6,3,11 22 32 36 43,3 7,1,1,0.0,0.0,99.42277978036493,57.14285714285714,aa4c73cd98e23c87a4c733bb75aa7fd26a200e2cc2cdaaa2004e0311a9795a9e,observed,synthetic_forward_replay
3,2025-09-24,uniform_random,6,4,1 2 34 42 48,8 9,1,0,0.0,0.0,98.40147598260526,40.0,d772dbd150c926133e30ed1076bdadb142d0e5e8958092de86e3bbccaef1fcf0,observed,synthetic_forward_replay
3,2025-09-24,uniform_random,6,5,14 15 21 22 30,6 11,1,0,0.0,0.0,68.28672186599442,40.0,37fea30bd0ceec83dca30e8bd9cb680f1749abff1c748b47f46682bdc67263cc,observed,synthetic_forward_replay
3,2025-09-24,uniform_random,6,6,4 6 8 42 50,6 11,0,0,0.0,0.0,92.4092372551797,42.857142857142854,9c27927846eb7d5e6ae717cff7f629157f5578508f019ac9d7a6b65f2c87246d,observed,synthetic_forward_replay
3,2025-09-24,uniform_random,6,7,8 24 28 30 35,6 7,0,1,0.0,0.0,87.94901734698132,51.42857142857142,388d98523d3d6658800d72ab1c619969f400ea7310f4cb1610c08c1685d97c9c,observed,synthetic_forward_replay
3,2025-09-24,uniform_random,6,8,7 15 24 45 47,2 11,2,0,0.0,0.0,97.47557896952307,57.14285714285714,c0928421a0f9130ad81e1f906cf2dc04ab01fb755367a8058663fb5d8c191c1f,observed,synthetic_forward_replay
3,2025-09-24,uniform_random,6,9,9 12 15 30 31,5 7,1,1,0.0,0.0,70.20677837844316,60.0,9424417064cbab1ccccc691cb67eb0c2b45d45f5ea8ca8b1d2ddeaa4eba0f4ba,observed,synthetic_forward_replay
3,2025-09-24,uniform_random,6,10,3 11 41 43 47,6 10,1,1,0.0,0.0,99.1971081673603,54.28571428571429,0b52b4c15658e2572278ff2dd9491590c4b9a34811080ebeedd403710b28412a,observed,synthetic_forward_replay
3,2025-09-24,uniform_random,6,11,7 25 28 30 43,3 8,0,0,0.0,0.0,89.32352443792026,68.57142857142857,9e03765eee9d899163c504c0aa6b30f053f59274b67fb23ddf0dba678d4ba2cb,observed,synthetic_forward_replay
3,2025-09-24,uniform_random,6,12,2 5 8 11 33,3 10,0,1,0.0,0.0,60.107557183807984,42.857142857142854,2bfe5103ac0ae5f333b41c856b3873cf9b276de873996550de17af523b673f52,observed,synthetic_forward_replay
3,2025-09-24,frequency,3,1,11 17 26 28 46,1 5,1,0,0.1470167599876948,66.66666666666666,92.32875677164245,51.42857142857142,5af3fbba31febad24839a3e569b8de72925b0051b9b3af568b0f446c10c8b6fd,observed,synthetic_forward_replay
3,2025-09-24,frequency,3,2,18 27 36 45 50,2 6,1,0,0.1470167599876948,66.66666666666666,99.75599743003434,60.0,1ed3a388bcf5cc081835c247defbd2ab99ed87917f5c27e44d741dca1aa4619e,observed,synthetic_forward_replay
3,2025-09-24,frequency,3,3,1 9 29 35 43,3 9,0,0,0.1470167599876948,66.66666666666666,95.12885796113608,85.71428571428571,2b1d4d4f5092263e6e05dfbb0c4b7bca294678d7468dd544db945b4a72f7d1fd,observed,synthetic_forward_replay
3,2025-09-24,frequency,3,4,9 15 30 38 41,2 6,1,0,0.1470167599876948,66.66666666666666,98.19006640882306,51.42857142857142,f50a71d5de97fca87a3fa3cf7424dedd379420402b769b4571ab50af2e155ec4,observed,synthetic_forward_replay
3,2025-09-24,frequency,3,5,4 11 22 36 42,6 11,1,0,0.1470167599876948,66.66666666666666,94.97880953255581,48.57142857142856,2fe28d8485dedaafbab20dbe763833c6f8f50674df0fdc88e4e2e7efb5672951,observed,synthetic_forward_replay
3,2025-09-24,frequency,3,6,3 9 17 27 35,7 12,1,1,0.1470167599876948,66.66666666666666,81.18678084327287,68.57142857142857,53ec01236b3b856d53b853be2dae0a706d2a2f18b272c9e418a078e9305b7c13,observed,synthetic_forward_replay
3,2025-09-24,frequency,3,7,2 7 9 36 45,3 7,1,1,0.1470167599876948,66.66666666666666,91.03301358607321,57.14285714285714,b6baea30d7bc0dc9732e831617ba6ac3f834396795d0ecf684e3214696b671a2,observed,synthetic_forward_replay
3,2025-09-24,frequency,3,8,3 21 24 30 39,5 10,0,1,0.1470167599876948,66.66666666666666,90.93797673424042,57.14285714285714,c90128a7977d73db3f87cfc40b3e04d1b0688e56f316818ed11dd1602efd04fc,observed,synthetic_forward_replay
3,2025-09-24,frequency,3,9,7 9 26 43 45,8 10,0,1,0.1470167599876948,66.66666666666666,96.00102230794911,74.28571428571429,9c01f10e2131eca3e80befe54e40f0c4c9de227f024455725a166c1166f52e5c,observed,synthetic_forward_replay
3,2025-09-24,frequency,3,10,1 4 11 16 43,3 10,0,1,0.1470167599876948,66.66666666666666,77.63407049435,65.71428571428571,8886f6163cf15c2b1a4357b2ee8768312e66555fb3221e029cf6c464e51f0d64,observed,synthetic_forward_replay
3,2025-09-24,frequency,3,11,7 19 21 28 41,4 5,0,0,0.1470167599876948,66.66666666666666,79.2765483456957,54.28571428571429,c6dcfac2cb86dbadb49433632b398faa6fdd5eedca47dc0b66686990ec479f9d,observed,synthetic_forward_replay
3,2025-09-24,frequency,3,12,3 34 41 43 49,5 9,0,0,0.1470167599876948,66.66666666666666,99.7863210593032,60.0,edf22c0a884f3bad554469711c522ed27e6cc207326856bc8da5469ab5d4e412,observed,synthetic_forward_replay
3,2025-09-24,unpopularity,1,1,40 43 45 47 50,1 2,1,0,0.5626993839643379,100.0,99.99972254732211,57.14285714285714,ec358f0c16c71ae97d920e2ba37241d9151292c8eb1dd7ba4aafe260ed6d195a,observed,synthetic_forward_replay
3,2025-09-24,unpopularity,1,2,38 41 47 48 50,5 6,2,0,0.5626993839643379,100.0,99.99944086947656,42.857142857142854,dd4693342f4f6dbf5aac257c730ec67ed71c42188422c49d6faeeeb3f445ed91,observed,synthetic_forward_replay
3,2025-09-24,unpopularity,1,3,36 43 44 46 48,5 8,2,0,0.5626993839643379,100.0,99.9973452897206,45.714285714285715,0acadd1d4aab3450cdbe8b2a5b5ca615c5423f0a5adcbac6e5fbd4e2d43e5c84,observed,synthetic_forward_replay
3,2025-09-24,unpopularity,1,4,37 41 43 46 50,5 8,0,0,0.5626993839643379,100.0,99.9973452897206,60.0,a00900865ff46b4bd897c57a5a111181704fd695e04b5d0d71f42e1cfab8ab55,observed,synthetic_forward_replay
3,2025-09-24,unpopularity,1,5,33 39 44 48 50,3 6,1,0,0.5626993839643379,100.0,99.9963770543642,54.285714285714285,f04358394bd4d70c36573a235ff1e1c8ec4c137c26569cf6ef5b8f9b22a37b51,observed,synthetic_forward_replay
3,2025-09-24,unpopularity,1,6,33 39 44 48 50,1 3,1,0,0.5626993839643379,100.0,99.9963770543642,54.285714285714285,0fe41d87a74649edd6ebe78065c761948940206d6875ff84a264fd5d5c0dafd8,observed,synthetic_forward_replay
3,2025-09-24,unpopularity,1,7,36 41 43 44 50,2 9,1,0,0.5626993839643379,100.0,99.9963770543642,60.0,48c4630a7eb3b328b84f4616a16d7749ad5db57055a0126075f67140f1771201,observed,synthetic_forward_replay
3,2025-09-24,unpopularity,1,8,36 40 44 45 47,4 10,2,1,0.5626993839643379,100.0,99.99570674013974,40.0,4e0e46cc075f4233770146fdade1e72b2bdd7b400de84c312acdc0bcbe00c59d,observed,synthetic_forward_replay
3,2025-09-24,unpopularity,1,9,33 40 44 47 48,2 4,2,0,0.5626993839643379,100.0,99.99570674013974,40.0,67017ad703c3fcb3a034fbdda7ee30d841f55f9a0e4a4dcb62ecae9771b57c53,observed,synthetic_forward_replay
3,2025-09-24,unpopularity,1,10,33 40 41 47 50,2 10,1,1,0.5626993839643379,100.0,99.99536390787009,51.42857142857142,d256cef97938bd415d162390f43b65634297eda2e6e843bf41d732fec30a8927,observed,synthetic_forward_replay
3,2025-09-24,unpopularity,1,11,36 39 41 45 50,4 9,1,0,0.5626993839643379,100.0,99.99536390787009,54.285714285714285,c0c37008d568b8665166fb3c5a913590e6cc637645a43c52735f958f0be7b2ba,observed,synthetic_forward_replay
3,2025-09-24,unpopularity,1,12,34 41 43 45 47,7 10,1,2,0.5626993839643379,100.0,99.99501585480444,42.857142857142854,3d734c1d965d5cd2761b5db43f519f3152e2c76a86a7ce0f0bb72ca43e919713,observed,synthetic_forward_replay
3,2025-09-24,gingerm,7,1,9 21 25 27 49,1 5,0,0,-0.5367258914921513,66.66666666666666,88.99531753511623,77.14285714285715,a42f41c8fb841f5cb9909c0effeaa8079a84df370c2321a33450db54b78b750d,observed,synthetic_forward_replay
3,2025-09-24,gingerm,7,2,9 22 25 49 50,1 5,0,0,-0.5367258914921513,66.66666666666666,98.05168808158007,82.85714285714285,77f551570f4458daaae52800cfcadce3fab96df157eb69cfd16ebf5c2fdb2fa1,observed,synthetic_forward_replay
3,2025-09-24,gingerm,7,3,7 9 24 27 49,1 5,0,0,-0.5367258914921513,66.66666666666666,80.65932641548362,82.85714285714285,57fb831e0fb73dc893e0554912a01b578385cc1d36a3de32218b68f946b9a5de,observed,synthetic_forward_replay
3,2025-09-24,gingerm,7,4,1 5 29 43 49,1 6,0,0,-0.5367258914921513,66.66666666666666,95.81468652675072,85.71428571428571,78351d42698c9a5497ebe05538fe24658bcb84862d5389a36bb5835d124a2890,observed,synthetic_forward_replay
3,2025-09-24,gingerm,7,5,1 3 20 29 43,1 6,0,0,-0.5367258914921513,66.66666666666666,88.3776723350871,88.57142857142858,0d765028688b77353ea0999e917e30a49bc443c9d120cf98a744a5846ffd8c39,observed,synthetic_forward_replay
3,2025-09-24,gingerm,7,6,1 24 29 31 32,1 6,0,0,-0.5367258914921513,66.66666666666666,93.9647242869984,77.14285714285714,b974a3cca9c9e46f7a1f5a2fd17020a9aa7c97682bfa71889e0234b84c450b0c,observed,synthetic_forward_replay
3,2025-09-24,gingerm,7,7,1 5 7 24 29,1 6,0,0,-0.5367258914921513,66.66666666666666,0.0,82.85714285714285,7f72524af04965cd381450784cb113d8090811e140f9ff1eecff967670ddf20d,observed,synthetic_forward_replay
3,2025-09-24,gingerm,7,8,5 7 9 49 50,1 9,0,0,-0.5367258914921513,66.66666666666666,90.2057090254054,82.85714285714285,9fc652d1d94b58d933af6df811ec2ade49311497b873f8fd1d72be54e3dd0ad0,observed,synthetic_forward_replay
3,2025-09-24,gingerm,7,9,1 3 9 24 29,1 9,0,0,-0.5367258914921513,66.66666666666666,33.339406464171454,88.57142857142858,11c494607c703de0db77742c5287cc8e45b47b0dae33b2eb40cf2d9cb41313b6,observed,synthetic_forward_replay
3,2025-09-24,gingerm,7,10,1 18 19 24 27,1 10,0,1,-0.5367258914921513,66.66666666666666,75.98759310036667,68.57142857142857,69a41a9d802caa5bb238c5a495a8bb122102e13c39a6006ab4a01a0ebe672011,observed,synthetic_forward_replay
3,2025-09-24,gingerm,7,11,1 5 18 19 29,1 10,0,1,-0.5367258914921513,66.66666666666666,56.519426342707014,71.42857142857142,6e49cc8cd816f75874c13bf11fc1e2371f8b0a876d9e0fb89df26eab9094b727,observed,synthetic_forward_replay
3,2025-09-24,gingerm,7,12,9 21 25 49 50,1 5,0,0,-0.5367258914921513,66.66666666666666,97.02350166012712,80.0,11e87e2a2a94383642c47082051aa7cdf82ade8f1da4f392e07f5c05c192f5d1,observed,synthetic_forward_replay
3,2025-09-24,spectral_contrarian,2,1,6 18 26 38 48,3 8,1,0,0.43399157341377226,100.0,98.27110545984151,40.0,f94341d1d720317d0b2459e2c994099db5e2e6a4f8e9543df3e5e1bf1a283c5c,observed,synthetic_forward_replay
3,2025-09-24,spectral_contrarian,2,2,4 15 22 36 42,7 12,2,1,0.43399157341377226,100.0,96.62980461054366,51.42857142857142,8592106b71529f9291bce3e34b68adb99eccaa99091a20c4c1b8ae4b7cd080b7,observed,synthetic_forward_replay
3,2025-09-24,spectral_contrarian,2,3,1 8 19 33 40,4 11,0,0,0.43399157341377226,100.0,95.86694734320275,48.57142857142856,55e13ad5579579bf92d9662b532e8365a31dd183aefd72f018717f0195bf8628,observed,synthetic_forward_replay
3,2025-09-24,spectral_contrarian,2,4,6 17 24 37 47,3 8,2,0,0.43399157341377226,100.0,98.133962664754,45.714285714285715,ccea933955d7463fa683588cb761cec689288f1ce7cc3f3a4ba17511e94a7413,observed,synthetic_forward_replay
3,2025-09-24,spectral_contrarian,2,5,3 14 21 34 41,7 11,0,1,0.43399157341377226,100.0,94.4531517977828,37.142857142857146,154dd958ff617c543c47ea344d2ad9735fc8f1ef5b0258a1e8cc5b8046ab01bd,observed,synthetic_forward_replay
3,2025-09-24,spectral_contrarian,2,6,7 18 32 39 49,3 11,0,0,0.43399157341377226,100.0,98.69857635208821,65.71428571428571,6ce9ebf7cd9fbd0fa947259f421b4725f1f177e563891e8d834793796aa1ef57,observed,synthetic_forward_replay
3,2025-09-24,spectral_contrarian,2,7,5 16 23 36 47,2 7,2,1,0.43399157341377226,100.0,98.01653707548405,48.57142857142856,aa62fd4eff731a74b8c20dc351d40a68aadb134e2d272e3c8e45b1f66c604955,observed,synthetic_forward_replay
3,2025-09-24,spectral_contrarian,2,8,2 13 20 34 40,7 11,0,1,0.43399157341377226,100.0,97.39071770484053,48.57142857142856,3a207d03be215438f149084242aaa6e2d265fce4091371ba835d30cec2afb3a4,observed,synthetic_forward_replay
3,2025-09-24,spectral_contrarian,2,9,6 17 31 38 48,3 11,2,0,0.43399157341377226,100.0,98.37359718958321,34.285714285714285,0a2ecc10ef3e165b52896705ce89762aa34fe98ed8a6982c6cde01bda8bf1340,observed,synthetic_forward_replay
3,2025-09-24,spectral_contrarian,2,10,4 14 22 35 46,2 7,0,1,0.43399157341377226,100.0,95.08693229475807,42.857142857142854,b47de64a8aa9f009973cf9fb5bc479b1da438862850bf12bbffae2a3ff62332d,observed,synthetic_forward_replay
3,2025-09-24,spectral_contrarian,2,11,12 19 33 39 50,6 11,0,0,0.43399157341377226,100.0,99.49850613252265,60.0,8b9ce6e3b1a3750c58460f5ff7e264ba69b0a87be392859724e1ce0268c8247d,observed,synthetic_forward_replay
3,2025-09-24,spectral_contrarian,2,12,6 16 30 37 47,3 11,1,0,0.43399157341377226,100.0,98.27110545984151,37.14285714285714,d134399ee9bbd68f3ac0cb64b2afb41a62fdf9de8ec5d7b90f40c9b8f3e0228c,observed,synthetic_forward_replay
3,2025-09-24,parallax,4,1,38 44 46 48 50,6 11,1,0,0.04208192435979363,66.66666666666666,100.0,42.857142857142854,ec94c56cd862d8d5fccf32e4362fb3a2daad3ea4d95932c22af31e47c8819b23,observed,synthetic_forward_replay
3,2025-09-24,parallax,4,2,32 40 41 43 47,8 12,1,0,0.04208192435979363,66.66666666666666,99.99242646778004,51.42857142857142,fe6ef14beb7f9c8ad7ff96362998c31ff7fc672a3221d7a474a77f7d96b4333a,observed,synthetic_forward_replay
3,2025-09-24,parallax,4,3,33 34 36 37 45,4 5,1,0,0.04208192435979363,66.66666666666666,99.9843623949814,42.857142857142854,88ce009e94d23fc10839cb55afbc4503c14ef813eee2da97faad8a23c34597fd,observed,synthetic_forward_replay
3,2025-09-24,parallax,4,4,1 9 35 39 49,2 7,0,1,0.04208192435979363,66.66666666666666,97.80334173919606,77.14285714285714,86cc343143ec334c45c7de92640a2b28cba558480f5a51bdb47e5f2c85143084,observed,synthetic_forward_replay
3,2025-09-24,parallax,4,5,10 18 22 23 29,3 9,0,0,0.04208192435979363,66.66666666666666,80.27417648712418,57.14285714285714,25b0e14a25d4fef77cd96c6be86abeecc033461d34171c05cf3038c0d49e0e57,observed,synthetic_forward_replay
3,2025-09-24,parallax,4,6,2 8 17 21 42,1 10,1,1,0.04208192435979363,66.66666666666666,71.34090180483697,34.285714285714285,2b22092fdd803917fc9c0eda6147de1103cc7b48c9c3556c9bc1bdf59c03a3a6,observed,synthetic_forward_replay
3,2025-09-24,parallax,4,7,19 20 24 27 30,6 8,0,0,0.04208192435979363,66.66666666666666,89.27436288430954,65.71428571428571,8b2ecaa9f980103e53263d0fc9e3d2524a8af8346da895914751b913461a7a04,observed,synthetic_forward_replay
3,2025-09-24,parallax,4,8,6 7 16 25 26,2 9,0,0,0.04208192435979363,66.66666666666666,42.200852410963996,60.0,5a0cdce63d5996154f8de409e79ac4354e5c0f4f695fe984c7151957c02da430,observed,synthetic_forward_replay
3,2025-09-24,parallax,4,9,3 14 15 31 33,5 11,1,0,0.04208192435979363,66.66666666666666,87.54620468812801,51.42857142857142,6769936955901774c28ecfbe64c5554a48a28076e60d2d22c8c399b890eb6672,observed,synthetic_forward_replay
3,2025-09-24,parallax,4,10,11 13 35 43 44,3 12,0,0,0.04208192435979363,66.66666666666666,99.15165379596786,57.14285714285714,d754bf7638dbfdedd180b62617b8b84b95466697c8a6dbf8c49a8d4833243d75,observed,synthetic_forward_replay
3,2025-09-24,parallax,4,11,4 5 20 39 46,7 10,0,2,0.04208192435979363,66.66666666666666,96.60745129778778,62.857142857142854,17ef65a22df81351a6ea8048eb3b6d6123fe3c69cf4922c2b7e82d611540c5f2,observed,synthetic_forward_replay
3,2025-09-24,parallax,4,12,25 45 47 49 50,1 4,1,0,0.04208192435979363,66.66666666666666,99.93557066064056,65.71428571428571,1e70799e4945fac3071f6c84891967edfa80a28d031e4c1baacdffc5f7df6eb7,observed,synthetic_forward_replay
3,2025-09-24,coordinated_aggregation,5,1,38 44 46 48 50,6 11,1,0,0.04208192435979363,66.66666666666666,100.0,42.857142857142854,efc4e06323f7dccec6eb30dbee3ff35a72c78f23e90579f59a7ffbf56eaf0e9c,observed,synthetic_forward_replay
3,2025-09-24,coordinated_aggregation,5,2,32 40 41 43 47,8 12,1,0,0.04208192435979363,66.66666666666666,99.99242646778004,51.42857142857142,bf5275114861a55878efae4c3f0a156667ebf22a2a9fb1ed60f6dc1129ad8d40,observed,synthetic_forward_replay
3,2025-09-24,coordinated_aggregation,5,3,33 34 36 37 45,4 5,1,0,0.04208192435979363,66.66666666666666,99.9843623949814,42.857142857142854,e1a5ce77c098caa75a35cc7240fb38654a053ce4f892fbe74f6439f44dab2421,observed,synthetic_forward_replay
3,2025-09-24,coordinated_aggregation,5,4,1 9 35 39 49,2 7,0,1,0.04208192435979363,66.66666666666666,97.80334173919606,77.14285714285714,45cb09a3ce13e48567c13bf266ea3bcc9df0b9ae9b091aa2efcffc279cc2587c,observed,synthetic_forward_replay
3,2025-09-24,coordinated_aggregation,5,5,10 18 22 23 29,3 9,0,0,0.04208192435979363,66.66666666666666,80.27417648712418,57.14285714285714,69dbc6cb60e16b81a83805736be11d3b87bbdbf2f3f3b2b503595c4373f28d33,observed,synthetic_forward_replay
3,2025-09-24,coordinated_aggregation,5,6,2 8 17 21 42,1 10,1,1,0.04208192435979363,66.66666666666666,71.34090180483697,34.285714285714285,de7bebabc1e8946a875d9ceed792ef1bfe544d6dbd41ae5f48ca3240e6e93a6d,observed,synthetic_forward_replay
3,2025-09-24,coordinated_aggregation,5,7,19 20 24 27 30,6 8,0,0,0.04208192435979363,66.66666666666666,89.27436288430954,65.71428571428571,93178aab2e56b5da05c09b65002774c6280a6acb7174e44dddfe898717fba256,observed,synthetic_forward_replay
3,2025-09-24,coordinated_aggregation,5,8,6 7 16 25 26,2 9,0,0,0.04208192435979363,66.66666666666666,42.200852410963996,60.0,208f8b305d3ee7afb3a18fff6117fbc0566acc225a91ab7bb3361b4b2acf1ee0,observed,synthetic_forward_replay
3,2025-09-24,coordinated_aggregation,5,9,3 14 15 31 33,5 11,1,0,0.04208192435979363,66.66666666666666,87.54620468812801,51.42857142857142,509827598f1205bd70be2ee87a407ff97e1c59135feeb3875033f28cfb3be020,observed,synthetic_forward_replay
3,2025-09-24,coordinated_aggregation,5,10,11 13 35 43 44,3 12,0,0,0.04208192435979363,66.66666666666666,99.15165379596786,57.14285714285714,8c190964583ecdce2997b5319b5344e676cef8a3befda7e7a4fd177c7f8b39b9,observed,synthetic_forward_replay
3,2025-09-24,coordinated_aggregation,5,11,4 5 20 39 46,7 10,0,2,0.04208192435979363,66.66666666666666,96.60745129778778,62.857142857142854,25e2d49e4bbceda97eeaa6748bd1f810fae9dc79df035e89b613746a5ed5bff6,observed,synthetic_forward_replay
3,2025-09-24,coordinated_aggregation,5,12,25 45 47 49 50,1 4,1,0,0.04208192435979363,66.66666666666666,99.93557066064056,65.71428571428571,69792efb619f5ce1385e43ee8d7d005682344837c66f1685ee932a40313cfa60,observed,synthetic_forward_replay
4,2025-10-01,uniform_random,3,1,13 24 39 48 50,4 9,0,1,0.0,0.0,99.85588710194575,65.71428571428571,fb6b6a4d6391e6703d68a91d3b5b284a46b98858952d5dcb777cb0c149bbafb5,observed,synthetic_forward_replay
4,2025-10-01,uniform_random,3,2,3 17 37 46 47,5 9,1,1,0.0,0.0,99.70014124093524,51.42857142857142,184a6136f00a95ff614998098d865e8914555634a559cf672386ee2755354997,observed,synthetic_forward_replay
4,2025-10-01,uniform_random,3,3,8 27 40 41 47,1 8,1,0,0.0,0.0,99.75537187148235,42.857142857142854,4dd1657b11556b78657afe1977dd9b237cbe035c1703b8cdf2ef3201810dd1ab,observed,synthetic_forward_replay
4,2025-10-01,uniform_random,3,4,2 3 5 39 48,7 11,0,0,0.0,0.0,96.49462150497344,54.28571428571429,27b73980416d455d523953f74bece05b4985ad41bdbf14e8a4e15dbcad88c9f4,observed,synthetic_forward_replay
4,2025-10-01,uniform_random,3,5,3 5 8 16 40,7 8,0,0,0.0,0.0,86.67422477040323,51.42857142857142,492d7c9908b94c9ccd657a2441b22cda474f1d7dcd591db366bd93c95133a42e,observed,synthetic_forward_replay
4,2025-10-01,uniform_random,3,6,6 12 13 48 49,1 11,0,0,0.0,0.0,97.65238579954962,51.42857142857142,bfa9a7e51a01c5c71720b2ecdc0011cf293023350ebf70c9677f4008507be1de,observed,synthetic_forward_replay
4,2025-10-01,uniform_random,3,7,3 13 18 29 36,1 9,1,1,0.0,0.0,95.48565884329496,68.57142857142857,ae9e52b67a8db1b1bc7b01d457041b32c20107380bf33454a07429f1efa778ea,observed,synthetic_forward_replay
4,2025-10-01,uniform_random,3,8,4 26 27 29 40,1 7,1,0,0.0,0.0,97.00153508036658,68.57142857142857,979cdc30caa1446f8790427d75bce7a903f0ac2fa57d837853337aa4acaad55e,observed,synthetic_forward_replay
4,2025-10-01,uniform_random,3,9,12 15 27 32 36,1 4,1,0,0.0,0.0,98.78064913160901,62.857142857142854,a67669cf694e35b23c439063a16c3499b0ff9eac384ec25f7711f92566b93c3e,observed,synthetic_forward_replay
4,2025-10-01,uniform_random,3,10,2 4 7 35 50,4 9,1,1,0.0,0.0,92.21932863182141,60.0,964ecb995bd802c03e32e839ed725a2d291b8587083b9864a3494ba2c49e5184,observed,synthetic_forward_replay
4,2025-10-01,uniform_random,3,11,3 17 23 35 37,1 8,0,0,0.0,0.0,97.96034757528638,57.14285714285714,c8e8d8785f333638cce1329ea06615e86496713abe82ffe3590ca6d37875210b,observed,synthetic_forward_replay
4,2025-10-01,uniform_random,3,12,18 27 32 34 47,6 10,1,1,0.0,0.0,99.81379194781017,48.57142857142856,95fc4e304ce9d246e960b8b58c54f505594e4bdcbbe68e9f712cb56e61f5685a,observed,synthetic_forward_replay
4,2025-10-01,frequency,4,1,16 25 30 42 49,9 10,0,1,-0.11806989578020399,50.0,98.93057839987162,60.0,2e4fc4343e9f13be11a392e862f2f19b65772ff520ab2933899bc77889e7b1a2,observed,synthetic_forward_replay
4,2025-10-01,frequency,4,2,14 15 20 41 48,10 12,0,0,-0.11806989578020399,50.0,98.97572876181066,54.28571428571429,f56b661c7885eb5b5affccc407b25cfe192a8b3d86036dc721c3e100757172f0,observed,synthetic_forward_replay
4,2025-10-01,frequency,4,3,3 31 34 37 42,9 12,0,1,-0.11806989578020399,50.0,99.52378692318746,48.57142857142856,fd6b0a824d52415cd531a0311997f497594dcd73f9c64797e549745dde9eb3f6,observed,synthetic_forward_replay
4,2025-10-01,frequency,4,4,5 18 45 48 50,5 12,0,0,-0.11806989578020399,50.0,99.76664869080454,60.0,3315561cbde6991daa8b1b06ddf990915914626b775843c6813bea90e6e6908c,observed,synthetic_forward_replay
4,2025-10-01,frequency,4,5,15 33 36 38 50,1 3,1,0,-0.11806989578020399,50.0,99.94876471570862,60.0,264a7f30d6a58cf5cf3242683aa432563d92bde6c411b2c73f6dc8171ae73b42,observed,synthetic_forward_replay
4,2025-10-01,frequency,4,6,3 4 14 16 47,2 8,2,0,-0.11806989578020399,50.0,88.09162165702222,48.57142857142856,d89ec41157863b6a0dc51d8c7c00ee248e0c57dbff14a27a84f78287a54638d7,observed,synthetic_forward_replay
4,2025-10-01,frequency,4,7,4 13 24 28 29,8 12,1,0,-0.11806989578020399,50.0,82.09706139994282,74.28571428571429,bbf0417ceadb0c1e27e77eb1a566e2c344f30aa458cfa3493ca69c2c5892e9fc,observed,synthetic_forward_replay
4,2025-10-01,frequency,4,8,1 4 19 24 29,2 6,2,1,-0.11806989578020399,50.0,77.04631829689315,74.28571428571428,5ebea7c8da2b559ff4dc93af30dd3fbd9a0d97b1af5c3db184a6245477612a03,observed,synthetic_forward_replay
4,2025-10-01,frequency,4,9,21 25 26 37 47,1 2,1,0,-0.11806989578020399,50.0,99.22201583505853,60.0,938f496203cbb16f06d2b1db43aaccfe7af9cba1c7e08adcfb066bb94bb5de1a,observed,synthetic_forward_replay
4,2025-10-01,frequency,4,10,16 26 28 33 46,8 10,0,0,-0.11806989578020399,50.0,99.13410740340527,57.14285714285714,aad3ac12fa8fb9b98ac0e7e75723d40d3dccd007fb73d7f0a55687126ad22485,observed,synthetic_forward_replay
4,2025-10-01,frequency,4,11,26 36 46 47 50,1 2,2,0,-0.11806989578020399,50.0,99.97272005198079,57.14285714285714,9275c4a575804351fc0fb46b470ce66c7a0b10dd867c4f5d5c2e42fb4ed300ba,observed,synthetic_forward_replay
4,2025-10-01,frequency,4,12,15 20 39 40 45,2 4,0,0,-0.11806989578020399,50.0,99.81673153862684,62.857142857142854,0dedaf7f14e64a032ca6f81e41aefedd7d2c7e14bf891b792d8589fadb7893e9,observed,synthetic_forward_replay
4,2025-10-01,unpopularity,1,1,38 45 46 48 50,5 8,0,0,0.27280088316490314,100.0,99.99954707046396,45.714285714285715,c32e0adf7b785cec13263f5e4ec73bd9a8c19ffc6bad7ab004f96361bb60c660,observed,synthetic_forward_replay
4,2025-10-01,unpopularity,1,2,33 46 47 48 50,6 7,1,1,0.27280088316490314,100.0,99.99907313200626,51.42857142857142,e164de795f401c6155c95bad7cc45417f140304689923f9a16b9f164b56a87b9,observed,synthetic_forward_replay
4,2025-10-01,unpopularity,1,3,36 44 45 47 50,8 10,2,0,0.27280088316490314,100.0,99.99874502201975,54.285714285714285,286ba5c38476522f816c1eff3ee291949b2fbff0f484215e36ab546e1aaec0db,observed,synthetic_forward_replay
4,2025-10-01,unpopularity,1,4,34 43 46 48 50,2 7,0,0,0.27280088316490314,100.0,99.998577210138,51.42857142857142,683ab79f2843b930a7e864ba578229f8ac37b482182271ee2ee4c73c5ae4e55d,observed,synthetic_forward_replay
4,2025-10-01,unpopularity,1,5,37 39 45 48 50,7 9,0,1,0.27280088316490314,100.0,99.9982338809254,57.14285714285714,d0d7a928ad54206113f7a1291cd927d04ee500aee340f01b807ead7b8b3eea3b,observed,synthetic_forward_replay
4,2025-10-01,unpopularity,1,6,34 44 45 46 50,7 10,0,0,0.27280088316490314,100.0,99.9982338809254,42.857142857142854,43a51df4f054c0679b6da76c868e944dff3db915f7662ae6d77caee7daeba013,observed,synthetic_forward_replay
4,2025-10-01,unpopularity,1,7,37 41 44 46 50,5 7,0,0,0.27280088316490314,100.0,99.99805828516911,51.42857142857142,bde91da97636aba070c4b9e6ceba74b772e589ad77ff3427cfcb42f92463d16a,observed,synthetic_forward_replay
4,2025-10-01,unpopularity,1,8,37 41 43 46 50,4 5,0,0,0.27280088316490314,100.0,99.99788001536578,60.0,5bdb5435ea990702addea96281e65d2c822f9c819c92c70860aed129ffe5f62f,observed,synthetic_forward_replay
4,2025-10-01,unpopularity,1,9,37 40 43 46 50,5 12,0,0,0.27280088316490314,100.0,99.99769903079387,60.0,dd1bb50daa88227236b2fde21a53d3ddf417a674d36882cfda76c32e38818bf9,observed,synthetic_forward_replay
4,2025-10-01,unpopularity,1,10,41 45 47 48 50,1 7,1,0,0.27280088316490314,100.0,99.99726101036747,51.42857142857142,a1775f0255532d62390ef69abda59efd991e6362d6dd77903a5f2307cebcecd8,observed,synthetic_forward_replay
4,2025-10-01,unpopularity,1,11,33 39 43 48 50,2 8,0,0,0.27280088316490314,100.0,99.99713937189267,65.71428571428571,4a6fb484f3b8e06aeab620ac119f4b964628f0c001f87125e8e56862b64181fe,observed,synthetic_forward_replay
4,2025-10-01,unpopularity,1,12,37 39 44 45 48,9 12,0,1,0.27280088316490314,100.0,99.99713937189267,48.57142857142856,1c8e12b67854dc9e2b9d3557e3d295d06027a9c3b97df15217d36eca9c2149a8,observed,synthetic_forward_replay
4,2025-10-01,gingerm,5,1,9 18 21 27 49,1 5,0,0,-0.6770228154459157,50.0,93.03353072911496,71.42857142857142,6687535c7efcd987b21fb014c91ef35a1e0ea35042cfb3521aeb85f2465848cd,observed,synthetic_forward_replay
4,2025-10-01,gingerm,5,2,9 21 24 25 49,1 5,0,0,-0.6770228154459157,50.0,93.44278067567096,80.0,97fa5c6e3f15158aba0cbb7a03b7d2a2f45db00ed427df119488fd1d4d9e749e,observed,synthetic_forward_replay
4,2025-10-01,gingerm,5,3,9 25 27 37 49,1 5,0,0,-0.6770228154459157,50.0,98.7462225300127,80.0,bfdca18864be472eaba61a63cac5e1d06503d0066f2b50755af73f66cc804d12,observed,synthetic_forward_replay
4,2025-10-01,gingerm,5,4,5 9 25 49 50,1 5,0,0,-0.6770228154459157,50.0,97.98305429098409,85.71428571428571,34dd219cd96603043ad03ec86d19cfc3a09ec35637f457773ed5addd5a3f21b2,observed,synthetic_forward_replay
4,2025-10-01,gingerm,5,5,7 9 24 27 49,1 5,0,0,-0.6770228154459157,50.0,88.9877945976417,82.85714285714285,46e698a1e7188759e4d6a016f1b2581994261025b526b0ac5dd261c7838360bb,observed,synthetic_forward_replay
4,2025-10-01,gingerm,5,6,9 22 25 43 49,1 5,0,0,-0.6770228154459157,50.0,98.76517566209633,82.85714285714285,da95e1ea13a6437ca52ba9799648eafa6feb25c3a265892e7754dd909bc5ebeb,observed,synthetic_forward_replay
4,2025-10-01,gingerm,5,7,1 5 20 29 43,1 6,0,1,-0.6770228154459157,50.0,93.57956349544209,88.57142857142858,cca82bc9d1b74ae82364292845620c7b56674b3303e9da8737f235b17937911c,observed,synthetic_forward_replay
4,2025-10-01,gingerm,5,8,1 5 7 24 29,1 6,0,1,-0.6770228154459157,50.0,43.06447228908369,82.85714285714285,408f90813064384bfd6dfcf22814cb92ac8675aa07c882121289aeaa91a2d28c,observed,synthetic_forward_replay
4,2025-10-01,gingerm,5,9,1 9 29 43 49,1 6,0,1,-0.6770228154459157,50.0,97.75688457408822,91.42857142857143,cebff72501ce0035f952de3368ec5cddbd6f471f67794a592193e595dc5153d9,observed,synthetic_forward_replay
4,2025-10-01,gingerm,5,10,1 24 27 29 31,1 6,0,1,-0.6770228154459157,50.0,90.34531564650453,80.0,8887d9b1533e0eeff93e4eae01a37cefc1390b1681e9e01d3f0ceaf10b5e4295,observed,synthetic_forward_replay
4,2025-10-01,gingerm,5,11,1 3 9 24 29,1 9,0,1,-0.6770228154459157,50.0,62.046236415696356,88.57142857142858,eb13e011fd925289e8c250026f9e168178db38c70b4d6cbd9d2110ad07c910b9,observed,synthetic_forward_replay
4,2025-10-01,gingerm,5,12,1 5 18 29 48,1 10,0,0,-0.6770228154459157,50.0,93.86460386438553,71.42857142857142,2fbadcb2189a79983977758cd571f4367aff161c5b190a8748be2073e4b16e29,observed,synthetic_forward_replay
4,2025-10-01,spectral_contrarian,2,1,6 18 26 38 48,3 8,0,0,0.1358239901753877,100.0,99.01504676331186,42.857142857142854,f70d0b4456d956f538db7b675a0ae2a677da4f7820f9dde2adad716b57d622c2,observed,synthetic_forward_replay
4,2025-10-01,spectral_contrarian,2,2,4 15 22 35 42,7 12,1,0,0.1358239901753877,100.0,97.07191002265586,57.14285714285714,5e4e638667bd713efe5d2a2c7e972f4dc7be4464ce3ffa1b219cfd7c81e76727,observed,synthetic_forward_replay
4,2025-10-01,spectral_contrarian,2,3,1 8 19 33 39,3 11,1,0,0.1358239901753877,100.0,97.61024854063736,51.42857142857142,a5b68d8f28109ad5ed0c8bebd09963d2ea41690719764ca4253d6209e741301d,observed,synthetic_forward_replay
4,2025-10-01,spectral_contrarian,2,4,6 17 24 37 47,3 8,1,0,0.1358239901753877,100.0,98.93696462376289,51.42857142857142,ee46f7d840ef2a2f5de3a549e26dd20dbd234488c5aeb90b5899f17375d42771,observed,synthetic_forward_replay
4,2025-10-01,spectral_contrarian,2,5,3 14 21 34 41,7 11,0,0,0.1358239901753877,100.0,96.84129793135777,37.142857142857146,1377c8835d285cdb2b84e6eb040a766bf1130f7db33271fcd49792a9aa6a4d9c,observed,synthetic_forward_replay
4,2025-10-01,spectral_contrarian,2,6,7 18 32 38 49,3 11,0,0,0.1358239901753877,100.0,99.24698527950396,60.0,0b28e6ddff04146900054ed7b9b7c2dad163506cc6e3ca0f991bf2ed32cb23df,observed,synthetic_forward_replay
4,2025-10-01,spectral_contrarian,2,7,5 15 23 36 46,2 7,1,0,0.1358239901753877,100.0,98.83513382606533,54.28571428571429,31b3604631841c2ff36513cede16ff838d4a869b5e66bfba673dab5f31582f9d,observed,synthetic_forward_replay
4,2025-10-01,spectral_contrarian,2,8,2 13 20 34 40,7 11,0,0,0.1358239901753877,100.0,98.5137987065012,48.57142857142856,049927d519607e957d60c7dd3084065d883f0b53d18af5a072bfecbf7a519a53,observed,synthetic_forward_replay
4,2025-10-01,spectral_contrarian,2,9,6 17 31 38 48,3 11,0,0,0.1358239901753877,100.0,99.07340034681,40.0,ae33441b8472ac5af789680f3e16083454bcc79be38fae0e987f62b0a9a641ac,observed,synthetic_forward_replay
4,2025-10-01,spectral_contrarian,2,10,3 14 22 35 46,2 7,0,0,0.1358239901753877,100.0,97.15938464474841,45.714285714285715,25594ff5e248bcb771ee641f14656bbb2e79e562f67bf97a5095c998ed2a94bb,observed,synthetic_forward_replay
4,2025-10-01,spectral_contrarian,2,11,12 19 33 39 50,6 11,1,1,0.1358239901753877,100.0,99.7138663443598,60.0,a0fe8f833d9364f444486d00eeb4ce29e6bb2250dc3a65395b2e222036c32f39,observed,synthetic_forward_replay
4,2025-10-01,spectral_contrarian,2,12,5 16 30 37 47,2 11,1,0,0.1358239901753877,100.0,98.99989877490157,51.42857142857142,103e3cafe365e37baa4068b46f2dd446656578a349cfba198b83bf986c383dd3,observed,synthetic_forward_replay
4,2025-10-01,parallax,6,1,40 45 47 48 50,9 10,1,1,-0.7721956427929944,50.0,100.0,51.42857142857142,7137e4e6aebeb48ba6a3cb4acc9c01589362205b7d3da97fa2866e44aa702f85,observed,synthetic_forward_replay
4,2025-10-01,parallax,6,2,36 41 43 44 46,2 12,1,0,-0.7721956427929944,50.0,99.99655375347884,51.42857142857142,a1bae0c461816c7a92bc7ee0f961ff1e1cf0fa827eb655126501623ac581243d,observed,synthetic_forward_replay
4,2025-10-01,parallax,6,3,32 33 34 35 49,1 5,0,0,-0.7721956427929944,50.0,99.96506161353504,54.285714285714285,dc3f17baa10e7e9df20fb04a70fd54f7a6deff37b13710c34b9ea387e4143c70,observed,synthetic_forward_replay
4,2025-10-01,parallax,6,4,16 27 30 37 39,4 8,0,0,-0.7721956427929944,50.0,99.42599315857741,54.28571428571429,407d10f549f3ac59055ef034188e1c17c46f206bca30f0055a1ac27f627502d5,observed,synthetic_forward_replay
4,2025-10-01,parallax,6,5,15 24 38 42 45,3 11,0,0,-0.7721956427929944,50.0,99.74128941305268,54.28571428571429,1f4b566a10159e9e10b622699bb2a8f8e89e08b5a55c06a60868a22ba2aa92c8,observed,synthetic_forward_replay
4,2025-10-01,parallax,6,6,4 6 7 11 23,6 7,2,1,-0.7721956427929944,50.0,0.0,45.714285714285715,918f08205e2c162bd0a56d044a61bde47fadc1658cb3eeb9af97d1c4fc76ecde,observed,synthetic_forward_replay
4,2025-10-01,parallax,6,7,13 18 22 25 31,2 4,0,0,-0.7721956427929944,50.0,92.78638616466284,62.857142857142854,3a9cb6147ca9c640cd8b5ec413154a02544d7472b86cfd0578bc036ef25d9006,observed,synthetic_forward_replay
4,2025-10-01,parallax,6,8,17 21 28 29 39,1 6,0,1,-0.7721956427929944,50.0,95.72570703294076,65.71428571428571,2a5c48cc9919e4314cfe94bfcba99c49ebff1e4ed92298c480e7a8ecd88f9b0e,observed,synthetic_forward_replay
4,2025-10-01,parallax,6,9,5 8 10 20 30,3 7,0,0,-0.7721956427929944,50.0,65.85744698881592,48.57142857142856,969c0ebe596fe7da097e5ee2bb4c0d767180d0747e04365cc725797112ef6631,observed,synthetic_forward_replay
4,2025-10-01,parallax,6,10,1 9 14 19 31,9 11,1,1,-0.7721956427929944,50.0,63.96687226009578,60.0,8fb07319444d2fc164742e9fd7a90f78600915e15e17906d92e85507d924f592,observed,synthetic_forward_replay
4,2025-10-01,parallax,6,11,12 24 26 34 39,5 8,0,0,-0.7721956427929944,50.0,98.99989877490157,57.14285714285714,0b9a6d5f66d08d721b6018191279dda7cb415bdd3e43e226b7c40e94826bd612,observed,synthetic_forward_replay
4,2025-10-01,parallax,6,12,22 36 37 38 48,10 12,1,0,-0.7721956427929944,50.0,99.95652251993322,48.57142857142856,dbd791763544886d375106260dc94326884ffdc30d49f0c4fca0c5690ed8ff6b,observed,synthetic_forward_replay
4,2025-10-01,coordinated_aggregation,7,1,40 45 47 48 50,9 10,1,1,-0.7721956427929944,50.0,100.0,51.42857142857142,5f1c9763f3084922b8f01bff6453980ba1f4127c8475bc033e6a91247bf1c7ea,observed,synthetic_forward_replay
4,2025-10-01,coordinated_aggregation,7,2,36 41 43 44 46,2 12,1,0,-0.7721956427929944,50.0,99.99655375347884,51.42857142857142,b184d8be032386911b70b8c30e715cd59ab9abe6bec844daf60af859456d2b31,observed,synthetic_forward_replay
4,2025-10-01,coordinated_aggregation,7,3,32 33 34 35 49,1 5,0,0,-0.7721956427929944,50.0,99.96506161353504,54.285714285714285,75401bd5ae039fa9326d56e94108138e5e6dd6eadba9d320a6c787f5f579c598,observed,synthetic_forward_replay
4,2025-10-01,coordinated_aggregation,7,4,16 27 30 37 39,4 8,0,0,-0.7721956427929944,50.0,99.42599315857741,54.28571428571429,d01574a1cc7ebd434c87e4f1f7cf4204d90229f7c0c87969e683bcaf7f935b4f,observed,synthetic_forward_replay
4,2025-10-01,coordinated_aggregation,7,5,15 24 38 42 45,3 11,0,0,-0.7721956427929944,50.0,99.74128941305268,54.28571428571429,1ddb3d4b5be7de4033e549f253ed70a78a2f99034214df26352fc5629f79760b,observed,synthetic_forward_replay
4,2025-10-01,coordinated_aggregation,7,6,4 6 7 11 23,6 7,2,1,-0.7721956427929944,50.0,0.0,45.714285714285715,8754cb5d243c088b934945b76e2d41b0cf83287ed004ef884d1fcb7ee3e6c7d2,observed,synthetic_forward_replay
4,2025-10-01,coordinated_aggregation,7,7,13 18 22 25 31,2 4,0,0,-0.7721956427929944,50.0,92.78638616466284,62.857142857142854,414d6e0b32502592b210b983c52123ec1e5874480ba8cde548873adad8d13d2e,observed,synthetic_forward_replay
4,2025-10-01,coordinated_aggregation,7,8,17 21 28 29 39,1 6,0,1,-0.7721956427929944,50.0,95.72570703294076,65.71428571428571,ece7b9c2f3a2556097b741884b91b4f251703ddf5ee68adafc2ff6e08932f0eb,observed,synthetic_forward_replay
4,2025-10-01,coordinated_aggregation,7,9,5 8 10 20 30,3 7,0,0,-0.7721956427929944,50.0,65.85744698881592,48.57142857142856,b32dc7558ba68d2706fec03c8b55f598f640d895fa8c45707888cb4960ef28b1,observed,synthetic_forward_replay
4,2025-10-01,coordinated_aggregation,7,10,1 9 14 19 31,9 11,1,1,-0.7721956427929944,50.0,63.96687226009578,60.0,8d1685346ccc4924b2c7fc178ccc991f4d4b9346122c3c285f767d8914f0ab17,observed,synthetic_forward_replay
4,2025-10-01,coordinated_aggregation,7,11,12 24 26 34 39,5 8,0,0,-0.7721956427929944,50.0,98.99989877490157,57.14285714285714,4149998b0692536982e13bf99608562172f8f9067dfd7e551abe872a0f0c8d71,observed,synthetic_forward_replay
4,2025-10-01,coordinated_aggregation,7,12,22 36 37 38 48,10 12,1,0,-0.7721956427929944,50.0,99.95652251993322,48.57142857142856,5a61ed7091e267bd13c982c27e8e21fde0331f4f3d78546d0d4dae4772cc6fc7,observed,synthetic_forward_replay
5,2025-10-08,uniform_random,3,1,12 15 41 42 47,6 8,1,0,0.0,0.0,99.51098248740881,54.28571428571429,93bed30c90f586d532a426944a054f1f46e0a4fdb1aa89c0183bde8db4510cf7,observed,synthetic_forward_replay
5,2025-10-08,uniform_random,3,2,18 20 33 34 36,4 12,2,1,0.0,0.0,99.7081084254246,60.0,6c675304b79ac127645ee3909151e762f08b9acdfc8ce0cb2aaa10bf4af912d1,observed,synthetic_forward_replay
5,2025-10-08,uniform_random,3,3,20 21 30 34 43,2 6,0,0,0.0,0.0,98.94609312631017,54.28571428571429,fd7fffa07198b4a018f247a3237e68688e3edae2ce79c909cd901cb7c4cce5d9,observed,synthetic_forward_replay
5,2025-10-08,uniform_random,3,4,7 10 23 29 50,1 6,0,0,0.0,0.0,91.59306729281207,65.71428571428571,46794a775ff25a2647119a1995a7f4546bd8833fc1df18f31c993061ec0fefc6,observed,synthetic_forward_replay
5,2025-10-08,uniform_random,3,5,8 10 11 24 44,2 6,0,0,0.0,0.0,89.05490647698211,45.714285714285715,2edcc9d1f337c52febf79283ab58b953721e083357b58647973ede2a644832a1,observed,synthetic_forward_replay
5,2025-10-08,uniform_random,3,6,11 16 34 38 43,4 11,0,0,0.0,0.0,99.5929771394707,48.57142857142856,5c8889cf59bd21f24866fda23d04953fb4c21c7e4ad6305044f783e9fc7dca90,observed,synthetic_forward_replay
5,2025-10-08,uniform_random,3,7,9 11 26 31 47,2 5,0,0,0.0,0.0,94.80784049157829,68.57142857142857,894b36af6c9e5dfe26b411571589313a156fcf9987f5e4544947bb2ffb17df56,observed,synthetic_forward_replay
5,2025-10-08,uniform_random,3,8,10 19 36 39 42,6 7,0,1,0.0,0.0,99.42038511823814,51.42857142857142,a23768b0160c1c233f2e0adbe0a444ca768c49d5c9d99feb9f3b13d67b791419,observed,synthetic_forward_replay
5,2025-10-08,uniform_random,3,9,21 39 41 47 48,2 7,1,1,0.0,0.0,99.9355602708801,48.57142857142856,0e249abe4fd0821fbb30004a472294c61b92aa5ea0fab09f68cef80f4296c761,observed,synthetic_forward_replay
5,2025-10-08,uniform_random,3,10,7 22 23 38 45,7 9,0,1,0.0,0.0,98.19582819901147,48.57142857142856,2f0af1c7f5b250550666298f32502b60df513955a3814b3bcd1c0cf7dc1e76ab,observed,synthetic_forward_replay
5,2025-10-08,uniform_random,3,11,10 22 30 32 35,2 4,0,0,0.0,0.0,98.0234470512648,45.714285714285715,1cd3b7f711f230e01a59a4753b685619756075cd82d921ed7bf933a235bb0aef,observed,synthetic_forward_replay
5,2025-10-08,uniform_random,3,12,10 17 23 32 37,2 10,0,0,0.0,0.0,98.4699769178397,48.57142857142856,5d424cf2998ec02a7acea59dc8d51ea311f7c1d486eed44b7ee8a723fbda6338,observed,synthetic_forward_replay
5,2025-10-08,frequency,6,1,13 32 41 45 49,8 9,0,0,-0.5968094809550073,40.0,99.91468070199686,57.14285714285714,017492bcc897d8ab7222398949436b0b5fab576b5ccd44cea0f6f9c851ce0179,observed,synthetic_forward_replay
5,2025-10-08,frequency,6,2,15 22 31 39 50,10 12,1,1,-0.5968094809550073,40.0,99.39172000690756,65.71428571428571,5331ff976e9b5e00d2817a2452b600f63c48432fe624a82db847b38459e407c5,observed,synthetic_forward_replay
5,2025-10-08,frequency,6,3,5 11 20 24 36,5 6,0,0,-0.5968094809550073,40.0,92.06628778547639,77.14285714285715,5e254ea7abd0c4a03ca07895d694f1a8ce0a0228d0049ce4226dc9126b685af9,observed,synthetic_forward_replay
5,2025-10-08,frequency,6,4,9 11 15 17 25,1 3,1,0,-0.5968094809550073,40.0,72.48154908879663,74.28571428571429,e7c332eac17d768a26b4bbed8c341b83447cc69d6d7bc33d3d5aa2db1480a64d,observed,synthetic_forward_replay
5,2025-10-08,frequency,6,5,4 18 22 24 44,3 8,1,0,-0.5968094809550073,40.0,95.55554619357581,62.857142857142854,bb93850b6bf076b17ead422e9e885ccabe5583fbbec7a88a252502f42bd8af09,observed,synthetic_forward_replay
5,2025-10-08,frequency,6,6,7 10 11 12 23,9 12,0,1,-0.5968094809550073,40.0,0.0,51.42857142857142,700fafc9890f695a6ce6b98900f3c588c9d801fddf17bac98fdd53314f601ad4,observed,synthetic_forward_replay
5,2025-10-08,frequency,6,7,11 12 23 26 42,4 12,0,1,-0.5968094809550073,40.0,90.93221732925446,54.28571428571429,9ebecc2b8d28bf7644bffb8eedfcc7ea4514b04c438cb90e85d5d3e2e6b0951d,observed,synthetic_forward_replay
5,2025-10-08,frequency,6,8,7 25 27 38 45,3 7,0,1,-0.5968094809550073,40.0,98.37814461794494,60.0,81882b5b63051f7666a929c24fccb17366a6a6249eb97e446a707b33a3ac00f3,observed,synthetic_forward_replay
5,2025-10-08,frequency,6,9,11 23 29 35 37,2 9,0,0,-0.5968094809550073,40.0,98.19582819901147,62.857142857142854,1ce82e61d827c7dddd6ba15075bde161b313a34c71baa10455fb0d142c36577e,observed,synthetic_forward_replay
5,2025-10-08,frequency,6,10,18 23 25 31 46,11 12,1,1,-0.5968094809550073,40.0,98.01949972624524,54.285714285714285,2065400735527df77211eed0f547a21f5b24550fee6c6398a99aec7198172071,observed,synthetic_forward_replay
5,2025-10-08,frequency,6,11,13 16 37 47 50,3 12,0,1,-0.5968094809550073,40.0,99.79403808964744,62.857142857142854,17c4a8914541a333b537ba07a2844a1995a363a77f77a4f8afa8a00d22ce8f33,observed,synthetic_forward_replay
5,2025-10-08,frequency,6,12,3 13 17 24 50,4 7,0,1,-0.5968094809550073,40.0,95.2057380125622,71.42857142857142,5998d680f8208ff7a41556a7a5243b0c5c2063941586df563221edff39e6a1a2,observed,synthetic_forward_replay
5,2025-10-08,unpopularity,1,1,40 44 45 48 50,6 10,1,0,0.1942031145369949,100.0,99.99963526701366,51.42857142857142,7cabb94bf21736513cf27f5153a5cf7ee745240ec25021f591d7ea8f4f5e9080,observed,synthetic_forward_replay
5,2025-10-08,unpopularity,1,2,38 41 44 48 50,1 10,1,0,0.1942031145369949,100.0,99.99847252427736,48.57142857142856,51dd8f0138057fb540ac214880bfb5c99906060cdfb1f759648421888dd13524,observed,synthetic_forward_replay
5,2025-10-08,unpopularity,1,3,39 41 43 46 50,7 11,0,1,0.1942031145369949,100.0,99.99806091495856,60.0,dc62a10018f339880d42ff9b237c07733ddc2bd9b7b380c9ac8262a47189f5d7,observed,synthetic_forward_replay
5,2025-10-08,unpopularity,1,4,37 41 45 46 50,1 2,0,0,0.1942031145369949,100.0,99.99806091495856,51.42857142857142,51e39981dd36cfb6a5b971f62e9c13047b63b4caee1151784949a7b213765ea9,observed,synthetic_forward_replay
5,2025-10-08,unpopularity,1,5,38 39 45 46 50,8 10,0,0,0.1942031145369949,100.0,99.9978503973359,48.57142857142856,c25bd4c60a838046c10880d72a6d5a3ce826779d4819194a6c7e347ed8c1b91b,observed,synthetic_forward_replay
5,2025-10-08,unpopularity,1,6,39 40 44 45 50,6 11,0,0,0.1942031145369949,100.0,99.9978503973359,54.285714285714285,7f17db15d134a5ad3623723cd46ba74001ba13901a05515a925db066513dde44,observed,synthetic_forward_replay
5,2025-10-08,unpopularity,1,7,32 39 46 48 50,5 10,1,0,0.1942031145369949,100.0,99.99719941333136,54.285714285714285,61146684d7a30b96f63b020246831e20fdfb3eb8da617c5593a8153ef007f829,observed,synthetic_forward_replay
5,2025-10-08,unpopularity,1,8,32 43 44 45 50,3 6,0,0,0.1942031145369949,100.0,99.99697577639456,62.857142857142854,fd93ac311c90d0a1c66faae3474af862fb0f7c8f7dd65df103738443cd8b9117,observed,synthetic_forward_replay
5,2025-10-08,unpopularity,1,9,36 40 41 45 50,4 6,0,0,0.1942031145369949,100.0,99.99651823374258,57.14285714285714,c6e08f4ceab93c16f43503c3934e53f809b29afe932266b9a4fdee5fb7520c30,observed,synthetic_forward_replay
5,2025-10-08,unpopularity,1,10,33 39 43 47 48,10 12,2,1,0.1942031145369949,100.0,99.99604664967497,60.0,2fae6bf378e6796d54ecf7a14a5a9aa13e7b96b88ac1211f913f6b890fde4f67,observed,synthetic_forward_replay
5,2025-10-08,unpopularity,1,11,40 45 46 47 48,9 10,1,0,0.1942031145369949,100.0,99.99571786992976,42.857142857142854,752f1d592acb7f3318b48a5bc9bb8ee5fef33a445cad9035d3df0c17b6c1ce7c,observed,synthetic_forward_replay
5,2025-10-08,unpopularity,1,12,36 39 40 45 48,1 8,1,0,0.1942031145369949,100.0,99.99556059327813,51.42857142857142,ff15f9b638120468046f51255e10d53b5d3571e8a6e9825783f2a8d140aee325,observed,synthetic_forward_replay
5,2025-10-08,gingerm,7,1,6 9 25 49 50,1 5,1,0,-0.9493164872110382,40.0,97.6185561273401,74.28571428571428,d064a4cc429096954bdf8914090e08b2df120cb48cc5be6f1f4a6bcf34eea74f,observed,synthetic_forward_replay
5,2025-10-08,gingerm,7,2,7 9 18 27 49,1 5,1,0,-0.9493164872110382,40.0,85.5436255403096,77.14285714285715,e207514e28630ea424e97e6e018d855717ef90020ee1e4a4674303842ab55032,observed,synthetic_forward_replay
5,2025-10-08,gingerm,7,3,9 21 24 25 49,1 5,0,0,-0.9493164872110382,40.0,92.1388822338672,80.0,61bb4ff52e3566db9de20ccd70712e4303feb02fd0b2b8199105f8f7cc84292e,observed,synthetic_forward_replay
5,2025-10-08,gingerm,7,4,9 25 27 37 49,1 5,0,0,-0.9493164872110382,40.0,98.49705395030041,80.0,b986f1519d337aa77768dc63537673e458f8abf55a3c390f07a525e970e887bf,observed,synthetic_forward_replay
5,2025-10-08,gingerm,7,5,9 22 25 43 49,1 5,0,0,-0.9493164872110382,40.0,98.51977641462861,82.85714285714285,21a7a5a8a90b2787a59c14be57705eeb33e4e1d039375221526babeb51c84c7b,observed,synthetic_forward_replay
5,2025-10-08,gingerm,7,6,1 5 29 43 49,1 6,0,0,-0.9493164872110382,40.0,97.14264014687666,85.71428571428571,cd3459c161cf2dbd05ef7f8583fe63874d60d21ab367c7a2c8edf9045e99e64d,observed,synthetic_forward_replay
5,2025-10-08,gingerm,7,7,1 5 19 24 31,1 6,0,0,-0.9493164872110382,40.0,73.70192413875601,71.42857142857142,5c4b7b0c525125a97e39322309156c5132a7aa69bd18645aa31b6ee82cbdc214,observed,synthetic_forward_replay
5,2025-10-08,gingerm,7,8,1 24 29 31 36,1 6,0,0,-0.9493164872110382,40.0,96.12229094442655,80.0,a16f52e1acdc83b0196a52f27b2b80ec21734ae5e56614c744dee8c6351e318d,observed,synthetic_forward_replay
5,2025-10-08,gingerm,7,9,1 19 20 29 43,1 6,0,0,-0.9493164872110382,40.0,95.55554619357581,85.71428571428571,4c336345e9304bc473494e299a998f2346adc7ca18486b7834d37ddf81de24ad,observed,synthetic_forward_replay
5,2025-10-08,gingerm,7,10,1 5 7 24 29,1 6,0,0,-0.9493164872110382,40.0,31.74151307196721,82.85714285714285,d7099ee2cd24b95c28f329fba15fa1d30630bbb9d021d129e02b16c88fa366e8,observed,synthetic_forward_replay
5,2025-10-08,gingerm,7,11,1 3 5 9 29,1 9,0,0,-0.9493164872110382,40.0,15.09761783113367,85.71428571428571,ddf9c1b7f8ceb8263e46719a0085a0e8a1435cff6441cf661575d8018e562a68,observed,synthetic_forward_replay
5,2025-10-08,gingerm,7,12,5 7 9 49 50,1 9,0,0,-0.9493164872110382,40.0,93.3140678932548,82.85714285714285,970e17fc94df1672c8fe01fab3b51f7ea73689b3200df53f8184a7bdcb262c27,observed,synthetic_forward_replay
5,2025-10-08,spectral_contrarian,2,1,6 18 26 38 48,3 8,3,0,0.060326514020503375,100.0,98.81934100157737,42.857142857142854,8007d389cc8dd15bc0d7160053944753cd559a01fe71ae5b82fce017816cb5c6,observed,synthetic_forward_replay
5,2025-10-08,spectral_contrarian,2,2,4 15 23 35 42,7 12,1,2,0.060326514020503375,100.0,96.54259193324675,57.14285714285714,18196d6b7596f95cba5b1948724b2977cdd1585bebdb6d5b358ccfed82dc745d,observed,synthetic_forward_replay
5,2025-10-08,spectral_contrarian,2,3,1 8 19 33 39,3 11,1,0,0.060326514020503375,100.0,97.13516144950168,54.285714285714285,f193bdb16f174d751eb900e2bac06a83a5e43651b3994c656b155c212c9a9f51,observed,synthetic_forward_replay
5,2025-10-08,spectral_contrarian,2,4,6 17 24 37 47,3 8,1,0,0.060326514020503375,100.0,98.72573016075474,54.285714285714285,504bbd02411b4d29f568ef7bae50ae0cc917df202caac24c92884ce8a4348f64,observed,synthetic_forward_replay
5,2025-10-08,spectral_contrarian,2,5,3 14 22 34 41,7 11,0,1,0.060326514020503375,100.0,97.51747073621198,40.0,1046eea3d77e317f31632c8739e6e518f3d7e4b8c52b4a5b63253de03b5dd2e5,observed,synthetic_forward_replay
5,2025-10-08,spectral_contrarian,2,6,7 18 32 38 49,3 11,1,0,0.060326514020503375,100.0,99.09740663406787,60.0,48dbf1f0bdd84f43091bfa24c0aaee164c007becd0b6d75da1c499d954373ab7,observed,synthetic_forward_replay
5,2025-10-08,spectral_contrarian,2,7,5 15 23 36 46,2 7,1,1,0.060326514020503375,100.0,98.60364761218254,57.14285714285714,e0c9e95aed31e1ff07cc435409410f08273fd3e20270975b832338bace3691ce,observed,synthetic_forward_replay
5,2025-10-08,spectral_contrarian,2,8,2 13 21 34 40,7 11,0,1,0.060326514020503375,100.0,97.36202055291253,37.14285714285714,d014f1376662a1bb5b2e92b5b01af995ab350ffc92f41afddb3d493039410b05,observed,synthetic_forward_replay
5,2025-10-08,spectral_contrarian,2,9,6 17 31 38 48,3 11,2,0,0.060326514020503375,100.0,98.88929974051342,40.0,51b5928787bb315d2bf1a0834cd73fae07a2f8a964e5650b35b3e4357b5a5381,observed,synthetic_forward_replay
5,2025-10-08,spectral_contrarian,2,10,3 14 22 35 46,2 7,0,1,0.060326514020503375,100.0,96.59463132783077,45.714285714285715,645bf95389959a20e04887d211d9453504a6fde271d398fd433a368a591ae041,observed,synthetic_forward_replay
5,2025-10-08,spectral_contrarian,2,11,12 19 33 39 50,6 11,1,0,0.060326514020503375,100.0,99.65713936293231,62.857142857142854,72164311d4def63bfb43ea64a0b7464fc6b94208bf1a40639ca4947fb44daa6f,observed,synthetic_forward_replay
5,2025-10-08,spectral_contrarian,2,12,6 16 30 37 47,2 11,1,0,0.060326514020503375,100.0,98.81934100157737,42.857142857142854,8d8fde92d0c34d97d5c3c57198752e03ad9d24a925544da9958008ba60583f61,observed,synthetic_forward_replay
5,2025-10-08,parallax,4,1,40 44 47 48 50,2 8,1,0,-0.3503129144002748,40.0,100.0,54.285714285714285,f0eee74a1073454ff306bea9f7c1632f42495c9fee1efe772febf2a6fef1173a,observed,synthetic_forward_replay
5,2025-10-08,parallax,4,2,33 39 43 45 46,10 12,1,1,-0.3503129144002748,40.0,99.9950596204143,54.285714285714285,006a3dbdd50c53ce3b82b86277c163bb9e2ab31c7070e33c208e28f6cc8ef3d5,observed,synthetic_forward_replay
5,2025-10-08,parallax,4,3,36 37 38 41 42,7 11,0,1,-0.3503129144002748,40.0,99.97255143408529,48.57142857142856,6c485f0899348c70e4863f3211d5b10ecb1c446e6f663ca3dcac2179af909065,observed,synthetic_forward_replay
5,2025-10-08,parallax,4,4,15 16 22 32 35,1 9,1,0,-0.3503129144002748,40.0,98.38462129709345,60.0,34e7ad70c0da870c11462359e3119fd26406a7dd62e3a91891315e7494bc329e,observed,synthetic_forward_replay
5,2025-10-08,parallax,4,5,13 17 24 25 34,3 6,0,0,-0.3503129144002748,40.0,96.87653231175752,60.0,cd8f9cf7b73888899edcae38917de2a3352fab2182ceeaa6794fa9092ccfc51d,observed,synthetic_forward_replay
5,2025-10-08,parallax,4,6,1 19 30 31 41,4 5,0,0,-0.3503129144002748,40.0,96.18063485384286,54.285714285714285,4a2fd5e6325c397ba0bcfe3080c5ea10da8debc90b5c70e62d2a72ce9afecd9a,observed,synthetic_forward_replay
5,2025-10-08,parallax,4,7,10 14 18 29 49,1 2,1,0,-0.3503129144002748,40.0,91.12702560353749,57.14285714285714,cfd2aa56109bb77f5752ed5539100ce9701c826470d2b29c29c7b29489be6026,observed,synthetic_forward_replay
5,2025-10-08,parallax,4,8,4 7 21 23 27,8 11,0,0,-0.3503129144002748,40.0,42.57707611442645,60.0,eaf6210664b3b15f09460877f202396549e3c439140300fc9ea1672a5fe52f35,observed,synthetic_forward_replay
5,2025-10-08,parallax,4,9,6 11 20 26 49,4 9,1,0,-0.3503129144002748,40.0,90.65357361044374,65.71428571428571,3f6347d543208e2b450894cbcbaf7d1d2d6dae98cec0bfec0d9a4106b6a3c1e0,observed,synthetic_forward_replay
5,2025-10-08,parallax,4,10,8 12 23 28 36,5 6,0,0,-0.3503129144002748,40.0,89.91897643031514,51.42857142857142,84499b9b0b7cb6a67e5dd125e12b339975ec2032ef07fda58241d75a8378582f,observed,synthetic_forward_replay
5,2025-10-08,parallax,4,11,5 32 39 42 50,3 12,0,1,-0.3503129144002748,40.0,99.8487381972123,62.857142857142854,d76d4e86418955e3b25d1cc42f619cb66da307e67147c6258895168c98c80542,observed,synthetic_forward_replay
5,2025-10-08,parallax,4,12,3 9 21 35 37,7 10,0,1,-0.3503129144002748,40.0,94.01035761791093,65.71428571428571,171cd9eb87637c28e87174c003e8b4f76eb530da01db2d54183f9c2aeb332c80,observed,synthetic_forward_replay
5,2025-10-08,coordinated_aggregation,5,1,40 44 47 48 50,2 8,1,0,-0.3503129144002748,40.0,100.0,54.285714285714285,894761b6fd598281f3ac252c68031174adc2db30683f0d6e380a7a5bdb398c63,observed,synthetic_forward_replay
5,2025-10-08,coordinated_aggregation,5,2,33 39 43 45 46,10 12,1,1,-0.3503129144002748,40.0,99.9950596204143,54.285714285714285,ee675b3a852cf72c4e48a05c421a258bd11562ddb2e8c8c6dc11c2bdcd7ade71,observed,synthetic_forward_replay
5,2025-10-08,coordinated_aggregation,5,3,36 37 38 41 42,7 11,0,1,-0.3503129144002748,40.0,99.97255143408529,48.57142857142856,7866fc940afa07796da0683f69ac7dc531898d130aece0593e099ac128432e6e,observed,synthetic_forward_replay
5,2025-10-08,coordinated_aggregation,5,4,15 16 22 32 35,1 9,1,0,-0.3503129144002748,40.0,98.38462129709345,60.0,0c46da4830b35eb6d3f9d9bca11879bd44c23a52ed1c704d14d993399f12b8e7,observed,synthetic_forward_replay
5,2025-10-08,coordinated_aggregation,5,5,13 17 24 25 34,3 6,0,0,-0.3503129144002748,40.0,96.87653231175752,60.0,6046951c8dfce9739e11eae7f6f3f6712745c5fa21f952a9adabbb167cd887d9,observed,synthetic_forward_replay
5,2025-10-08,coordinated_aggregation,5,6,1 19 30 31 41,4 5,0,0,-0.3503129144002748,40.0,96.18063485384286,54.285714285714285,badad09cc2550fff09f5e0b6f922846b71a5a20942d8004d10063d9566d292cb,observed,synthetic_forward_replay
5,2025-10-08,coordinated_aggregation,5,7,10 14 18 29 49,1 2,1,0,-0.3503129144002748,40.0,91.12702560353749,57.14285714285714,dbc7158587e426538e32fe0d31cf4a6d04bba86fcab209e971a4e0c654768d76,observed,synthetic_forward_replay
5,2025-10-08,coordinated_aggregation,5,8,4 7 21 23 27,8 11,0,0,-0.3503129144002748,40.0,42.57707611442645,60.0,79eefae4160a9bdae45b0af860968a440f60c9371690c93a8db49eed00f22a28,observed,synthetic_forward_replay
5,2025-10-08,coordinated_aggregation,5,9,6 11 20 26 49,4 9,1,0,-0.3503129144002748,40.0,90.65357361044374,65.71428571428571,8cef2271bddf1059d0b37fe2fde589d9499e9178cb8bd1b881602b5dd1b3a1d2,observed,synthetic_forward_replay
5,2025-10-08,coordinated_aggregation,5,10,8 12 23 28 36,5 6,0,0,-0.3503129144002748,40.0,89.91897643031514,51.42857142857142,e5f7b5a0de24c8f56512f1d3294413183ef1d2bcaf2971c9fdd592e11819d888,observed,synthetic_forward_replay
5,2025-10-08,coordinated_aggregation,5,11,5 32 39 42 50,3 12,0,1,-0.3503129144002748,40.0,99.8487381972123,62.857142857142854,0d41c73ea291c2a4104a9108edaacb555a813dbb4c4b24d181270ef885e67840,observed,synthetic_forward_replay
5,2025-10-08,coordinated_aggregation,5,12,3 9 21 35 37,7 10,0,1,-0.3503129144002748,40.0,94.01035761791093,65.71428571428571,9b21372a1a4dfdc0c67f8db7433400ac1162df2ddf9fd6765f7289bc21affdcc,observed,synthetic_forward_replay
6,2025-10-15,uniform_random,3,1,5 14 24 32 50,4 10,0,1,0.0,0.0,98.12680675689529,62.857142857142854,d2e54448a72448322c45f231fbb597f29dcc003e120edd7ed9c8c0122de8051a,observed,synthetic_forward_replay
6,2025-10-15,uniform_random,3,2,8 14 15 26 34,5 7,1,0,0.0,0.0,92.53151680569219,40.0,621d0e9b97c55b6f2da069e36bf4014cb67e8de176a7e0b161380a73870040a7,observed,synthetic_forward_replay
6,2025-10-15,uniform_random,3,3,4 5 25 35 49,4 5,0,1,0.0,0.0,95.61273507981711,74.28571428571429,8e713fb76a8390e52e4b50314eddd742832df227a722ad41c136bf481dd2a3e4,observed,synthetic_forward_replay
6,2025-10-15,uniform_random,3,4,7 17 35 38 48,4 7,1,1,0.0,0.0,99.20749075415955,54.28571428571429,47f6f26cb3390d962083befad7c40b7157707124f3a52a66507bdae1bf04ec79,observed,synthetic_forward_replay
6,2025-10-15,uniform_random,3,5,3 6 19 26 29,11 12,2,0,0.0,0.0,77.58397703336855,65.71428571428571,22d1a618ce4dce965188a8b1f22817a0a7333d09f30de4f23709a0054e80c42a,observed,synthetic_forward_replay
6,2025-10-15,uniform_random,3,6,9 18 24 33 50,4 8,0,2,0.0,0.0,98.9145912334345,82.85714285714285,24858665ee50bdcea6fae4c81f3bac5dcd816cbcca3477c4a725d7738cfb0ec7,observed,synthetic_forward_replay
6,2025-10-15,uniform_random,3,7,7 28 30 42 48,4 10,0,1,0.0,0.0,97.31704861686714,54.28571428571429,799e46958132ba80cad39871ca479416514cc8437848a110c02c8f85e26bf78b,observed,synthetic_forward_replay
6,2025-10-15,uniform_random,3,8,9 11 28 37 42,3 10,0,0,0.0,0.0,96.1720847672137,65.71428571428571,d2083718137bd943b6dafa44b21e74a38bcba1b3faebc902ad7e0c1cc93ce767,observed,synthetic_forward_replay
6,2025-10-15,uniform_random,3,9,6 15 19 32 36,1 4,1,1,0.0,0.0,98.38686923636844,60.0,4f659efe996ec6eed37d9471988129115116fbf5c525a6be813dc615652756fd,observed,synthetic_forward_replay
6,2025-10-15,uniform_random,3,10,10 30 37 47 48,6 7,0,0,0.0,0.0,99.77349005012334,45.714285714285715,597cd3c22b21b219691f6c53e5610196494a66b4dcf7076ca19a646118d22a0c,observed,synthetic_forward_replay
6,2025-10-15,uniform_random,3,11,4 12 13 32 40,6 8,1,1,0.0,0.0,97.48351637622073,57.14285714285714,351941c14027aad863245bb0da55055ff0a7da3dba3849939ba81f647cb69acd,observed,synthetic_forward_replay
6,2025-10-15,uniform_random,3,12,3 4 7 33 49,1 2,0,0,0.0,0.0,91.42464600644286,74.28571428571429,0041d924bf048cf8732540f344f51bccf059ec3e830629105b95e4ee57bf76ff,observed,synthetic_forward_replay
6,2025-10-15,frequency,4,1,5 9 15 25 27,4 7,0,1,-0.34195334915305686,33.33333333333333,76.8957218265723,82.85714285714285,138751e83c1d99025a73c1520a419c65e01b20496b0f1e1d023f9e9da32c4772,observed,synthetic_forward_replay
6,2025-10-15,frequency,4,2,9 19 23 27 45,6 12,1,0,-0.34195334915305686,33.33333333333333,96.64489569470747,62.857142857142854,b0ad73fcd7bee4ac7c945c1c01b3f1277892da1a16454ac215d57154fdcca682,observed,synthetic_forward_replay
6,2025-10-15,frequency,4,3,8 22 26 31 38,1 4,2,1,-0.34195334915305686,33.33333333333333,96.74511924958,45.714285714285715,d8718d725f9b03656b1a0c095e94d4bbc6df59c96b76737465993dd1a221140a,observed,synthetic_forward_replay
6,2025-10-15,frequency,4,4,6 20 22 31 48,3 12,0,0,-0.34195334915305686,33.33333333333333,96.8423586481062,60.0,040ea6a5f02dcf72b1522ee2d604dc27950cafd1a08075d825a8944bb853acff,observed,synthetic_forward_replay
6,2025-10-15,frequency,4,5,9 16 19 25 27,8 10,1,1,-0.34195334915305686,33.33333333333333,86.84919063575516,74.28571428571429,b0f1aed5b7b03a11cebdd998b797a1438c98aa0b47d957a07dd50b2b4df63a46,observed,synthetic_forward_replay
6,2025-10-15,frequency,4,6,13 18 22 43 46,3 10,1,0,-0.34195334915305686,33.33333333333333,99.3170130775059,60.0,8d39317eaef66a41645ca77f3b04e552c3ddd776a27b0b04272c5733934ac44c,observed,synthetic_forward_replay
6,2025-10-15,frequency,4,7,11 29 31 38 40,2 6,1,0,-0.34195334915305686,33.33333333333333,99.1369759019921,57.14285714285714,58276b405f02d086cff7df0ff41a669651e2b94606aa2846a231a2cdc397ba30,observed,synthetic_forward_replay
6,2025-10-15,frequency,4,8,11 16 27 39 49,4 6,0,1,-0.34195334915305686,33.33333333333333,98.55370876920465,65.71428571428571,ab3162ce2f6def5607574c27ee1c18f9d04a409b5b630592562ac99754f36718,observed,synthetic_forward_replay
6,2025-10-15,frequency,4,9,4 26 33 41 48,2 7,2,0,-0.34195334915305686,33.33333333333333,99.68969170366236,62.857142857142854,099df062cb479908cbf52cf5e33e56f78bd43547b47394e6d14abdf0b6d77ed3,observed,synthetic_forward_replay
6,2025-10-15,frequency,4,10,1 3 16 33 47,7 8,0,1,-0.34195334915305686,33.33333333333333,97.4450279034974,68.57142857142857,88d4243d1445cb4609939dca74d855c88aef5a1ef58d71ed2a803cc1ad1345fa,observed,synthetic_forward_replay
6,2025-10-15,frequency,4,11,3 4 23 24 27,1 3,0,0,-0.34195334915305686,33.33333333333333,76.8957218265723,68.57142857142857,3984d8129f673a86a73457acbd7c00e59d5ce4041fe3d9bc82802d83f05cfcb8,observed,synthetic_forward_replay
6,2025-10-15,frequency,4,12,1 10 14 15 31,2 6,0,0,-0.34195334915305686,33.33333333333333,59.68106839546159,54.285714285714285,7cfcec407768caeb39a474ea9ee025ba5fc20b0c400e5ec4940703ef2783bdd1,observed,synthetic_forward_replay
6,2025-10-15,unpopularity,1,1,37 43 44 46 50,1 11,0,0,0.37447952221868475,100.0,99.9987807090791,60.0,0fba9c507e8e0cef2f897b15917f6beef78a3d4e2754c3e754277723ee4f7b44,observed,synthetic_forward_replay
6,2025-10-15,unpopularity,1,2,34 43 44 48 50,2 12,0,0,0.37447952221868475,100.0,99.99859575411504,57.14285714285714,089bb77235e17d5790914fef222e61e6a5677f4a37e3db09c68c15dac879685e,observed,synthetic_forward_replay
6,2025-10-15,unpopularity,1,3,33 44 45 47 50,1 7,0,0,0.37447952221868475,100.0,99.99859575411504,60.0,d65d16a9322e743be2395a7733d1237bee64b27196645720b1f9fb4c258db607,observed,synthetic_forward_replay
6,2025-10-15,unpopularity,1,4,32 43 46 48 50,2 4,0,1,0.37447952221868475,100.0,99.99859575411504,62.857142857142854,4e16635a452b082641b45793c3fe535fff239da71fa765f0765fd9a2c0452fa0,observed,synthetic_forward_replay
6,2025-10-15,unpopularity,1,5,36 39 45 47 50,4 10,0,1,0.37447952221868475,100.0,99.99821735157578,62.857142857142854,6d97bd1dccb575a65bf176b80ddc56309298014bec9514ba031e7262cde85964,observed,synthetic_forward_replay
6,2025-10-15,unpopularity,1,6,38 40 43 46 50,1 12,1,0,0.37447952221868475,100.0,99.99821735157578,54.285714285714285,2775e5b07d5548e8c053928d937cf1ede83f780173c1ecc809e146ff5dac362c,observed,synthetic_forward_replay
6,2025-10-15,unpopularity,1,7,34 39 45 47 50,4 8,0,2,0.37447952221868475,100.0,99.99782733633263,51.42857142857142,54278845d0460b02ab3f5096556efd34c4540c36b0ad0786714b2c38ad235ed3,observed,synthetic_forward_replay
6,2025-10-15,unpopularity,1,8,37 40 43 45 47,5 9,0,0,0.37447952221868475,100.0,99.9972197570867,57.14285714285714,517df82cde7c0711fb4d791ab717f481d704f762308e708bd8c5399f4c224b9f,observed,synthetic_forward_replay
6,2025-10-15,unpopularity,1,9,32 36 45 48 50,6 10,0,0,0.37447952221868475,100.0,99.99701103128011,62.857142857142854,d80b883bbc3351001ca40374d8e082d2c3908b2a2491853058b274b22702cb84,observed,synthetic_forward_replay
6,2025-10-15,unpopularity,1,10,32 39 44 45 50,7 9,0,0,0.37447952221868475,100.0,99.99679912690794,57.14285714285714,13dea00628e1cf7a3911dff64820e4cad1174e662ba0f57e43af5fb5f991d76f,observed,synthetic_forward_replay
6,2025-10-15,unpopularity,1,11,34 40 41 47 48,9 11,1,0,0.37447952221868475,100.0,99.99679912690794,42.857142857142854,dc15c2e03bdef8cd99b3042cc1b4dc000ecda6575584502c7ac6feae610d16f7,observed,synthetic_forward_replay
6,2025-10-15,unpopularity,1,12,38 39 40 45 48,5 9,1,0,0.37447952221868475,100.0,99.99679912690794,45.714285714285715,cd9f3a1a4131910c3a1d24adb3224a53684d0ce7bfdc5ab00e60b65269b64e7c,observed,synthetic_forward_replay
6,2025-10-15,gingerm,5,1,6 9 25 49 50,1 5,0,0,-0.5084679549455351,33.33333333333333,97.87619257532107,77.14285714285714,c5b5fcb3ebf242c86043fd4fb4cb86bed6cae4d436e3b4db453d53be78455f1a,observed,synthetic_forward_replay
6,2025-10-15,gingerm,5,2,9 18 21 27 49,1 5,0,0,-0.5084679549455351,33.33333333333333,92.55096123245035,74.28571428571429,442eb0d8423a866f4b6a9a6e0d2dce97c4eed939c1949a010736a7f6f728e9d6,observed,synthetic_forward_replay
6,2025-10-15,gingerm,5,3,7 9 25 27 49,1 5,0,0,-0.5084679549455351,33.33333333333333,88.40148789864435,82.85714285714285,182938995a368d1d5dd483e1768ea083b9899904b0d61ebd5589d9e0a0cba9bf,observed,synthetic_forward_replay
6,2025-10-15,gingerm,5,4,9 22 25 43 49,1 5,0,0,-0.5084679549455351,33.33333333333333,98.68003748140724,82.85714285714285,77e6ba6d297b3ab44498c9d91da13f157d412969e75468d202d34b74cd0c57da,observed,synthetic_forward_replay
6,2025-10-15,gingerm,5,5,9 21 24 25 49,1 5,0,0,-0.5084679549455351,33.33333333333333,92.98858850292025,80.0,54b22e1ec00c0b8334b8524cec9081b84003bc16f4b08b70aa073c7b891b8a7c,observed,synthetic_forward_replay
6,2025-10-15,gingerm,5,6,1 20 29 43 49,1 6,0,0,-0.5084679549455351,33.33333333333333,98.55370876920465,91.42857142857143,2c3c50c6538adcf82bf3143ac2bef21186dc7f25bfc210475c00358db2ddcf4d,observed,synthetic_forward_replay
6,2025-10-15,gingerm,5,7,1 19 20 24 29,1 6,1,0,-0.5084679549455351,33.33333333333333,86.23868978024714,85.71428571428571,45a7feb6257b56c38c7283aafb2578e4f8b9d6184b4d9c7f2bdea3772bd61b6e,observed,synthetic_forward_replay
6,2025-10-15,gingerm,5,8,1 19 24 31 32,1 6,1,0,-0.5084679549455351,33.33333333333333,95.72407551999812,68.57142857142857,fd11fbc235bb385d105a89d81759c3184c38f75f47a3dfcf6556b8cd07938f48,observed,synthetic_forward_replay
6,2025-10-15,gingerm,5,9,1 7 24 29 31,1 6,0,0,-0.5084679549455351,33.33333333333333,70.6487979225233,80.0,5e1a5944e7ddf61e832b7d1237fe525801c7f3a0e50d5eadf6e281a5d74c3f38,observed,synthetic_forward_replay
6,2025-10-15,gingerm,5,10,1 5 24 29 43,1 6,0,0,-0.5084679549455351,33.33333333333333,93.53822982073433,85.71428571428571,0a0d9324770cb2471059e5f91a470078828786bc62b4e2de145a4e2e421436f5,observed,synthetic_forward_replay
6,2025-10-15,gingerm,5,11,1 3 9 24 29,1 9,0,0,-0.5084679549455351,33.33333333333333,59.415013033192295,88.57142857142858,5021e78fdd376d9814a7fdf3a29c8d04e487540d48023eccf8ecbe2c592e867c,observed,synthetic_forward_replay
6,2025-10-15,gingerm,5,12,1 5 9 29 49,1 9,0,0,-0.5084679549455351,33.33333333333333,84.43770503269567,88.57142857142858,573b10a27950e122a63a632a226e1706f2d310196b946b35a0cf6cf08d7885ce,observed,synthetic_forward_replay
6,2025-10-15,spectral_contrarian,2,1,6 18 26 38 48,3 8,2,1,0.24142484816144227,100.0,98.94723460364143,51.42857142857142,dc6b1ed1a31829901486019db8ab34ed22df91118cf50727ace577158b43ab2e,observed,synthetic_forward_replay
6,2025-10-15,spectral_contrarian,2,2,4 15 23 35 42,7 12,0,0,0.24142484816144227,100.0,96.91648455636903,60.0,3710c7cbb6f95f01d76b57d95be8323e32c5ec0367a82ab3169779cd6b454afc,observed,synthetic_forward_replay
6,2025-10-15,spectral_contrarian,2,3,1 8 20 33 40,3 11,0,0,0.24142484816144227,100.0,97.52142752185321,62.857142857142854,4046be6a6697fd2cfc7b2f1337ca8cd6283a2aafc352ce3593c463e93f9c5242,observed,synthetic_forward_replay
6,2025-10-15,spectral_contrarian,2,4,6 17 25 37 47,2 7,0,0,0.24142484816144227,100.0,98.88094607874675,57.14285714285714,9ca67d3f6d9cac9ff6977aa58cdc449f24c842f61011e2bb9a23cca0d223162d,observed,synthetic_forward_replay
6,2025-10-15,spectral_contrarian,2,5,3 14 22 34 41,7 11,1,0,0.24142484816144227,100.0,97.78602929572763,40.0,b63dd355617aa4f9b29916f4cd000a8da31653fb4e3fc5d63f9bbb4fb9f0181a,observed,synthetic_forward_replay
6,2025-10-15,spectral_contrarian,2,6,7 19 32 39 49,3 11,1,0,0.24142484816144227,100.0,99.21954228412294,65.71428571428571,f1548af57f8cc06f793dbec14c91234c6095760e74c17e47d08f6c82c7893165,observed,synthetic_forward_replay
6,2025-10-15,spectral_contrarian,2,7,5 16 23 36 46,2 7,0,0,0.24142484816144227,100.0,98.77368772622927,54.28571428571429,2ae1593d4f4ec09b965269764325eb146fcb6dd82308975ef766fa8e4d3ad980,observed,synthetic_forward_replay
6,2025-10-15,spectral_contrarian,2,8,2 13 21 34 40,6 11,1,0,0.24142484816144227,100.0,97.64737525103075,37.14285714285714,2cbf96fe424c8ebdc1849927c417104d4c5d9a5bd217331d7dfd3c451959f033,observed,synthetic_forward_replay
6,2025-10-15,spectral_contrarian,2,9,6 17 31 38 48,3 11,1,0,0.24142484816144227,100.0,99.0096344150118,45.714285714285715,67fd416037eb0ca389ee8416114804f066f13defad9666486ba278e7f47084b5,observed,synthetic_forward_replay
6,2025-10-15,spectral_contrarian,2,10,3 14 22 35 46,2 7,0,0,0.24142484816144227,100.0,96.96290117929928,45.714285714285715,1c43b7544fb0e7e868e299bc67aba61781ada634d40058af2a988a1df6974d44,observed,synthetic_forward_replay
6,2025-10-15,spectral_contrarian,2,11,12 19 33 39 50,6 11,1,0,0.24142484816144227,100.0,99.69451021938322,65.71428571428571,c49fe2f4094860d8be54e42087c3c9bd93fde15e5dc7b24d2ec2f91a3f83d4ef,observed,synthetic_forward_replay
6,2025-10-15,spectral_contrarian,2,12,5 16 30 37 47,2 11,0,0,0.24142484816144227,100.0,98.93103625620877,54.28571428571429,9fae6039d1a25a615fc8cc180fad658af97700b3547328d93f3b424f07782a94,observed,synthetic_forward_replay
6,2025-10-15,parallax,6,1,37 45 47 48 50,5 10,0,0,-0.6417961833027785,33.33333333333333,100.0,60.0,a9cb6f455908ab32410b209ad03be167b378c9150b869d987796284ccece75ae,observed,synthetic_forward_replay
6,2025-10-15,parallax,6,2,32 39 43 44 46,11 12,0,0,-0.6417961833027785,33.33333333333333,99.9954581879106,54.285714285714285,207eec3ca5a940fe0fc96e0d173712ed59fc7e50fbe4b7c432b9c606f4d68b3b,observed,synthetic_forward_replay
6,2025-10-15,parallax,6,3,25 36 38 40 41,4 8,2,2,-0.6417961833027785,33.33333333333333,99.95312511973945,54.28571428571429,923dc8a0feeaeb1eb9b746a6f9e8476dc92e8960a1d5a073717cab07e4156f59,observed,synthetic_forward_replay
6,2025-10-15,parallax,6,4,23 24 30 31 33,1 3,0,0,-0.6417961833027785,33.33333333333333,98.17927753721378,57.14285714285714,65db2395ab5715b43790ca3d2eadd77fa66bbb1aaf5c455b18ad8c2ba3dc0699,observed,synthetic_forward_replay
6,2025-10-15,parallax,6,5,13 14 17 26 49,6 7,2,0,-0.6417961833027785,33.33333333333333,94.26410610321176,57.14285714285714,ad63a0f96d11e457ce3e811471cffffb0f4e9cef2367be4964a03e61cc029be1,observed,synthetic_forward_replay
6,2025-10-15,parallax,6,6,2 3 4 15 42,2 9,0,0,-0.6417961833027785,33.33333333333333,76.59020701667161,60.0,89dc277e7d08e0b72132894016af8d9f3121f8716de370bc5b77417ef9fecd6e,observed,synthetic_forward_replay
6,2025-10-15,parallax,6,7,18 19 22 27 35,7 12,1,0,-0.6417961833027785,33.33333333333333,96.29378714046489,62.857142857142854,fb154124d6ac0fa153a660e17d7c5a1fc2cfe71418622b62783569c0d9084126,observed,synthetic_forward_replay
6,2025-10-15,parallax,6,8,6 7 10 16 21,8 11,0,1,-0.6417961833027785,33.33333333333333,0.0,45.714285714285715,fe47527848df197adeb2b04e838ae752cb5f172bc1338d8a98ceab38828877db,observed,synthetic_forward_replay
6,2025-10-15,parallax,6,9,5 9 20 25 34,3 5,0,0,-0.6417961833027785,33.33333333333333,92.59510653631115,74.28571428571429,bc8bafa99bf1871c01ee65ab3744dfcb2887c57e287e452c227effdac85db491,observed,synthetic_forward_replay
6,2025-10-15,parallax,6,10,1 12 18 29 47,6 10,0,0,-0.6417961833027785,33.33333333333333,94.00933529397636,74.28571428571429,edb91919937636f0e6112bfc95feba1483703665573511abd547b205162cdb88,observed,synthetic_forward_replay
6,2025-10-15,parallax,6,11,28 34 40 46 50,1 2,0,0,-0.6417961833027785,33.33333333333333,99.94487522157416,48.57142857142856,1326e08d0254570701549868b6d3dd1dd53382e77eb8b6d13edebe07e4d8e553,observed,synthetic_forward_replay
6,2025-10-15,parallax,6,12,6 8 11 15 31,4 9,0,1,-0.6417961833027785,33.33333333333333,62.369725574767656,48.57142857142856,8e2ec0097ad1e6b42e111d835eff58c671cccdd9a8e0b06c7bfff42485ffe120,observed,synthetic_forward_replay
6,2025-10-15,coordinated_aggregation,7,1,37 45 47 48 50,5 10,0,0,-0.6417961833027785,33.33333333333333,100.0,60.0,66642e051c43c3245646fa9f7e26055688ed8da294a91f34669aa9f47f5bba9a,observed,synthetic_forward_replay
6,2025-10-15,coordinated_aggregation,7,2,32 39 43 44 46,11 12,0,0,-0.6417961833027785,33.33333333333333,99.9954581879106,54.285714285714285,12b1de2a3270c9435124f532108ee743d2aa722dc1c6226bd67700ed595d53e8,observed,synthetic_forward_replay
6,2025-10-15,coordinated_aggregation,7,3,25 36 38 40 41,4 8,2,2,-0.6417961833027785,33.33333333333333,99.95312511973945,54.28571428571429,2b71f49c89e64f319e8cfd7aac0f0ed02f5deefbb32818e3f245b28ab944cd1e,observed,synthetic_forward_replay
6,2025-10-15,coordinated_aggregation,7,4,23 24 30 31 33,1 3,0,0,-0.6417961833027785,33.33333333333333,98.17927753721378,57.14285714285714,9eb6abddf49da9eeb7b9bcd84326344b38ea4181591f738bd5d8392a83fd3982,observed,synthetic_forward_replay
6,2025-10-15,coordinated_aggregation,7,5,13 14 17 26 49,6 7,2,0,-0.6417961833027785,33.33333333333333,94.26410610321176,57.14285714285714,5e5f446081b79903e51eecc822cbab1f7314a23930414255783273a8aed0db66,observed,synthetic_forward_replay
6,2025-10-15,coordinated_aggregation,7,6,2 3 4 15 42,2 9,0,0,-0.6417961833027785,33.33333333333333,76.59020701667161,60.0,3895d823fec51a7621428e08c8776bb53c50753fe7ed6e00873f5e192b3c91ac,observed,synthetic_forward_replay
6,2025-10-15,coordinated_aggregation,7,7,18 19 22 27 35,7 12,1,0,-0.6417961833027785,33.33333333333333,96.29378714046489,62.857142857142854,8bd9b82b6f99c912d61f6f544017852d210f470cc302c670083e5a3b547d8097,observed,synthetic_forward_replay
6,2025-10-15,coordinated_aggregation,7,8,6 7 10 16 21,8 11,0,1,-0.6417961833027785,33.33333333333333,0.0,45.714285714285715,45bc41232057e0472f590e8c44d5148afc34c0c570ab3b1c6beace467ea3afc1,observed,synthetic_forward_replay
6,2025-10-15,coordinated_aggregation,7,9,5 9 20 25 34,3 5,0,0,-0.6417961833027785,33.33333333333333,92.59510653631115,74.28571428571429,db200fd82e4280f9a30e3d8ba620640a21bd85d914c061bf2b507d55eb2ac067,observed,synthetic_forward_replay
6,2025-10-15,coordinated_aggregation,7,10,1 12 18 29 47,6 10,0,0,-0.6417961833027785,33.33333333333333,94.00933529397636,74.28571428571429,bf509b2ee6c319cafd12461c3e021d5219d6a24ce27e56cd6e9b21dd99583f04,observed,synthetic_forward_replay
6,2025-10-15,coordinated_aggregation,7,11,28 34 40 46 50,1 2,0,0,-0.6417961833027785,33.33333333333333,99.94487522157416,48.57142857142856,de65048f869236e8b977d0954a20a1827e17fc324a6da9168f952d7dbd95163a,observed,synthetic_forward_replay
6,2025-10-15,coordinated_aggregation,7,12,6 8 11 15 31,4 9,0,1,-0.6417961833027785,33.33333333333333,62.369725574767656,48.57142857142856,991c19d9905c0f577d73a2023a098cc822adec9b3af5e850ef43bbf6e87156a1,observed,synthetic_forward_replay
7,2025-10-22,uniform_random,4,1,4 22 34 40 48,2 12,1,0,0.0,0.0,99.34920573990466,48.57142857142856,9e06a79b0f4cf5e3656385187f94ace063ccd2e3df1dbba9cd53691f78a099be,observed,synthetic_forward_replay
7,2025-10-22,uniform_random,4,2,6 11 25 32 36,2 9,0,0,0.0,0.0,95.67723665034903,60.0,565885ea94a2fa0cd207eb912b57172701df965fe0def649957bbe1ed8b12028,observed,synthetic_forward_replay
7,2025-10-22,uniform_random,4,3,8 20 22 23 27,2 3,1,0,0.0,0.0,75.62389246490655,57.14285714285714,ea57c290a561ce4ea8a61e5cf2fc27923352027277ba13c5e3c7b9dc066b3c9e,observed,synthetic_forward_replay
7,2025-10-22,uniform_random,4,4,8 39 40 49 50,3 9,1,0,0.0,0.0,99.8028917462308,57.14285714285714,cea939b96979fe2f0082963ccd8329f003c135837e361e8b8a758aab0a921586,observed,synthetic_forward_replay
7,2025-10-22,uniform_random,4,5,2 15 26 27 31,7 10,0,1,0.0,0.0,75.98985196712049,65.71428571428571,b41a68e8b89b8e154157ba38ace4d205e17f28f82e03e476b0b9a20eebb4bbfc,observed,synthetic_forward_replay
7,2025-10-22,uniform_random,4,6,6 7 9 26 30,9 12,0,0,0.0,0.0,0.0,62.857142857142854,e2bdd58893e9da8bff74e94583cd183bdf26db7f8e0e671cd624ebf74e397b3a,observed,synthetic_forward_replay
7,2025-10-22,uniform_random,4,7,25 26 27 45 47,1 7,0,0,0.0,0.0,99.12623354544974,68.57142857142857,f2fbfa0c73188994d92b8a0f9ab9007afddac3f0756a49a5b5cf792eab0b5aff,observed,synthetic_forward_replay
7,2025-10-22,uniform_random,4,8,22 24 28 35 42,2 5,2,0,0.0,0.0,95.99598236132137,62.857142857142854,3182412ee36e269a2aedb2b20cfd75f4dc6d6266364db3ad14e659f0fd84caba,observed,synthetic_forward_replay
7,2025-10-22,uniform_random,4,9,2 30 43 45 48,1 4,1,0,0.0,0.0,99.52450263223412,48.57142857142856,ed4496826bd110b9bfe54bfc035154c7e151cd2982fa64bb009217195d783c39,observed,synthetic_forward_replay
7,2025-10-22,uniform_random,4,10,13 19 31 45 47,5 11,0,0,0.0,0.0,98.89850297297943,60.0,d34ae76ef4d15f959100fe45bf85269fedbfd143b2c0379ba0db031ff05654f4,observed,synthetic_forward_replay
7,2025-10-22,uniform_random,4,11,16 31 36 40 48,3 5,0,0,0.0,0.0,99.68214081209904,57.14285714285714,14d008defaa17f8c397ede5cf066112a46e35b93a34c6878c7b7ecc1542f69a1,observed,synthetic_forward_replay
7,2025-10-22,uniform_random,4,12,28 31 34 39 48,4 12,0,0,0.0,0.0,99.57729440797046,51.42857142857142,4e95a9e2d6d13de242dfdec05e720976fe4cd0d889bf73b1a4e28feeae37a112,observed,synthetic_forward_replay
7,2025-10-22,frequency,3,1,4 7 40 49 50,1 7,1,0,0.2063624922365892,42.857142857142854,97.96746045258648,71.42857142857142,bc1a788a170e4a32f16496e1f8ddb0ef903d5d582c1f83f1bb267da0edfa98b6,observed,synthetic_forward_replay
7,2025-10-22,frequency,3,2,5 6 11 33 41,6 10,0,1,0.2063624922365892,42.857142857142854,92.50658648053052,57.14285714285714,4ace668c9ffda6e7c4a7d5196aded26dee1371ced2a913dbd82eed18c619f8ff,observed,synthetic_forward_replay
7,2025-10-22,frequency,3,3,8 9 20 40 42,6 10,0,1,0.2063624922365892,42.857142857142854,94.33393700768598,60.0,2048b8dcbdaf0fd95e10cb9f054d32552514fe493e7baa927c1f57f91443127a,observed,synthetic_forward_replay
7,2025-10-22,frequency,3,4,1 8 20 26 38,7 8,0,1,0.2063624922365892,42.857142857142854,85.41816712010856,65.71428571428571,0fe982de64a893a857966d32824826746be63220dd2c98d001e8627f5186eb02,observed,synthetic_forward_replay
7,2025-10-22,frequency,3,5,15 21 27 29 39,5 7,0,0,0.2063624922365892,42.857142857142854,93.72823523930438,71.42857142857142,0b32d0599a36ed085f0a8272b5527b4679f23e668807ed4b8b6c3ab1a2c2d022,observed,synthetic_forward_replay
7,2025-10-22,frequency,3,6,14 16 19 28 46,9 10,1,1,0.2063624922365892,42.857142857142854,89.36857825694918,48.57142857142856,3905fcdd8eaa83c50d2df2745aa4f20915cba1e9fc153149d02f5dcf0a04fe49,observed,synthetic_forward_replay
7,2025-10-22,frequency,3,7,6 9 20 24 47,7 8,0,1,0.2063624922365892,42.857142857142854,88.02305497076524,74.28571428571429,a04bac814c8a07336e9815259f4c0c935fcd3b20bb82d0dabbbdbee8465a5e60,observed,synthetic_forward_replay
7,2025-10-22,frequency,3,8,15 16 20 43 44,6 9,1,0,0.2063624922365892,42.857142857142854,98.56960318493934,74.28571428571428,b920e17aef042aa3bfbc4541067c0c13d0ffcedbc1a064c25859408231f3a537,observed,synthetic_forward_replay
7,2025-10-22,frequency,3,9,1 21 38 40 41,4 9,0,0,0.2063624922365892,42.857142857142854,98.90072725217473,54.285714285714285,1c3db7102040e05b6f2ee4cbc261d21523f29aaefeff19a047fd527135798a7b,observed,synthetic_forward_replay
7,2025-10-22,frequency,3,10,15 29 31 33 39,3 4,0,0,0.2063624922365892,42.857142857142854,98.75421228708349,74.28571428571429,266be1065c5d447d585edb06ea1377410393ec044618bf0ff26dc4c64fa2f850,observed,synthetic_forward_replay
7,2025-10-22,frequency,3,11,5 16 38 43 49,2 9,2,0,0.2063624922365892,42.857142857142854,99.05789443273169,68.57142857142857,36fdfae57bcfb97114b52a7143dd4980449f3fd208476f663742a0208a99cf64,observed,synthetic_forward_replay
7,2025-10-22,frequency,3,12,3 6 14 26 48,6 10,0,1,0.2063624922365892,42.857142857142854,79.40165014395444,51.42857142857142,c423398eb6c80f1f74efd3108bd9a7fbd41a59adcd1094e1c03a97a83dbb43fb,observed,synthetic_forward_replay
7,2025-10-22,unpopularity,1,1,39 40 46 47 50,2 10,1,1,0.4900211817027933,100.0,99.99798838502475,54.285714285714285,fda4af354cf7aac791fafc505b5b9d8272ae02d4eee213649e5fe0bdf5c60217,observed,synthetic_forward_replay
7,2025-10-22,unpopularity,1,2,37 44 45 46 50,2 6,1,0,0.4900211817027933,100.0,99.99798838502475,51.42857142857142,b54af5a28c5a5fb41061534a15835c03450618124263ae939e01a2ff9093047a,observed,synthetic_forward_replay
7,2025-10-22,unpopularity,1,3,32 44 45 48 50,6 8,0,1,0.4900211817027933,100.0,99.99691206794024,57.14285714285714,76bc36f4bd50297331a043759dba6fdb62d5d7991d3c9cca98f231bd0e060ede,observed,synthetic_forward_replay
7,2025-10-22,unpopularity,1,4,36 38 46 47 50,2 12,1,0,0.4900211817027933,100.0,99.99616692818987,57.14285714285714,ec1437a090ab571e0e72ed26498332b0bc1dc5e10c27aa2f9d991352cb3aa028,observed,synthetic_forward_replay
7,2025-10-22,unpopularity,1,5,33 43 44 47 48,4 12,1,0,0.4900211817027933,100.0,99.99539892102621,62.857142857142854,44cd4f733dc315e1d19a6f10443237376841aa98df1f6cbc5601825d02198823,observed,synthetic_forward_replay
7,2025-10-22,unpopularity,1,6,34 41 44 46 50,2 10,1,1,0.4900211817027933,100.0,99.99539892102621,45.714285714285715,7b516bf5a4d4c467611dbc427a687c83c921f77058e6a2b7f1386ffd60f43ab0,observed,synthetic_forward_replay
7,2025-10-22,unpopularity,1,7,34 40 46 47 48,11 12,1,0,0.4900211817027933,100.0,99.99539892102621,40.0,2101f5fad0dfa41fb83b78672b59d815f3cb9b5b06a427223b32e467f49f4636,observed,synthetic_forward_replay
7,2025-10-22,unpopularity,1,8,37 40 43 44 48,6 8,1,1,0.4900211817027933,100.0,99.99420249288245,57.14285714285714,526f59ecf3979f8e480a678f2a153f5d778f2a9e8a67deeeb40ec67d83a2fd97,observed,synthetic_forward_replay
7,2025-10-22,unpopularity,1,9,33 37 45 47 50,4 8,0,1,0.4900211817027933,100.0,99.99420249288245,62.857142857142854,321ceb3738c89b28c54e2826fc5ed3a738bdc9362d7361701454323634a3472c,observed,synthetic_forward_replay
7,2025-10-22,unpopularity,1,10,36 40 44 45 46,1 8,1,1,0.4900211817027933,100.0,99.99379147583241,45.714285714285715,ff22bb9486156d0ddd7dbd392def05a02caf9a826533640538da5695ea0725e3,observed,synthetic_forward_replay
7,2025-10-22,unpopularity,1,11,37 39 41 46 47,9 10,1,1,0.4900211817027933,100.0,99.99337419963949,51.42857142857142,cbc11a9df5b33f08e89c6a715908d955a669fe9243c10654078cabb48f0eb8c8,observed,synthetic_forward_replay
7,2025-10-22,unpopularity,1,12,32 38 45 47 48,5 7,0,0,0.4900211817027933,100.0,99.99337419963949,51.42857142857142,54299e561db994c82cd7bb9d0f557859bd701f9e51746a1e73440054b0962201,observed,synthetic_forward_replay
7,2025-10-22,gingerm,7,1,9 22 25 43 49,1 5,3,0,-0.5445904685463576,28.57142857142857,97.40044380937462,82.85714285714285,212c5cf207a9e91c350d0b99836a56641cb86e53f7195d24768bcee6f937a329,observed,synthetic_forward_replay
7,2025-10-22,gingerm,7,2,9 20 25 49 50,1 5,1,0,-0.5445904685463576,28.57142857142857,97.59119107368728,91.42857142857143,075bf09ba7e32cffd2d21284048be50f6ed22096e4a9b4ebe3f093a107d8c61f,observed,synthetic_forward_replay
7,2025-10-22,gingerm,7,3,7 9 24 25 49,1 5,1,0,-0.5445904685463576,28.57142857142857,76.09981416184759,85.71428571428571,923292fb8d13fc561a1ea9e2c65aec71beb8d6e7c2215aca9406c55a87e7097a,observed,synthetic_forward_replay
7,2025-10-22,gingerm,7,4,9 21 25 27 49,1 5,1,0,-0.5445904685463576,28.57142857142857,86.80598212878785,77.14285714285715,aa69553298e650def2c03006187997b8fc6db968d2df90aba79ad35b31cd5dfc,observed,synthetic_forward_replay
7,2025-10-22,gingerm,7,5,7 9 18 27 49,1 5,1,0,-0.5445904685463576,28.57142857142857,74.60905023391085,80.0,8fceae11e40c85c9d88d37a5f3f94824b9a53d8ee269783e99831f952d3a2939,observed,synthetic_forward_replay
7,2025-10-22,gingerm,7,6,1 20 24 29 43,1 6,1,0,-0.5445904685463576,28.57142857142857,92.76373781371515,91.42857142857143,b5c8978df02e1f4bf6c38dedc8609ac219c41730b62eff21baf203e922b40de9,observed,synthetic_forward_replay
7,2025-10-22,gingerm,7,7,1 9 29 43 49,1 6,2,0,-0.5445904685463576,28.57142857142857,95.27727090039899,91.42857142857143,6724be9b2d438c45a6c47a1e89982722dab9ea4025be113b8adafed9c49c0333,observed,synthetic_forward_replay
7,2025-10-22,gingerm,7,8,1 5 19 24 31,1 6,0,0,-0.5445904685463576,28.57142857142857,53.81021089704217,74.28571428571429,3f2d34d96fc99b9837148085a87f2a71e6be64896449e4c9f2abfe191fca6e96,observed,synthetic_forward_replay
7,2025-10-22,gingerm,7,9,1 19 20 29 31,1 6,0,0,-0.5445904685463576,28.57142857142857,75.62389246490655,82.85714285714285,3bf0666c0e34966b44665e7d2c5859ef83142821a0cb8d80c8513dd9d656660b,observed,synthetic_forward_replay
7,2025-10-22,gingerm,7,10,1 7 24 29 31,1 6,0,0,-0.5445904685463576,28.57142857142857,42.20210690658103,80.0,a2c76586955656c4ebe543c1602c879c29a516b75a10bb534597156ee6983a4b,observed,synthetic_forward_replay
7,2025-10-22,gingerm,7,11,1 5 7 29 43,1 6,1,0,-0.5445904685463576,28.57142857142857,65.41352793639024,82.85714285714285,c5a07025e17df0570acb1b004271189692655e6f3591035df817089a60f4544b,observed,synthetic_forward_replay
7,2025-10-22,gingerm,7,12,1 3 5 24 29,1 9,0,0,-0.5445904685463576,28.57142857142857,15.099022906171577,82.85714285714285,ab12d5e720a483dc7009708fa9aa7a8de968a7367eca85a76cee1eb9192d3b20,observed,synthetic_forward_replay
7,2025-10-22,spectral_contrarian,2,1,6 18 26 38 48,3 8,0,1,0.3458251392587264,100.0,97.92660094707657,57.14285714285714,d6dd75646abf2a769a4f08df541c7a7ebc1decd99e380bf2af9a264dcd2f8df9,observed,synthetic_forward_replay
7,2025-10-22,spectral_contrarian,2,2,4 14 23 35 42,7 12,1,0,0.3458251392587264,100.0,90.74176903684182,45.714285714285715,156ffc6f459fe84371ff14347cc52d04b15390740903044b3ba63de03f966b1f,observed,synthetic_forward_replay
7,2025-10-22,spectral_contrarian,2,3,1 8 20 33 40,3 11,0,0,0.3458251392587264,100.0,95.11894131812548,62.857142857142854,fbac3ef81585f002b4cda3f332e26f3c9433f1c9ae78e341be2eab8b8586a143,observed,synthetic_forward_replay
7,2025-10-22,spectral_contrarian,2,4,6 17 25 37 47,2 7,0,0,0.3458251392587264,100.0,97.79606742849137,57.14285714285714,e9505124d7ba561d59802ca28047bf1f3a3a8fd75d5b2e603e7856f7a52ce8fe,observed,synthetic_forward_replay
7,2025-10-22,spectral_contrarian,2,5,2 14 22 34 41,7 11,1,0,0.3458251392587264,100.0,95.57326891256005,34.285714285714285,f6a1699d96f3507e158deedc4a8cfed79ff813be1d4a35acf5f0a1f01d8e566d,observed,synthetic_forward_replay
7,2025-10-22,spectral_contrarian,2,6,7 18 32 39 49,3 11,1,0,0.3458251392587264,100.0,98.43909011642444,68.57142857142857,cab9838b68de4d3ef2e63edf8010696967f02ecd46a53061bfffd8513ba1e8f8,observed,synthetic_forward_replay
7,2025-10-22,spectral_contrarian,2,7,5 15 23 36 46,2 7,1,0,0.3458251392587264,100.0,97.54775571192657,60.0,55fa00579769b7ad4bbede13a0ef89bfdacd35f6bdb5d8efd3afbbda61967296,observed,synthetic_forward_replay
7,2025-10-22,spectral_contrarian,2,8,2 13 21 34 40,6 11,0,0,0.3458251392587264,100.0,95.36695408162387,40.0,cd0cbfbe71538a1e9fb98df93c8b6e3f748d8d97504b4c466c348613fa507737,observed,synthetic_forward_replay
7,2025-10-22,spectral_contrarian,2,9,6 17 31 38 48,3 11,0,0,0.3458251392587264,100.0,98.0494769192025,48.57142857142856,f5160cd2a1ebdd62a422bea0bb5f202bfed18c3a0a1087fa7f6bb3e2d1dbefa2,observed,synthetic_forward_replay
7,2025-10-22,spectral_contrarian,2,10,3 14 22 35 46,2 7,3,0,0.3458251392587264,100.0,94.01910678670514,45.714285714285715,512c3ea117a09ce83f2230a8e9a26561a7b4c515ed334db0dea7aeb1609f8181,observed,synthetic_forward_replay
7,2025-10-22,spectral_contrarian,2,11,12 19 33 39 50,6 11,0,0,0.3458251392587264,100.0,99.39811529485662,68.57142857142857,0d28ce1983cab2c12a1cbe506b93487d70d39511bde8deb761ba05606eb44d1c,observed,synthetic_forward_replay
7,2025-10-22,spectral_contrarian,2,12,5 16 30 37 47,2 11,0,0,0.3458251392587264,100.0,97.8947036120701,54.28571428571429,d38589de98fedb0bb1c845695ab32ff8b01ed4ef8175ab73b813cca3e7780420,observed,synthetic_forward_replay
7,2025-10-22,parallax,5,1,40 44 46 48 50,3 6,1,0,-0.2019463988610637,28.57142857142857,100.0,51.42857142857142,0b9ca75d51bbb3ad95669c6b97957d5b5f836fdc7f1c932dc6eb0dd42b77c756,observed,synthetic_forward_replay
7,2025-10-22,parallax,5,2,34 41 43 45 47,8 9,1,1,-0.2019463988610637,28.57142857142857,99.99337419963949,51.42857142857142,46bf045febbb6b3c06eb99bd73f26d6d4c54f6a6353da29688df9529a285b510,observed,synthetic_forward_replay
7,2025-10-22,parallax,5,3,27 32 33 36 38,10 12,0,1,-0.2019463988610637,28.57142857142857,99.88055173921701,62.857142857142854,f5235d7ee5e904a6b8a65ecb3216d13683539372737c1749ce475cce34e74c5d,observed,synthetic_forward_replay
7,2025-10-22,parallax,5,4,11 35 39 42 49,4 11,2,0,-0.2019463988610637,28.57142857142857,99.4498775526113,60.0,fbf0bcbc5ff4005e36dfb63e2a7ba6ee902c94dd92dcee67a127ead6cd3a3cdd,observed,synthetic_forward_replay
7,2025-10-22,parallax,5,5,12 18 19 25 37,1 5,0,0,-0.2019463988610637,28.57142857142857,92.07485602744995,68.57142857142857,cdd16033bbac525dc5bacb0453db981bd86c7cd6fde045e2a68de581f0899857,observed,synthetic_forward_replay
7,2025-10-22,parallax,5,6,1 5 22 23 29,2 7,1,0,-0.2019463988610637,28.57142857142857,53.81021089704217,71.42857142857142,4cb197d8f6224e33770ebeea13281cd94407986dc0f74f9877e92a8bfc40bf46,observed,synthetic_forward_replay
7,2025-10-22,parallax,5,7,9 15 16 26 31,4 6,0,0,-0.2019463988610637,28.57142857142857,74.49223527049091,77.14285714285714,1ed8e17094063666083c2ba89aebc8d0c57125b7e49da8036cba72ca147c9979,observed,synthetic_forward_replay
7,2025-10-22,parallax,5,8,4 6 17 21 24,5 10,0,1,-0.2019463988610637,28.57142857142857,21.79600562761327,57.14285714285714,51da207ef9333b8179554acda2741dcd400b5343733de0694be0d93e4044775b,observed,synthetic_forward_replay
7,2025-10-22,parallax,5,9,2 3 13 28 32,1 8,0,1,-0.2019463988610637,28.57142857142857,72.54284299368219,60.0,de095e2fe4930a647c74e4bea6f5aa740aa8f2096359c73b7007ff54fac8ac63,observed,synthetic_forward_replay
7,2025-10-22,parallax,5,10,8 20 30 44 49,9 12,1,0,-0.2019463988610637,28.57142857142857,97.51661734510041,54.28571428571429,21e2dc606fa978440cf147f7546e49bf946c1d759055d2c806d69576441d5ae3,observed,synthetic_forward_replay
7,2025-10-22,parallax,5,11,6 7 14 29 47,7 11,0,0,-0.2019463988610637,28.57142857142857,71.77319509148458,54.28571428571429,e5ae80fde49e17189566c3f727a2a195a77b735cfd60b9e6735d7a3787266d89,observed,synthetic_forward_replay
7,2025-10-22,parallax,5,12,10 15 25 39 48,2 3,0,0,-0.2019463988610637,28.57142857142857,97.95801982205793,62.857142857142854,9e02b58ddeccc6abebcb751b91e3f0902a2dadb2029c5ab9d75845ca8e9957b7,observed,synthetic_forward_replay
7,2025-10-22,coordinated_aggregation,6,1,40 44 46 48 50,3 6,1,0,-0.2019463988610637,28.57142857142857,100.0,51.42857142857142,a2f5ab7a053edc7097fcb5cf0f01376c0e542b0294861cf26990baaf30cf5c9a,observed,synthetic_forward_replay
7,2025-10-22,coordinated_aggregation,6,2,34 41 43 45 47,8 9,1,1,-0.2019463988610637,28.57142857142857,99.99337419963949,51.42857142857142,e049c57df779a8a9ac10bf626b152ccd28dcd77e43bf8cc25b300839211db77d,observed,synthetic_forward_replay
7,2025-10-22,coordinated_aggregation,6,3,27 32 33 36 38,10 12,0,1,-0.2019463988610637,28.57142857142857,99.88055173921701,62.857142857142854,853e06ab13459d94d4ade34ba97cb4cca823d355250f45e7a3470d4447e27d58,observed,synthetic_forward_replay
7,2025-10-22,coordinated_aggregation,6,4,11 35 39 42 49,4 11,2,0,-0.2019463988610637,28.57142857142857,99.4498775526113,60.0,c53465e57230ec1e5c3f3521c03fc5e12056ece80ae04ae3195bd548c320e01a,observed,synthetic_forward_replay
7,2025-10-22,coordinated_aggregation,6,5,12 18 19 25 37,1 5,0,0,-0.2019463988610637,28.57142857142857,92.07485602744995,68.57142857142857,e307eebc71fc3d96ca2d96c9ef0679930fc03029bb16f18dcfbb21d99958766d,observed,synthetic_forward_replay
7,2025-10-22,coordinated_aggregation,6,6,1 5 22 23 29,2 7,1,0,-0.2019463988610637,28.57142857142857,53.81021089704217,71.42857142857142,d6fe7fb7a2bd0d04c377303a66c232b92fd8ed5d14829ef68ae544255f7fc044,observed,synthetic_forward_replay
7,2025-10-22,coordinated_aggregation,6,7,9 15 16 26 31,4 6,0,0,-0.2019463988610637,28.57142857142857,74.49223527049091,77.14285714285714,b88e66228544ca5226a3775f3b1e4b9f323905a0db6b517a01b117a97721261a,observed,synthetic_forward_replay
7,2025-10-22,coordinated_aggregation,6,8,4 6 17 21 24,5 10,0,1,-0.2019463988610637,28.57142857142857,21.79600562761327,57.14285714285714,6783e2ab1d7740b613523f045608eedfe8e6359d5369bad3c8ff9a8966d9af63,observed,synthetic_forward_replay
7,2025-10-22,coordinated_aggregation,6,9,2 3 13 28 32,1 8,0,1,-0.2019463988610637,28.57142857142857,72.54284299368219,60.0,34b87470968d96f404bb4197ed1ad22a689da73f8ae7393603ced76eab48ba4e,observed,synthetic_forward_replay
7,2025-10-22,coordinated_aggregation,6,10,8 20 30 44 49,9 12,1,0,-0.2019463988610637,28.57142857142857,97.51661734510041,54.28571428571429,561adcaa51479ae819f123dc0decc021ccb5a7a037fb4b3beb20322667e37521,observed,synthetic_forward_replay
7,2025-10-22,coordinated_aggregation,6,11,6 7 14 29 47,7 11,0,0,-0.2019463988610637,28.57142857142857,71.77319509148458,54.28571428571429,b2bdcb216a58674c6b42ef23a3ebcfd1b6be4fa8f94e751569964babf66cc3e9,observed,synthetic_forward_replay
7,2025-10-22,coordinated_aggregation,6,12,10 15 25 39 48,2 3,0,0,-0.2019463988610637,28.57142857142857,97.95801982205793,62.857142857142854,f3b4c313617e59a7cf1c432fed6c9080d82a10d155de637e1f14072d6c72ba0e,observed,synthetic_forward_replay
8,2025-10-29,uniform_random,3,1,8 11 21 25 45,1 5,0,0,0.0,0.0,84.77897995480694,48.57142857142856,d5f8a9413cfecfc5584a6cdab56a6a768f62e30ae1a6f763546e9445d6cf037e,observed,synthetic_forward_replay
8,2025-10-29,uniform_random,3,2,11 18 20 39 49,7 10,0,0,0.0,0.0,97.23533410674514,77.14285714285715,57a0fbd64fe2ed6c6151c5b204ca2147705298ad116f91d7c0b10603ba197629,observed,synthetic_forward_replay
8,2025-10-29,uniform_random,3,3,10 16 19 26 32,6 11,0,0,0.0,0.0,91.95215645804299,60.0,11628d782449c8cc386dd6423babf4ede80b769e664881c6f85e7b4961c03530,observed,synthetic_forward_replay
8,2025-10-29,uniform_random,3,4,7 12 20 28 41,1 6,0,0,0.0,0.0,76.45723014759535,71.42857142857142,fa7dae49e0dd9a41dfb08d96bbb8e06f7e31ca5868ee4b12e4790705ab8b0f9e,observed,synthetic_forward_replay
8,2025-10-29,uniform_random,3,5,18 22 30 31 45,4 6,1,1,0.0,0.0,97.0108369718065,54.28571428571429,dd9a8d5801175709beae3bbe174ef53e07643bbaa2cee49419b10e74195d657f,observed,synthetic_forward_replay
8,2025-10-29,uniform_random,3,6,9 16 36 44 50,1 12,0,0,0.0,0.0,99.47552894460392,71.42857142857142,696a5077bd1d0ab36c75e6d161298f0b3092d8153b11c0181df18cb61bba0b1c,observed,synthetic_forward_replay
8,2025-10-29,uniform_random,3,7,5 7 24 32 34,6 11,0,0,0.0,0.0,93.40431520179641,60.0,7a1b9eaf6b44ce9e2825daa975141ef7a3ab3681ac6589d22ba3ba47ac476057,observed,synthetic_forward_replay
8,2025-10-29,uniform_random,3,8,1 2 11 33 42,3 12,0,1,0.0,0.0,88.7476529208671,57.14285714285714,42c2e9cc0d689c2cae4cda162f648b68edd38a642dbe27bcc172b767cbfba0db,observed,synthetic_forward_replay
8,2025-10-29,uniform_random,3,9,2 10 25 48 50,5 6,1,0,0.0,0.0,97.3411932342467,57.14285714285714,4e67501105369522b11cee50ec49f6513af5d7f63fd60ff362e3da29a1293df7,observed,synthetic_forward_replay
8,2025-10-29,uniform_random,3,10,3 15 40 41 46,6 8,0,0,0.0,0.0,99.38680084906886,60.0,c99a2e95f5e716c8a214140f5378dcc2e18ac79a04ce4d765548dfce48f95c50,observed,synthetic_forward_replay
8,2025-10-29,uniform_random,3,11,1 14 18 40 47,2 12,0,0,0.0,0.0,96.41973569014404,54.28571428571429,1e0c80387765e6f49315d12b77fe9bad384817ae3fce3c202b3580d0a24000e3,observed,synthetic_forward_replay
8,2025-10-29,uniform_random,3,12,1 29 40 44 48,1 2,1,0,0.0,0.0,99.53012439004581,65.71428571428571,deec96448de5d7d18e4e67d3724ce4965f6576d94a37c8eab34567aa37eec666,observed,synthetic_forward_replay
8,2025-10-29,frequency,4,1,2 12 21 22 49,3 8,0,1,-0.004034291712184945,37.5,75.73413780464051,60.0,7dbc4a2b8029d792b9d4a82503ecbcdbded86d98672cd623aeba9d4a3dcb7d18,observed,synthetic_forward_replay
8,2025-10-29,frequency,4,2,12 27 33 43 46,3 5,0,1,-0.004034291712184945,37.5,99.52267417721895,68.57142857142857,fb6f597111a501445d19d35b1c89a52ac7f28a3cd010b347ef4794f9fec58060,observed,synthetic_forward_replay
8,2025-10-29,frequency,4,3,8 16 21 47 48,3 12,1,1,-0.004034291712184945,37.5,97.35874523034292,45.714285714285715,d794ac66d410614b00d85ac373243e3947ff91e2885e8ac6afde22979a11a8d9,observed,synthetic_forward_replay
8,2025-10-29,frequency,4,4,4 13 20 29 46,5 7,1,0,-0.004034291712184945,37.5,92.97812031348491,77.14285714285715,0aa7197737c12b8fb7ad22839862cc0219134790ab4b9bb058bd6d7debdeeed0,observed,synthetic_forward_replay
8,2025-10-29,frequency,4,5,5 17 26 35 38,8 12,0,0,-0.004034291712184945,37.5,96.47372998027703,65.71428571428571,6b1127db1baa23050411886093d44848d993e0bdaec4fa24028bccdece4655b5,observed,synthetic_forward_replay
8,2025-10-29,frequency,4,6,6 35 37 48 49,1 3,3,1,-0.004034291712184945,37.5,99.67150358295149,62.857142857142854,827f9177475ce53e6358b7d8063a98607ca0f2ffdd3b9045c1f78d19a3b7332b,observed,synthetic_forward_replay
8,2025-10-29,frequency,4,7,11 14 20 34 43,7 10,0,0,-0.004034291712184945,37.5,96.52691435605801,57.14285714285714,6366b3d08bef162c5f664f3aff45e2dde7e1d93a16859df37ec0063822ff5a1a,observed,synthetic_forward_replay
8,2025-10-29,frequency,4,8,3 9 26 43 45,3 12,0,1,-0.004034291712184945,37.5,96.9509637768316,80.0,a18f5fec5057dd02f306d3f1b1d1df396ba3f355fd2205ebd59c3b4488861664,observed,synthetic_forward_replay
8,2025-10-29,frequency,4,9,1 9 32 45 49,2 7,0,0,-0.004034291712184945,37.5,98.49743808746344,77.14285714285715,7863f0441bbeaa35d8069e4fa3c69ebbdef2b788d0efb36ee96f1563c80f9ed4,observed,synthetic_forward_replay
8,2025-10-29,frequency,4,10,1 3 8 27 49,9 10,0,0,-0.004034291712184945,37.5,70.266638799005,68.57142857142857,954b5d2a38ad7a5d2c1cd6f939d1494d470832452171792514a782369e332f30,observed,synthetic_forward_replay
8,2025-10-29,frequency,4,11,12 23 31 46 49,3 12,0,1,-0.004034291712184945,37.5,98.0822996973581,60.0,def2d8daf4128337340a54ee25fea7b6f8b2ad8b2b741753fc61a4ee23b1a315,observed,synthetic_forward_replay
8,2025-10-29,frequency,4,12,7 26 31 32 50,3 8,0,1,-0.004034291712184945,37.5,97.58939813729437,71.42857142857142,ed088c0eede72ad15e6194bef4ae9bdf3a1edcec8e2f0e01f10b34dcbe641c29,observed,synthetic_forward_replay
8,2025-10-29,unpopularity,1,1,38 43 46 47 50,3 9,0,1,0.2924404036210526,100.0,99.99910222600586,65.71428571428571,8e7f018d9251e1c2c98e6956d31d3067a9360afa37980b13428b697cfc4b9058,observed,synthetic_forward_replay
8,2025-10-29,unpopularity,1,2,37 40 47 48 50,5 7,2,0,0.2924404036210526,100.0,99.99848069253817,60.0,8b7aa0293db1e6303cb3a35d4c3c3d802eacf6db3d083d74e5ea86e4eeaa681d,observed,synthetic_forward_replay
8,2025-10-29,unpopularity,1,3,38 43 46 47 48,9 11,1,0,0.2924404036210526,100.0,99.99848069253817,60.0,e59b5ce54033443c73fb9fdd9bb32706de0699da7bbc33457cb96d703ce67d57,observed,synthetic_forward_replay
8,2025-10-29,unpopularity,1,4,36 40 47 48 50,1 3,1,1,0.2924404036210526,100.0,99.99816280919089,62.857142857142854,2ca6a8d1558336cc57897aedaadf4a9a77188a1734b355a652c498d34ddf3ed9,observed,synthetic_forward_replay
8,2025-10-29,unpopularity,1,5,39 41 43 45 50,4 9,0,1,0.2924404036210526,100.0,99.99717981797255,68.57142857142857,9a2c9544c3e511153861cfbbaac5bf764d2eda18656de026d963ac06e16c9f80,observed,synthetic_forward_replay
8,2025-10-29,unpopularity,1,6,40 41 43 44 50,2 9,0,0,0.2924404036210526,100.0,99.99717981797255,65.71428571428571,da8ff0aa4f2e764d81da4ce2679685c3a5c832c5d515b0346489b9542e1a0cf2,observed,synthetic_forward_replay
8,2025-10-29,unpopularity,1,7,44 46 47 48 50,9 10,1,0,0.2924404036210526,100.0,99.9970590250549,57.14285714285714,ea96057eccbb1634ad1aecfac860741bc947ce9b67c2f8989419453024eb0807,observed,synthetic_forward_replay
8,2025-10-29,unpopularity,1,8,36 37 46 48 50,6 11,2,0,0.2924404036210526,100.0,99.99684212435268,62.857142857142854,565f1457d1efbb97e230226be9b51c43c6e08939dd2b67f70906006e3ef0aa4d,observed,synthetic_forward_replay
8,2025-10-29,unpopularity,1,9,33 39 47 48 50,7 8,1,0,0.2924404036210526,100.0,99.99684212435268,65.71428571428571,fd863f3586e600746adaad3452772d6fc708c03ca44a9df5714242b0d4439224,observed,synthetic_forward_replay
8,2025-10-29,unpopularity,1,10,39 40 41 46 50,2 6,0,0,0.2924404036210526,100.0,99.99649928819039,57.14285714285714,216ec006c2bab4cd0a49aff75e3e2ed302026396aae6fa16bd38f05cf9712ff0,observed,synthetic_forward_replay
8,2025-10-29,unpopularity,1,11,36 41 43 47 48,3 5,1,1,0.2924404036210526,100.0,99.99615123117283,68.57142857142857,9c9bc787395d913023cba2b9e53258d1398a975ae8db53b0cf559d4472af8d8e,observed,synthetic_forward_replay
8,2025-10-29,unpopularity,1,12,36 40 44 46 48,7 8,1,0,0.2924404036210526,100.0,99.9957978737946,51.42857142857142,e9cd1fc3fa8cbdd0df3c414b1bbf5ee7a936c350374aedabbb1ddb3c5b69ce04,observed,synthetic_forward_replay
8,2025-10-29,gingerm,5,1,9 22 43 46 49,1 2,0,0,-0.028708645838626534,25.0,99.35918086979689,82.85714285714286,6a68eee37e61ca37251bae9b660479964428079382278abda96d53ad4bd49572,observed,synthetic_forward_replay
8,2025-10-29,gingerm,5,2,9 24 25 27 49,1 5,0,0,-0.028708645838626534,25.0,92.44514835172188,88.57142857142858,52bc3543973f873c3b5a0f240c3075eccc8a2c8e58663da4e805a84b48eefca8,observed,synthetic_forward_replay
8,2025-10-29,gingerm,5,3,9 22 25 49 50,1 5,0,0,-0.028708645838626534,25.0,97.89843329015949,88.57142857142858,a295ae2ec90424985567799ac7e1c7ecd5a970eb4e7a61d9c143c1b60720f9cf,observed,synthetic_forward_replay
8,2025-10-29,gingerm,5,4,1 20 29 31 43,1 6,0,0,-0.028708645838626534,25.0,94.14603605675185,88.57142857142858,51e7505dd9d9b9668436b874714e7b8868b0f5340684a3831f9d289680cf74b1,observed,synthetic_forward_replay
8,2025-10-29,gingerm,5,5,1 16 29 43 49,1 6,0,0,-0.028708645838626534,25.0,97.27709442062911,88.57142857142858,c7721e88cf347225574bf45270a923d6e01690ed556c9de8903f7714c45100d9,observed,synthetic_forward_replay
8,2025-10-29,gingerm,5,6,1 24 29 31 39,1 6,0,0,-0.028708645838626534,25.0,94.14603605675185,77.14285714285714,249c0e200ea62b5a69d650fc2c6dc144ab5922838eecaa22def43ec820a03f40,observed,synthetic_forward_replay
8,2025-10-29,gingerm,5,7,1 5 19 24 29,1 6,0,0,-0.028708645838626534,25.0,57.17255738714413,82.85714285714285,67906b5b08760ae09eb27c01cd7c67080fea696164c8acfe82110c044bd7c779,observed,synthetic_forward_replay
8,2025-10-29,gingerm,5,8,3 9 20 29 43,1 7,0,0,-0.028708645838626534,25.0,88.89468819838315,94.28571428571428,0c7e74e65efff2685d0a883c1bb23ef2f73b6e55ed667e60efd22c1c56e9a331,observed,synthetic_forward_replay
8,2025-10-29,gingerm,5,9,22 35 43 49 50,1 8,0,0,-0.028708645838626534,25.0,99.84647879022704,85.71428571428571,8bc7d59da01d7fb30c8481956c634a8a2a5aac267e76876f6ba508a1b547624c,observed,synthetic_forward_replay
8,2025-10-29,gingerm,5,10,1 5 18 43 49,1 10,0,0,-0.028708645838626534,25.0,94.66583181502739,85.71428571428571,3ca9afeb6c264244f63076d7202ed952ddf83ca386c131d17382af2ef714f1ee,observed,synthetic_forward_replay
8,2025-10-29,gingerm,5,11,1 5 29 43 48,1 10,1,0,-0.028708645838626534,25.0,96.9509637768316,82.85714285714285,e23be0e84a8de037544fbfbac6f11c51c9c4de9cfe9aca8b2658842f3e287400,observed,synthetic_forward_replay
8,2025-10-29,gingerm,5,12,18 22 42 43 49,1 10,0,0,-0.028708645838626534,25.0,99.3635074845414,77.14285714285715,0b1c6237eaa65001be25f6a950b327d3b7d1111fae05e8f41a6733ffea9be877,observed,synthetic_forward_replay
8,2025-10-29,spectral_contrarian,2,1,6 17 26 38 48,3 8,2,1,0.12861296321197146,100.0,98.10638231941718,54.285714285714285,3a2d0c5a919d783baedd7efccb787d2ba8a8ddac8f8ffdbb9e79f8eaee71064e,observed,synthetic_forward_replay
8,2025-10-29,spectral_contrarian,2,2,4 14 22 35 42,7 12,0,0,0.12861296321197146,100.0,91.54453658207441,54.28571428571429,4f110cb136e611bdd555aa70224daa5a01c5c7bd3fcc05546bd88609eed34da4,observed,synthetic_forward_replay
8,2025-10-29,spectral_contrarian,2,3,1 8 19 32 39,3 11,0,1,0.12861296321197146,100.0,95.40477148886109,57.14285714285714,02f75d2183a3dba0c239375421b18d17d761e7f6285b607bc0f0196e80e1c6f9,observed,synthetic_forward_replay
8,2025-10-29,spectral_contrarian,2,4,6 16 24 37 47,2 7,2,0,0.12861296321197146,100.0,97.95622014632097,57.14285714285714,493c0f98ed309815f6810dfc5931afae26b91104d83cd2afba636468813f3070,observed,synthetic_forward_replay
8,2025-10-29,spectral_contrarian,2,5,2 14 21 34 41,7 11,0,0,0.12861296321197146,100.0,93.92597883333124,31.428571428571427,e0d530d3884f2192a9403ceda3b936572d43c9ae46027daf58e44e8355cf21ae,observed,synthetic_forward_replay
8,2025-10-29,spectral_contrarian,2,6,7 18 31 38 49,3 11,0,1,0.12861296321197146,100.0,96.20535109289031,68.57142857142857,06e4aeea7d4eb9ddb218b1bd4e1f96593c74c384189be3518be7c92c017ed8ac,observed,synthetic_forward_replay
8,2025-10-29,spectral_contrarian,2,7,4 15 23 36 46,2 7,0,0,0.12861296321197146,100.0,97.7603861955774,62.857142857142854,522ca058f61ab5ee7d4a2890a58d44c3a1dca56be7bcb68f6d0133c81434d38d,observed,synthetic_forward_replay
8,2025-10-29,spectral_contrarian,2,8,2 12 21 33 40,6 11,0,0,0.12861296321197146,100.0,93.97778454907466,48.57142857142856,9022eda910adab15a34d59fe990225ecfa431099ea541dd7f7ca91a33e2150f8,observed,synthetic_forward_replay
8,2025-10-29,spectral_contrarian,2,9,6 17 31 37 48,3 11,3,1,0.12861296321197146,100.0,98.21860389731768,51.42857142857142,12adf1338798d9d44af453485bdf5618d01f35667109de8a3680206e093e6fe6,observed,synthetic_forward_replay
8,2025-10-29,spectral_contrarian,2,10,3 14 22 34 45,2 7,0,0,0.12861296321197146,100.0,96.30926784411452,42.857142857142854,62c3d0dfb74b175f897a9a5df9949d03b612901cf99eea98e354921c9db3785e,observed,synthetic_forward_replay
8,2025-10-29,spectral_contrarian,2,11,11 19 32 39 50,6 11,0,0,0.12861296321197146,100.0,99.44163807513144,65.71428571428571,670ef322fc6e644491dc6527103a5dcdddbac7c51c0e2e3037139d12ca245a74,observed,synthetic_forward_replay
8,2025-10-29,spectral_contrarian,2,12,5 16 30 36 47,2 11,1,0,0.12861296321197146,100.0,98.07725075526095,57.14285714285714,19ebe5b2ef0817fc6f926ecd34d7fbc941be73847b85eb4b47014ed305fcaa74,observed,synthetic_forward_replay
8,2025-10-29,parallax,6,1,37 45 47 48 50,1 11,2,0,-0.6930953493385683,25.0,100.0,60.0,112e3b84cd7614c4612b61d6532964be77a92e1da19d214eb68dc7d3b9eec23a,observed,synthetic_forward_replay
8,2025-10-29,parallax,6,2,36 39 41 44 46,4 10,0,1,-0.6930953493385683,25.0,99.99277025294097,54.28571428571429,974b2632ef837920d948283dc39dc3fc5443da054c1af0dfad24874f79e0aca6,observed,synthetic_forward_replay
8,2025-10-29,parallax,6,3,32 33 40 42 49,6 7,0,0,-0.6930953493385683,25.0,99.94978002288086,62.857142857142854,1eee2ef11bab73b9ab5c345a776117484e8dd83f0a8175a33ff0c7628ca48575,observed,synthetic_forward_replay
8,2025-10-29,parallax,6,4,9 27 28 34 38,3 12,0,1,-0.6930953493385683,25.0,97.19293784899492,60.0,503eeaab1c4dc948a8ee923d04d1e7e9d74598a7e2da6d78ea1e694ce1872355,observed,synthetic_forward_replay
8,2025-10-29,parallax,6,5,17 19 20 23 43,2 5,0,0,-0.6930953493385683,25.0,95.69538086170436,74.28571428571429,2f080070a69ed4a73324f633bfb685de11ae9aad510bd996bd4ca459890e9d2b,observed,synthetic_forward_replay
8,2025-10-29,parallax,6,6,3 7 10 22 29,8 9,0,0,-0.6930953493385683,25.0,0.0,68.57142857142857,055d8ff102f19b4563657a5b22b2005f8a22f13c9432b332fd41ac7eb73b0e7e,observed,synthetic_forward_replay
8,2025-10-29,parallax,6,7,4 8 15 24 35,1 6,0,0,-0.6930953493385683,25.0,78.11521922191767,65.71428571428571,6b199ddf44c0823b45fd272b322aa705f6d4c1dabe56d87226e22030aef57a1a,observed,synthetic_forward_replay
8,2025-10-29,parallax,6,8,1 2 6 18 30,3 11,2,1,-0.6930953493385683,25.0,17.62725665688857,48.57142857142856,45a0f41aa7cef7c55b2ec28e4f9c7f9c3a40a1911d776769cd0cf3477e5448d4,observed,synthetic_forward_replay
8,2025-10-29,parallax,6,9,16 21 26 31 50,5 9,0,0,-0.6930953493385683,25.0,95.36808641856275,65.71428571428571,3eb90ca00a57ad4d2b556ab43663b53fe133f862baba5ab19a55f8a95bffd7d0,observed,synthetic_forward_replay
8,2025-10-29,parallax,6,10,13 14 19 25 35,2 10,1,0,-0.6930953493385683,25.0,87.62893807943374,62.857142857142854,9253ae8eb56aff930add5cb2d507acc4bd1fad590df298397dbbb96667f0a3e7,observed,synthetic_forward_replay
8,2025-10-29,parallax,6,11,12 33 39 43 48,4 8,1,1,-0.6930953493385683,25.0,99.8647543881692,68.57142857142857,072566894fdda41032206eba8269f57c61359ff9490417e781caafffdc5c7f5f,observed,synthetic_forward_replay
8,2025-10-29,parallax,6,12,5 9 11 18 25,7 12,0,0,-0.6930953493385683,25.0,30.2468847849796,77.14285714285715,bd0e0fec498160cbe8e0490d2e48eff11dcfb21e22754472ba04fd6d43863343,observed,synthetic_forward_replay
8,2025-10-29,coordinated_aggregation,7,1,37 45 47 48 50,1 11,2,0,-0.6930953493385683,25.0,100.0,60.0,07b4e7f7d569626e2274596ed5881d09905334916ec4e2e84ac3527438242d52,observed,synthetic_forward_replay
8,2025-10-29,coordinated_aggregation,7,2,36 39 41 44 46,4 10,0,1,-0.6930953493385683,25.0,99.99277025294097,54.28571428571429,4d87fc7d5e4bcabd3970b301c223460a9a7f69e8de40a6bf6078fcc7bd783894,observed,synthetic_forward_replay
8,2025-10-29,coordinated_aggregation,7,3,32 33 40 42 49,6 7,0,0,-0.6930953493385683,25.0,99.94978002288086,62.857142857142854,3443800a24dc85bd2f67a482984ef2a52541642865cecb9e5cd5cd6a368c3fe8,observed,synthetic_forward_replay
8,2025-10-29,coordinated_aggregation,7,4,9 27 28 34 38,3 12,0,1,-0.6930953493385683,25.0,97.19293784899492,60.0,9db8c0faff9336316c5147021d20309814cc2bc9ecae1ab55eb05f75ade9471e,observed,synthetic_forward_replay
8,2025-10-29,coordinated_aggregation,7,5,17 19 20 23 43,2 5,0,0,-0.6930953493385683,25.0,95.69538086170436,74.28571428571429,ac943e1c1b8c6b4457b222604c4259b2f6dabd6881c62c6e1c340e4d8aacd751,observed,synthetic_forward_replay
8,2025-10-29,coordinated_aggregation,7,6,3 7 10 22 29,8 9,0,0,-0.6930953493385683,25.0,0.0,68.57142857142857,69170aab47075e0477a80689f9c6e4b7642e26ac09d6240b829e84e47c12d66a,observed,synthetic_forward_replay
8,2025-10-29,coordinated_aggregation,7,7,4 8 15 24 35,1 6,0,0,-0.6930953493385683,25.0,78.11521922191767,65.71428571428571,f2340c2bd13f95d4fb4be541f5bfca9481852cb7e1870a8b4b407d297c5d1d56,observed,synthetic_forward_replay
8,2025-10-29,coordinated_aggregation,7,8,1 2 6 18 30,3 11,2,1,-0.6930953493385683,25.0,17.62725665688857,48.57142857142856,35a6e2ca90130156f8c70941c5f09bd7be017e6af7329b5cb059437fe5db01d9,observed,synthetic_forward_replay
8,2025-10-29,coordinated_aggregation,7,9,16 21 26 31 50,5 9,0,0,-0.6930953493385683,25.0,95.36808641856275,65.71428571428571,e1f1f33a597e0128bf00e7ee8bcc5492ba96d58dc00a3cf59946c7ca9555c9bd,observed,synthetic_forward_replay
8,2025-10-29,coordinated_aggregation,7,10,13 14 19 25 35,2 10,1,0,-0.6930953493385683,25.0,87.62893807943374,62.857142857142854,12ac0eb2a4a2a3c8cb840094d40a4d38c99a4df19b2ece8e1f38a513dcf2aba2,observed,synthetic_forward_replay
8,2025-10-29,coordinated_aggregation,7,11,12 33 39 43 48,4 8,1,1,-0.6930953493385683,25.0,99.8647543881692,68.57142857142857,cb3e6f492b250735eef1ee5438aae4d89829e74c32dd8c278056d5c1093cd50d,observed,synthetic_forward_replay
8,2025-10-29,coordinated_aggregation,7,12,5 9 11 18 25,7 12,0,0,-0.6930953493385683,25.0,30.2468847849796,77.14285714285715,c0d470bf10c150919452f278674d085bc4dbc66f2ae73527beca87379dc2577e,observed,synthetic_forward_replay
9,2025-11-05,uniform_random,3,1,8 14 22 41 43,3 10,0,0,0.0,0.0,97.06020723454868,51.42857142857142,5feacff1a3e88e023e962b342eaa1e1fb06ae1375273b75cec9ff7d07256e2e0,observed,synthetic_forward_replay
9,2025-11-05,uniform_random,3,2,27 33 38 39 40,4 6,0,0,0.0,0.0,99.91833557117786,57.14285714285714,8c7bf0b118f7b9e4e778d0a7edbe8cbe60065e89316479aaa8f1d2fbaa76a897,observed,synthetic_forward_replay
9,2025-11-05,uniform_random,3,3,1 4 14 20 38,7 9,0,0,0.0,0.0,76.74888068827637,62.857142857142854,dba7d40e4998d7da878600b31f47d88d605b7ec342aa137ea9e3128b2a9af88c,observed,synthetic_forward_replay
9,2025-11-05,uniform_random,3,4,3 4 31 37 40,10 12,0,0,0.0,0.0,96.65808846607885,62.857142857142854,8da0e8b1ef9aabd2e5c77d749215fdfaae9dd3d0c53e7161172f2526fbd565eb,observed,synthetic_forward_replay
9,2025-11-05,uniform_random,3,5,6 17 23 26 42,2 10,1,1,0.0,0.0,90.51630295075239,54.285714285714285,a423d50285582c279ff7e23f3e07a4ea330e91b50cff67d6742dcedeead14d94,observed,synthetic_forward_replay
9,2025-11-05,uniform_random,3,6,3 12 32 41 47,3 7,1,0,0.0,0.0,99.0626021414582,60.0,596880bbd5c7d28a044e463aea46adeafaf02d273b3fceb7605f63cd431e3b8b,observed,synthetic_forward_replay
9,2025-11-05,uniform_random,3,7,17 20 22 33 38,2 5,0,1,0.0,0.0,98.65129066043455,68.57142857142857,ea756494bf254ac0df7491e0e9a76bcfe300e90a094977df8a612704d63b02f1,observed,synthetic_forward_replay
9,2025-11-05,uniform_random,3,8,5 34 38 41 42,8 9,0,0,0.0,0.0,99.74794450764875,45.714285714285715,28cd133bd556ab27f5e2750c8872c7f18bdc0025ebdb5cb64d0557fa6262037c,observed,synthetic_forward_replay
9,2025-11-05,uniform_random,3,9,6 12 19 23 45,3 6,1,0,0.0,0.0,89.85759724068049,51.42857142857142,cb2a0038ffe6be9b8017fdf8ddff809215e3386c0b0748260a26d2de992848a0,observed,synthetic_forward_replay
9,2025-11-05,uniform_random,3,10,3 17 36 39 47,7 9,0,0,0.0,0.0,99.4039672293064,62.857142857142854,9fbabf64ae7e42e79bd1b29ebb4d955a26510df0ed739db3dcd62b61f2050eac,observed,synthetic_forward_replay
9,2025-11-05,uniform_random,3,11,13 21 23 30 32,2 3,1,1,0.0,0.0,93.72494064182145,54.285714285714285,2b88d19fa1a1499b8451d8680b7884f1646b0ec65ab3a12a34555ce40ffd16e6,observed,synthetic_forward_replay
9,2025-11-05,uniform_random,3,12,7 11 28 30 49,1 2,3,1,0.0,0.0,74.67249001176998,68.57142857142857,2f47aee4b52e0c5d41385294fce357d3babf6661a3bfa2678d85840e9fa2767f,observed,synthetic_forward_replay
9,2025-11-05,frequency,5,1,13 19 23 44 50,8 9,0,0,-0.18835894976786394,33.33333333333333,98.99235114083255,65.71428571428571,9e917d3b1790a0a976c8ed1dfd93ff9cf1bf98bb2a6c9736a2f3f3d06ecbb8bf,observed,synthetic_forward_replay
9,2025-11-05,frequency,5,2,9 14 19 26 40,2 9,0,1,-0.18835894976786394,33.33333333333333,89.61442707546261,62.857142857142854,c2d441b826c921b1a4d79a51f96662be73eb5f9ff3b3163f702a9f0a48aa4540,observed,synthetic_forward_replay
9,2025-11-05,frequency,5,3,5 25 28 32 39,2 12,2,1,-0.18835894976786394,33.33333333333333,97.10456927824357,68.57142857142857,bf25a802af226a7e8e39fb99d9c75e3b5dcbbf6cc421b1ed0f9080618a5fe0b5,observed,synthetic_forward_replay
9,2025-11-05,frequency,5,4,23 24 34 45 46,3 10,0,0,-0.18835894976786394,33.33333333333333,99.7391148696994,45.714285714285715,f3da82bf16db387458b4baaffc69d961aa810720e53cd795a5df2de40062d9f5,observed,synthetic_forward_replay
9,2025-11-05,frequency,5,5,3 9 13 19 45,3 8,0,0,-0.18835894976786394,33.33333333333333,87.07817900524432,74.28571428571429,7d2f04fede0debdfe6473001f5db7b7b53bcf82bcdc3acaaf3f19a262c863ed9,observed,synthetic_forward_replay
9,2025-11-05,frequency,5,6,5 9 18 35 43,5 10,0,0,-0.18835894976786394,33.33333333333333,94.58271905694525,82.85714285714286,0ef640d272b63db8efaa92fda4fc4e9aeebcf230949e8e923e747fe0d603921b,observed,synthetic_forward_replay
9,2025-11-05,frequency,5,7,3 4 9 24 39,7 11,0,1,-0.18835894976786394,33.33333333333333,78.94677360767818,77.14285714285715,29efb3fa7a4d7be795ab7b07b817201a6211abd32f46b749f1dd6072fcf1fe36,observed,synthetic_forward_replay
9,2025-11-05,frequency,5,8,1 15 19 39 40,4 7,0,0,-0.18835894976786394,33.33333333333333,97.58142710563011,68.57142857142857,564b92c6119fca6c899d9b5ad69f46216d0ae23174f1f3fbd970e4a46fd184e8,observed,synthetic_forward_replay
9,2025-11-05,frequency,5,9,1 16 18 23 29,2 9,0,1,-0.18835894976786394,33.33333333333333,75.24971481474077,71.42857142857142,fef37cb8c954843de622935a5789181f4f537ddd3fbd71b7951a855e74847b74,observed,synthetic_forward_replay
9,2025-11-05,frequency,5,10,1 5 25 28 29,3 7,1,0,-0.18835894976786394,33.33333333333333,48.78514741830936,82.85714285714285,703b12ea9436e5be87852a2e282c0327860d6901e75fdb3c342d6b4b3a3b74df,observed,synthetic_forward_replay
9,2025-11-05,frequency,5,11,9 27 37 41 49,7 8,1,0,-0.18835894976786394,33.33333333333333,99.34746048372342,80.0,24b4cc445a0be5570728ea684e7d01dea058906a089566d5e9639c72b39b4300,observed,synthetic_forward_replay
9,2025-11-05,frequency,5,12,14 19 22 38 43,9 10,0,0,-0.18835894976786394,33.33333333333333,98.14577918391741,60.0,a9032fffde658310995cfe3527817bc13d6845ecb7299e087581fc07714fe73e,observed,synthetic_forward_replay
9,2025-11-05,unpopularity,1,1,39 45 46 48 50,9 10,0,0,0.3349622701704802,100.0,100.0,60.0,5d1a0ceb78c64a03e4224e602b4a3b0980e460b0fdca5c5b84236cca205418d5,observed,synthetic_forward_replay
9,2025-11-05,unpopularity,1,2,37 43 47 48 50,7 10,0,0,0.3349622701704802,100.0,99.99918006935799,77.14285714285715,e79e6fdd71eb72a356a4b4c33e93b7a965e9d77a0f1e2aa22f0c6acac292a819,observed,synthetic_forward_replay
9,2025-11-05,unpopularity,1,3,38 41 45 48 50,2 8,0,1,0.3349622701704802,100.0,99.99832210662207,60.0,4748bb9a3c80b69f6f2aa6470d2945077a1fc1f5c815357bc4b51824a4ceb718,observed,synthetic_forward_replay
9,2025-11-05,unpopularity,1,4,38 41 45 48 50,4 9,0,0,0.3349622701704802,100.0,99.99832210662207,60.0,d6382d06a31c6ccc9b9dcff8db791843a4caf5122f669ce3d6a7334c7383d707,observed,synthetic_forward_replay
9,2025-11-05,unpopularity,1,5,37 43 44 46 47,9 11,0,1,0.3349622701704802,100.0,99.9968028246526,62.857142857142854,0442976e44f9daf5c424beb18443ebce9141cacf06e162ba256305434071ed1d,observed,synthetic_forward_replay
9,2025-11-05,unpopularity,1,6,36 39 44 48 50,1 9,0,0,0.3349622701704802,100.0,99.9968028246526,65.71428571428571,d6dc9afaecbac9f75ddd02ea819806ca0ce341d4fb42c1ce7322862ddd3a6df8,observed,synthetic_forward_replay
9,2025-11-05,unpopularity,1,7,34 38 47 48 50,1 3,0,0,0.3349622701704802,100.0,99.9968028246526,54.28571428571429,0243af0deabf8286e671fc38b6e2baa1c488ee7db8c873c1c3404d06cdd706ac,observed,synthetic_forward_replay
9,2025-11-05,unpopularity,1,8,36 39 43 48 50,9 10,0,0,0.3349622701704802,100.0,99.99648494663906,77.14285714285715,22b132bee5cbc074c701ca017a21383ec591c4b53e123c7d56c316fefa87e03f,observed,synthetic_forward_replay
9,2025-11-05,unpopularity,1,9,37 41 43 44 50,8 10,0,0,0.3349622701704802,100.0,99.99616222784357,71.42857142857142,a1534ace44e403483b74d45b20b830e5b486abf149164b66b684262ee13ef969,observed,synthetic_forward_replay
9,2025-11-05,unpopularity,1,10,34 39 44 48 50,9 12,0,0,0.3349622701704802,100.0,99.99616222784357,54.28571428571429,e2ad6d4ef6bb2762209b6b6957510cb9e263ce8d8418eb79bddd0c4a6bd86361,observed,synthetic_forward_replay
9,2025-11-05,unpopularity,1,11,37 38 43 47 48,5 8,0,0,0.3349622701704802,100.0,99.99550197191425,68.57142857142857,60e7bc6f94d0c6fa89cf1a7af6ba10aac49b4f0ebff4c655f4ef4ca99f93feed,observed,synthetic_forward_replay
9,2025-11-05,unpopularity,1,12,36 40 43 44 50,9 11,0,1,0.3349622701704802,100.0,99.99550197191425,68.57142857142857,42003b480ed19812393fb85763fb25af0e9bd692bd3d3cdf64eb8cf5138584a3,observed,synthetic_forward_replay
9,2025-11-05,gingerm,4,1,9 22 43 46 49,1 2,1,1,-0.12764857302756116,22.22222222222222,99.40556270705453,82.85714285714286,9c9356291a0a6241e869b1fff8d1c6a03dc3e70b527e18dbb0d8b25a4119398c,observed,synthetic_forward_replay
9,2025-11-05,gingerm,4,2,9 22 25 49 50,1 5,1,0,-0.12764857302756116,22.22222222222222,98.05115617130296,88.57142857142858,c6d220f3fd03fd7f94f5c7077d74fc29f07cb14f793e887ca5fda3ac4e095d41,observed,synthetic_forward_replay
9,2025-11-05,gingerm,4,3,9 24 27 31 49,1 5,1,0,-0.12764857302756116,22.22222222222222,93.60368501755457,82.85714285714285,e845940931cd53f75b01d5c40228f0d41cdde1f756c2c0cb6673675f33ec63b7,observed,synthetic_forward_replay
9,2025-11-05,gingerm,4,4,1 20 29 43 49,1 6,1,0,-0.12764857302756116,22.22222222222222,97.6242094330899,97.14285714285712,2246ab04ff5756907d0e986ebef6794854efb06d8e2671b80f0fee6e9bd3af79,observed,synthetic_forward_replay
9,2025-11-05,gingerm,4,5,1 16 24 29 31,1 6,0,0,-0.12764857302756116,22.22222222222222,79.97307194313147,77.14285714285714,f37745211741221958b512c0d8a36576b314c6d2ae6f29ab030650e23da35759,observed,synthetic_forward_replay
9,2025-11-05,gingerm,4,6,1 5 19 24 29,1 6,0,0,-0.12764857302756116,22.22222222222222,60.290085561866945,82.85714285714285,3c96046229a6755965dbb5e524a9813b7978bbfc8bf20436968af3ca896d8806,observed,synthetic_forward_replay
9,2025-11-05,gingerm,4,7,3 9 20 29 43,1 7,0,0,-0.12764857302756116,22.22222222222222,89.70287521671813,94.28571428571428,13e48ebe8b7ccf927550581e3bf92c961342c729070cff42b70506b5f7faf47f,observed,synthetic_forward_replay
9,2025-11-05,gingerm,4,8,22 35 43 49 50,1 8,1,0,-0.12764857302756116,22.22222222222222,99.85738579920887,85.71428571428571,772a03ab6a24696c9de7983e5d797f0e2765cb4b537b072b2201ccedc462f210,observed,synthetic_forward_replay
9,2025-11-05,gingerm,4,9,18 22 42 43 49,1 10,1,0,-0.12764857302756116,22.22222222222222,99.40957434833282,77.14285714285715,72402765399ecabb329ebb508406f54a942e5c28ceedb895b25a35f927751415,observed,synthetic_forward_replay
9,2025-11-05,gingerm,4,10,9 18 27 43 49,1 10,1,0,-0.12764857302756116,22.22222222222222,97.76461848563288,88.57142857142858,c49dad97245194ab85db7adaf8fc7f68897eacc84f4ff0e088ed45ea6c45d19b,observed,synthetic_forward_replay
9,2025-11-05,gingerm,4,11,1 5 7 29 43,1 10,0,0,-0.12764857302756116,22.22222222222222,71.15133206133193,85.71428571428571,5f0b25f8f21000536494b17217535370a569e2c31ca494e3f73f7271c219436b,observed,synthetic_forward_replay
9,2025-11-05,gingerm,4,12,1 5 18 43 49,1 10,1,0,-0.12764857302756116,22.22222222222222,95.05388502984688,85.71428571428571,04b6209e75877bc8e6fe83668627d20382f63958910c2519e8a90dc776d53aaf,observed,synthetic_forward_replay
9,2025-11-05,spectral_contrarian,2,1,6 17 26 38 48,3 8,1,0,0.16724568720827282,100.0,98.24396670767212,60.0,b03b24e3b303d878409acb933cdcb043e138046daa8c0d95844475bc737eb16e,observed,synthetic_forward_replay
9,2025-11-05,spectral_contrarian,2,2,4 14 22 35 42,7 12,0,0,0.16724568720827282,100.0,92.15981714128596,54.28571428571429,c62bc9cf2a98be07d6e83d7dab74f18011a48c9c50676097bbf47e4cc448bfc8,observed,synthetic_forward_replay
9,2025-11-05,spectral_contrarian,2,3,1 8 19 32 39,3 11,1,1,0.16724568720827282,100.0,95.73903059347322,57.14285714285714,0db54b271424e43ae927dc4270970d8f42f1e29eaf14ba54fb2315b0e521e3fa,observed,synthetic_forward_replay
9,2025-11-05,spectral_contrarian,2,4,6 16 24 37 47,2 7,1,1,0.16724568720827282,100.0,98.10473619892491,62.857142857142854,b3f47e08d013bda480cabedf289c1421e9df38fb1f345e61da11a2a958c463b2,observed,synthetic_forward_replay
9,2025-11-05,spectral_contrarian,2,5,2 14 21 34 41,7 11,0,1,0.16724568720827282,100.0,94.36789264630771,31.428571428571427,0312b07a1905d56d707a311f30b943bd2fded2a4324df24901f60677d6eca2c4,observed,synthetic_forward_replay
9,2025-11-05,spectral_contrarian,2,6,7 18 31 38 49,3 11,1,1,0.16724568720827282,100.0,96.48132875860571,68.57142857142857,5d31698e824c6a9acc3c509401a94308b3d5c1fac6df2c5e4e6d56e91e7daaf0,observed,synthetic_forward_replay
9,2025-11-05,spectral_contrarian,2,7,4 15 23 35 46,2 7,0,1,0.16724568720827282,100.0,96.82805543439657,62.857142857142854,555c80fd21fb5069c127e1f653e0d35b3243025f1b2743523007187df0afb61f,observed,synthetic_forward_replay
9,2025-11-05,spectral_contrarian,2,8,2 12 21 33 40,6 11,0,1,0.16724568720827282,100.0,94.41592695488386,48.57142857142856,413481d38ee3b3b633fc4a165d5bae6abd76872a093019ad894f2a45ff8edf22,observed,synthetic_forward_replay
9,2025-11-05,spectral_contrarian,2,9,3 14 22 34 45,2 7,0,1,0.16724568720827282,100.0,96.57768046850693,42.857142857142854,2ac88a2de491c873e06f1d73d95d40ecfdefbcf7ff69e9da50bea804d4f79c9a,observed,synthetic_forward_replay
9,2025-11-05,spectral_contrarian,2,10,11 19 32 39 50,6 11,2,1,0.16724568720827282,100.0,99.48201710573485,65.71428571428571,af00fdbcf502210ada446c5e0757dfb12087390758d9d148326743f0d1c1590f,observed,synthetic_forward_replay
9,2025-11-05,spectral_contrarian,2,11,5 16 30 36 47,2 11,0,2,0.16724568720827282,100.0,98.216955893867,60.0,4bafef4441b0d3d4516444445e49e81c0e945e55433211f496b9454902f16bb2,observed,synthetic_forward_replay
9,2025-11-05,spectral_contrarian,2,12,10 18 31 38 48,6 11,0,1,0.16724568720827282,100.0,98.49276423987648,54.28571428571429,ff94bb0fbe2e95c3633d6ee25e191e977b90fbd5f09d3b9641168fbd0fba952e,observed,synthetic_forward_replay
9,2025-11-05,parallax,6,1,39 45 46 48 50,5 8,0,0,-0.35538033067537,22.22222222222222,100.0,60.0,da0a1a4b3b2a0c9941bceefda43ed3d3d9cd2298206c879e9e6359c46a89c49a,observed,synthetic_forward_replay
9,2025-11-05,parallax,6,2,32 34 37 41 47,2 3,1,1,-0.35538033067537,22.22222222222222,99.98675510662284,51.42857142857142,2aaf04cd6eaca5229de2765276c53f53b5529cc71d51a826486bcfa59a0b6494,observed,synthetic_forward_replay
9,2025-11-05,parallax,6,3,24 33 38 40 43,4 7,0,0,-0.35538033067537,22.22222222222222,99.91982568982333,68.57142857142857,a4afe8ee2ed2dade602c15dab9cbdfcbe20427edac305234315d169e8db7f931,observed,synthetic_forward_replay
9,2025-11-05,parallax,6,4,13 29 35 36 44,9 10,0,0,-0.35538033067537,22.22222222222222,99.49350992114184,74.28571428571429,7dd55fbd3186101f29521689bce050e07553622247abb1f8ef37e42b793c16a3,observed,synthetic_forward_replay
9,2025-11-05,parallax,6,5,10 14 15 17 42,6 12,0,0,-0.35538033067537,22.22222222222222,81.86678457976178,45.714285714285715,e515dc0904fe399b0b259d57cc97248d118d3d6c9c38a66f547c5510cce7d0ad,observed,synthetic_forward_replay
9,2025-11-05,parallax,6,6,4 11 18 27 31,1 11,1,1,-0.35538033067537,22.22222222222222,67.37669373378242,65.71428571428571,17e48516a3658bf1a9e628966acd94a3ed401c97fe70c3b35b7fc0d59ed340a2,observed,synthetic_forward_replay
9,2025-11-05,parallax,6,7,7 16 19 22 49,1 5,1,0,-0.35538033067537,22.22222222222222,85.54857956021435,74.28571428571429,18ab338d364c90a7c6a1abb778a9dc9322e5b84185b22fce115956c881ece48a,observed,synthetic_forward_replay
9,2025-11-05,parallax,6,8,2 8 9 21 26,7 10,0,0,-0.35538033067537,22.22222222222222,0.0,54.28571428571429,8d84912cb90450c261238d75148c07f302991175c7e461f5c4a4f6f3f423c3c6,observed,synthetic_forward_replay
9,2025-11-05,parallax,6,9,3 25 28 30 43,3 8,1,0,-0.35538033067537,22.22222222222222,92.44359722069947,74.28571428571429,fb4f6251cbb38789252500c1b00947fc771024bcc4c4f95173f78a0c3486203c,observed,synthetic_forward_replay
9,2025-11-05,parallax,6,10,1 12 22 23 33,6 11,0,1,-0.35538033067537,22.22222222222222,87.46345255250625,65.71428571428571,de0fca82ec97480c641b98a94124e66ff413965add57cee8669a6d7a938e0e1b,observed,synthetic_forward_replay
9,2025-11-05,parallax,6,11,5 20 38 39 49,2 9,1,1,-0.35538033067537,22.22222222222222,99.21418725149796,74.28571428571429,964ef22c3da55b2674aad10c76519f392e2ac27f2823948356b62f7d3cf5cffc,observed,synthetic_forward_replay
9,2025-11-05,parallax,6,12,6 21 31 42 44,4 12,1,0,-0.35538033067537,22.22222222222222,96.53437397943976,45.714285714285715,5c9e1b2d9b450e71f136f1e55695b1cb4f03e4eedc544d8272f486ea6e4d192c,observed,synthetic_forward_replay
9,2025-11-05,coordinated_aggregation,7,1,39 45 46 48 50,5 8,0,0,-0.35538033067537,22.22222222222222,100.0,60.0,e8d6933108e4b40096df6fd566d5932b75acb5fe71b3563ca2879e66db79f26c,observed,synthetic_forward_replay
9,2025-11-05,coordinated_aggregation,7,2,32 34 37 41 47,2 3,1,1,-0.35538033067537,22.22222222222222,99.98675510662284,51.42857142857142,368255f3440e3b7ed8b1eab53e0f5c5230ff3eb8350c470d17c91f20b03c7c5b,observed,synthetic_forward_replay
9,2025-11-05,coordinated_aggregation,7,3,24 33 38 40 43,4 7,0,0,-0.35538033067537,22.22222222222222,99.91982568982333,68.57142857142857,e64bfbd70af6eb8ed445f27a1240d4dcdd15cc83049b1769b8250ad3883dee59,observed,synthetic_forward_replay
9,2025-11-05,coordinated_aggregation,7,4,13 29 35 36 44,9 10,0,0,-0.35538033067537,22.22222222222222,99.49350992114184,74.28571428571429,0e191fc6745671a2161363d6ef68d8394e20adad01e96fc6200a40432c3284ca,observed,synthetic_forward_replay
9,2025-11-05,coordinated_aggregation,7,5,10 14 15 17 42,6 12,0,0,-0.35538033067537,22.22222222222222,81.86678457976178,45.714285714285715,678d7e4ef2e183c829a923dee0cf91358b4ab171a48136a3e26feed3d560303e,observed,synthetic_forward_replay
9,2025-11-05,coordinated_aggregation,7,6,4 11 18 27 31,1 11,1,1,-0.35538033067537,22.22222222222222,67.37669373378242,65.71428571428571,ee9eade1984ec0af20b9ab9086f17f75e57a0af2623d217877d9138c72ae552d,observed,synthetic_forward_replay
9,2025-11-05,coordinated_aggregation,7,7,7 16 19 22 49,1 5,1,0,-0.35538033067537,22.22222222222222,85.54857956021435,74.28571428571429,4045b5a4eb1674a8e10b129dc5e5f287fe3c2ebb8707b6237bec24078dc7f46a,observed,synthetic_forward_replay
9,2025-11-05,coordinated_aggregation,7,8,2 8 9 21 26,7 10,0,0,-0.35538033067537,22.22222222222222,0.0,54.28571428571429,383f6bcfd2bbc0ac4aa7dcd8fe6abaca727d72d0735d4908de65d6277120e826,observed,synthetic_forward_replay
9,2025-11-05,coordinated_aggregation,7,9,3 25 28 30 43,3 8,1,0,-0.35538033067537,22.22222222222222,92.44359722069947,74.28571428571429,c7d7897b80ea59d8fabd3b4eab207a3bf44316ed81de136ff3e135339841a67d,observed,synthetic_forward_replay
9,2025-11-05,coordinated_aggregation,7,10,1 12 22 23 33,6 11,0,1,-0.35538033067537,22.22222222222222,87.46345255250625,65.71428571428571,3d55265847524348c3d627fc02345b944bca001e3a8ea2234d7b054ca59e875f,observed,synthetic_forward_replay
9,2025-11-05,coordinated_aggregation,7,11,5 20 38 39 49,2 9,1,1,-0.35538033067537,22.22222222222222,99.21418725149796,74.28571428571429,552ee9585eddec320ec416e14cbaed55752aec2a72b67ddb746699c700319ead,observed,synthetic_forward_replay
9,2025-11-05,coordinated_aggregation,7,12,6 21 31 42 44,4 12,1,0,-0.35538033067537,22.22222222222222,96.53437397943976,45.714285714285715,66bd44bdfcae25d5f2b0924aa57f761d8e17b8e11873ab1a97810c391eddbe5b,observed,synthetic_forward_replay
10,2025-11-12,uniform_random,3,1,18 21 22 30 44,2 10,0,1,0.0,0.0,94.77001940746334,47.5,b985095d0206b1ceea7401bd7a4f9dab77d63860530e127ac7211464fa532524,observed,synthetic_forward_replay
10,2025-11-12,uniform_random,3,2,5 11 22 31 48,3 8,0,1,0.0,0.0,91.0159458797549,60.0,91ad7dc297dbcde9848322dfee19bb5f31fe7b48f1d99675008bae6486a1c2d1,observed,synthetic_forward_replay
10,2025-11-12,uniform_random,3,3,4 28 31 32 44,10 11,1,1,0.0,0.0,97.35846257391411,57.49999999999999,0b905149912557c7788ba2d0b64a332924e483e4ba196465c1811fabf15d5a9d,observed,synthetic_forward_replay
10,2025-11-12,uniform_random,3,4,10 38 41 43 50,4 8,0,0,0.0,0.0,99.8820711764851,55.00000000000001,4ee01e3d0b4ccc2adb84017bdfe0f3a590e8ee6a2a58ff256e24317d77080173,observed,synthetic_forward_replay
10,2025-11-12,uniform_random,3,5,10 29 32 44 50,2 12,1,0,0.0,0.0,99.5585353032623,57.49999999999999,789686b3e11487867f50b8f838a57bf1941ef3d6731b396a0368bc3090c693df,observed,synthetic_forward_replay
10,2025-11-12,uniform_random,3,6,2 7 10 24 27,6 10,1,1,0.0,0.0,0.0,50.0,46ac356f8ecdde6d752f136072f87cbf9d9d019ed052073bc2ad8faf402b5050,observed,synthetic_forward_replay
10,2025-11-12,uniform_random,3,7,12 19 42 44 47,1 4,0,0,0.0,0.0,99.3177509232147,47.5,b479eced7be3e19f8e9ee4559637402c6e187d108a2379f94cb713bb3b3126eb,observed,synthetic_forward_replay
10,2025-11-12,uniform_random,3,8,2 5 15 47 50,6 12,0,0,0.0,0.0,96.65942968599914,57.49999999999999,161a2f5416e5eace0d14963f604282d9abe7e34eb513a1cae760c722ef2c7deb,observed,synthetic_forward_replay
10,2025-11-12,uniform_random,3,9,4 29 36 39 49,4 11,0,0,0.0,0.0,99.23948817333684,72.5,083981ccbe53b60384e53a21debe765b18b109fb834ac2526d2875c9acdd66e1,observed,synthetic_forward_replay
10,2025-11-12,uniform_random,3,10,4 11 19 22 34,1 12,0,0,0.0,0.0,86.47918649890258,52.5,9b08ca26446035efef2983cbd86f29f1a066ec977bbb28359914f6309ca18f73,observed,synthetic_forward_replay
10,2025-11-12,uniform_random,3,11,5 33 42 43 47,7 12,0,0,0.0,0.0,99.77271249101769,60.0,1f455e0f9646fd81fb1a4300c219b5c8add437d0a18959e368eba50a97dc83cb,observed,synthetic_forward_replay
10,2025-11-12,uniform_random,3,12,15 16 28 32 40,5 9,1,0,0.0,0.0,97.87438690149288,60.0,779e9cce41e93b4baeb26a9d98eaaa0799839bee855e3d28ed22363838ee0762,observed,synthetic_forward_replay
10,2025-11-12,frequency,6,1,22 32 33 47 49,2 6,1,0,-0.20840791261660385,30.0,99.87448760911772,67.5,0863b501d194bc68998dca18fb2e4ad13f4158e0f0ca0a2b40391f863e47c874,observed,synthetic_forward_replay
10,2025-11-12,frequency,6,2,4 29 36 45 47,1 3,1,1,-0.20840791261660385,30.0,99.52983542956824,60.0,98ddd6467b8f4d27bd5a2f5d2c0db56554dab7a912e5b0989d23a612d3410104,observed,synthetic_forward_replay
10,2025-11-12,frequency,6,3,4 9 41 44 50,1 4,0,0,-0.20840791261660385,30.0,99.1854421495734,62.5,cb616789e5a35d75bd66b065a5225c6b2822893e70b1ad6242acf5f105801725,observed,synthetic_forward_replay
10,2025-11-12,frequency,6,4,24 28 33 35 45,1 2,1,0,-0.20840791261660385,30.0,99.27892819896987,62.5,9bb7ff5e8f144cbc3ed47f073cedf5d1cc962a97d3faf253e88858b9bca6e7f9,observed,synthetic_forward_replay
10,2025-11-12,frequency,6,5,3 4 10 27 28,4 10,1,1,-0.20840791261660385,30.0,2.9780676499986503,57.49999999999999,d905077f3976d8f88e07a546786426bc0cf905281ab24d176b71720d768ce7e2,observed,synthetic_forward_replay
10,2025-11-12,frequency,6,6,2 12 17 24 25,4 8,1,0,-0.20840791261660385,30.0,59.07171480046707,55.00000000000001,996c9b12ffa322757337995330b4160a546effd1e4b0fd6060a6243f22312db2,observed,synthetic_forward_replay
10,2025-11-12,frequency,6,7,25 39 42 45 50,4 8,1,0,-0.20840791261660385,30.0,99.90892302512641,55.00000000000001,499bb1f4c7a17bb755fd4c7c101b3ab00528817c1d0e0ccdfa60242e319b6126,observed,synthetic_forward_replay
10,2025-11-12,frequency,6,8,1 9 20 35 37,9 12,0,0,-0.20840791261660385,30.0,93.50326933543428,75.0,d113187e11272837565cec0f768efb5ad8d27750e46999fd369c2466fad6f8b8,observed,synthetic_forward_replay
10,2025-11-12,frequency,6,9,16 19 27 28 49,8 10,1,1,-0.20840791261660385,30.0,92.60738743535238,70.0,347dc62162ccf8d4143000813ba7286154fef88683ac6e1fdaefd24e399c8f3e,observed,synthetic_forward_replay
10,2025-11-12,frequency,6,10,7 13 34 39 50,6 9,0,0,-0.20840791261660385,30.0,99.05578696600537,55.00000000000001,2ab49a13082edf8db84b2fac62768e7fbfb3fb01fc06bb5bc1b8d9dc69b2ad4b,observed,synthetic_forward_replay
10,2025-11-12,frequency,6,11,4 5 7 13 36,3 8,0,1,-0.20840791261660385,30.0,58.53051163108177,65.0,37cf4274da903834f7ea24083bb1ced30d2ba3d7954a78d799714f187adf1038,observed,synthetic_forward_replay
10,2025-11-12,frequency,6,12,21 29 33 43 47,6 9,0,0,-0.20840791261660385,30.0,99.5818342223654,65.0,42c380a4c183fc12970c5767e46ef50920a20ece8a6167bb37f824285d8cff0f,observed,synthetic_forward_replay
10,2025-11-12,unpopularity,1,1,33 43 46 48 50,1 6,0,0,0.46341468485091575,100.0,99.99787248988244,65.0,b2a40442eda86457ed16f67207df09eb27258ade21064855ccd8735418663116,observed,synthetic_forward_replay
10,2025-11-12,unpopularity,1,2,36 43 44 46 48,3 6,0,1,0.46341468485091575,100.0,99.99688950151796,57.49999999999999,6c0a8308c722289d58f15c9ba464622d906b080a62b2fc38cc30eb4959f97842,observed,synthetic_forward_replay
10,2025-11-12,unpopularity,1,3,39 40 43 44 50,2 7,0,0,0.46341468485091575,100.0,99.99655180887851,57.49999999999999,c16534edbe440604c9b5722a7c01b38919d3148533893b5e08b6ae5f0363a7a5,observed,synthetic_forward_replay
10,2025-11-12,unpopularity,1,4,39 40 41 46 50,1 2,0,0,0.46341468485091575,100.0,99.99655180887851,50.0,11e74fa506fe6fba44b3d4a90db5b9e277f78a8e2d2da9fae89fb0698c2e2c4c,observed,synthetic_forward_replay
10,2025-11-12,unpopularity,1,5,37 39 44 45 47,7 12,1,0,0.46341468485091575,100.0,99.99514882393859,47.5,ffe24f32543eb7bf8b723c44395fc2969ecfddca69f4a2f060a4daecdc0db207,observed,synthetic_forward_replay
10,2025-11-12,unpopularity,1,6,33 37 44 47 50,8 11,0,0,0.46341468485091575,100.0,99.99478462351874,57.49999999999999,ac5420f2ac7ab17faeaab76d0b033eb3bebf8120440d665063f8aac7a4775f32,observed,synthetic_forward_replay
10,2025-11-12,unpopularity,1,7,36 40 43 45 47,1 7,1,0,0.46341468485091575,100.0,99.99478462351874,55.00000000000001,b9ad961f67f4ad40f40f43a608aa45c8b1f6180b4d5e58b54227e2c2cf2733e2,observed,synthetic_forward_replay
10,2025-11-12,unpopularity,1,8,36 37 45 46 47,8 11,1,0,0.46341468485091575,100.0,99.99478462351874,50.0,17e8b6d72d331fdba3c406589052c0f8e3f8ba7ebaf41192d92048cb19a4da23,observed,synthetic_forward_replay
10,2025-11-12,unpopularity,1,9,33 34 46 47 50,6 11,0,0,0.46341468485091575,100.0,99.99441487689961,47.5,6a35f81a8e5ddfc3bbcbe281754fafd6fb5662249079c958c467cdd180779a8b,observed,synthetic_forward_replay
10,2025-11-12,unpopularity,1,10,34 41 43 44 47,2 9,0,0,0.46341468485091575,100.0,99.9940394996213,47.5,c971729e43e6fb48963cacba321f4187efd3f002ae23571b9eefc62eb777186e,observed,synthetic_forward_replay
10,2025-11-12,unpopularity,1,11,34 41 43 44 47,3 7,0,1,0.46341468485091575,100.0,99.9940394996213,47.5,793c1ae9af1466b3469e011ab995a2d3b954d9f9fb3f7de22b3c46b7b8f84677,observed,synthetic_forward_replay
10,2025-11-12,unpopularity,1,12,33 39 44 45 48,3 12,1,1,0.46341468485091575,100.0,99.9940394996213,50.0,3731e6dd8491d5e78242cfc7c5993688e7ba792890a3bcc5aef1247f6b8f8d01,observed,synthetic_forward_replay
10,2025-11-12,gingerm,7,1,9 22 25 43 49,1 2,0,0,-0.23868137171750847,20.0,97.6968305389747,82.5,df8e121263a4f8141665be4abd22759eb890de45b4aed1173f8a1cc36110e8ec,observed,synthetic_forward_replay
10,2025-11-12,gingerm,7,2,1 5 24 29 31,1 6,0,0,-0.23868137171750847,20.0,64.81538145473283,70.0,5431287b0eae6cd0f62d454569dbceaef3b82c55f03911243df9c7419b824a1f,observed,synthetic_forward_replay
10,2025-11-12,gingerm,7,3,1 22 29 43 49,1 6,0,0,-0.23868137171750847,20.0,97.55211049893472,82.5,4c4d0d88f56e476500e55c80a50fae930b9a337a0bbcc354be14abb07354fd15,observed,synthetic_forward_replay
10,2025-11-12,gingerm,7,4,1 5 18 19 24,1 10,0,1,-0.23868137171750847,20.0,50.18173059387361,67.5,475facd8c768aee213615cabcb7aed893fb6e1f2429be2e833414e92951f6769,observed,synthetic_forward_replay
10,2025-11-12,gingerm,7,5,18 22 43 46 49,1 10,0,1,-0.23868137171750847,20.0,99.61365738227063,70.0,5305e1df6d118f0f5584dbda949062712c61f391bb578eb468d9eef492c5c8f6,observed,synthetic_forward_replay
10,2025-11-12,gingerm,7,6,1 5 29 47 48,1 10,0,1,-0.23868137171750847,20.0,97.17400990360278,67.5,32c4e0d44120a22bf06af4f4801aec66999c94d8b4db9e556371e788bcb395ac,observed,synthetic_forward_replay
10,2025-11-12,gingerm,7,7,9 28 43 49 50,2 3,0,1,-0.23868137171750847,20.0,99.18047971508976,85.0,d5c5d382155fc06a9263e87bddf8c6e48bb13791002704213236350e8417259f,observed,synthetic_forward_replay
10,2025-11-12,gingerm,7,8,6 9 13 26 28,2 3,0,1,-0.23868137171750847,20.0,40.42685088766839,72.5,6f800d4f441310bb7391d2ec24049881204e5e45a3a577a15f88870d409c884a,observed,synthetic_forward_replay
10,2025-11-12,gingerm,7,9,11 20 28 40 49,2 3,0,1,-0.23868137171750847,20.0,96.5357134827077,72.5,3c13e8cadb51d4db6abb187798025ae8cc4f7126250ffae4e244852bbcee9890,observed,synthetic_forward_replay
10,2025-11-12,gingerm,7,10,20 22 26 43 49,2 3,0,1,-0.23868137171750847,20.0,98.63545771491133,82.5,ac751487b953aded57f7c3ec76d55c28a0ec9e90c77164bd38af48f99d9f35a3,observed,synthetic_forward_replay
10,2025-11-12,gingerm,7,11,3 9 24 43 49,2 3,0,1,-0.23868137171750847,20.0,95.62051573568107,82.5,c27a10bcaa652aaf0c674f40174f8985f9e98781c01f49344c3d13580fcb83be,observed,synthetic_forward_replay
10,2025-11-12,gingerm,7,12,11 13 18 26 28,2 3,0,1,-0.23868137171750847,20.0,65.57069201146527,70.0,2a4593944d5be7598ea2e2823d87c54bd81cb6c0974e4f53584dbc292410b5ac,observed,synthetic_forward_replay
10,2025-11-12,spectral_contrarian,2,1,6 17 25 38 48,3 8,1,1,0.31803841764712626,100.0,98.10609749241367,55.00000000000001,b541d507bc49bbcdda709a933f7eda14a64e202173cf986ea9290dabf32275e6,observed,synthetic_forward_replay
10,2025-11-12,spectral_contrarian,2,2,4 15 22 35 42,7 12,0,0,0.31803841764712626,100.0,94.5374267454924,60.0,576620dce8ad5a7fc15acfe38a6a70b00cddb9bde8581567ea6be1002278a7de,observed,synthetic_forward_replay
10,2025-11-12,spectral_contrarian,2,3,1 8 19 33 39,3 11,0,1,0.31803841764712626,100.0,95.54189333140293,52.5,0c417f09968fcc9dd9b001625b80abe73d3fe363004bd49af0415ce5f974a346,observed,synthetic_forward_replay
10,2025-11-12,spectral_contrarian,2,4,5 16 24 37 47,3 7,0,1,0.31803841764712626,100.0,97.95593575527526,60.0,dada5bc01084a0af4c72f5452599e4c9237c7e8d13d63079d510a56e4ecd97b0,observed,synthetic_forward_replay
10,2025-11-12,spectral_contrarian,2,5,2 14 21 34 41,7 11,0,0,0.31803841764712626,100.0,94.01710652069579,27.500000000000004,feab20778d36f7dde7786870700cdc2e4c2f93eebf10ab7be17c25d69bc97f31,observed,synthetic_forward_replay
10,2025-11-12,spectral_contrarian,2,6,7 18 31 38 49,3 11,0,1,0.31803841764712626,100.0,96.26228167804581,62.5,ec4350d95a2ebeb0380be3693ed8ff97102093424f321557751f68fd0ec97471,observed,synthetic_forward_replay
10,2025-11-12,spectral_contrarian,2,7,4 15 23 36 46,2 7,1,0,0.31803841764712626,100.0,97.79398680726224,55.00000000000001,6d4064788809d49530b8846840ba81f28846df68c87f616f32ab608fbb5fc3c5,observed,synthetic_forward_replay
10,2025-11-12,spectral_contrarian,2,8,2 13 21 33 40,6 11,0,0,0.31803841764712626,100.0,95.83216057706582,47.5,8d1cbe9289f906e48f138f0d0d4f294b32b07d4c698b82331ae7eda457b91ec1,observed,synthetic_forward_replay
10,2025-11-12,spectral_contrarian,2,9,3 14 22 34 45,2 7,1,0,0.31803841764712626,100.0,96.36463938083115,37.5,9fce792f44e22c139270a2214e05fd7d8b5d1fd09a1b595d831e7ffed80786e7,observed,synthetic_forward_replay
10,2025-11-12,spectral_contrarian,2,10,12 19 32 39 50,6 11,1,0,0.31803841764712626,100.0,99.45855084401217,60.0,5c3cded1e4b5cf48101f80cb3c22efbfb29b818472450dbbe22442a3b1f9aeae,observed,synthetic_forward_replay
10,2025-11-12,spectral_contrarian,2,11,5 16 30 36 47,2 11,0,0,0.31803841764712626,100.0,98.10609749241367,52.5,1f93f26c4e0a24327b79dc5a128eb2b53692d3cccd1c09846f355a36c0681758,observed,synthetic_forward_replay
10,2025-11-12,spectral_contrarian,2,12,11 18 31 38 48,6 11,0,0,0.31803841764712626,100.0,98.4233975897213,55.00000000000001,3bbd0ad6106c58e064d007760d34339e53a6863cabac7c3179a53322d8b77305,observed,synthetic_forward_replay
10,2025-11-12,parallax,4,1,38 45 46 48 50,1 6,1,0,-0.20495832191724794,20.0,100.0,50.0,650deeb677d8f11da37d0a41a258fc11c39aeb78a7be4fbac4c2bc66d08780da,observed,synthetic_forward_replay
10,2025-11-12,parallax,4,2,33 39 40 44 47,2 7,0,0,-0.20495832191724794,20.0,99.99166409780183,47.5,0abf33daa1db62af930c27078ad0bf1b95b87273963b74056cb37097e184be0f,observed,synthetic_forward_replay
10,2025-11-12,parallax,4,3,32 35 37 41 49,9 11,1,0,-0.20495832191724794,20.0,99.94843032920501,67.5,64818af1374ed27d9381477c9834d7b3b8405aa3d4d2471c98469f9bfb1417c0,observed,synthetic_forward_replay
10,2025-11-12,parallax,4,4,9 17 34 36 42,5 10,1,1,-0.20495832191724794,20.0,98.9801727820848,50.0,a2bc41030e4ffcef1a15d879fc3bf6d0b1645f4771f1cf9edef67c7c69c62e08,observed,synthetic_forward_replay
10,2025-11-12,parallax,4,5,7 15 23 31 43,3 12,1,1,-0.20495832191724794,20.0,90.66008153330354,62.5,9b9624882489e397a9ac2e0c1dbfb14f3b1996137927a73755020d90c3f995d8,observed,synthetic_forward_replay
10,2025-11-12,parallax,4,6,4 10 16 18 25,4 8,0,0,-0.20495832191724794,20.0,54.502216057943265,55.00000000000001,a47de321b93d44b639ea824bc867aaca5161d8fd7d5118c9dd784cc5b68ee0ee,observed,synthetic_forward_replay
10,2025-11-12,parallax,4,7,2 13 20 27 30,6 8,1,0,-0.20495832191724794,20.0,75.62228355894305,57.49999999999999,43af39c70b2ab05fb1375cbf13f2879856d6c438282bff59572c8a8128333752,observed,synthetic_forward_replay
10,2025-11-12,parallax,4,8,11 14 21 22 26,10 12,0,1,-0.20495832191724794,20.0,46.76073904655611,50.0,b75a641c51160e0d51c94dfb4267032baccf5b0a10dad753eacdc16d13a6f2a2,observed,synthetic_forward_replay
10,2025-11-12,parallax,4,9,3 12 22 24 28,5 7,0,0,-0.20495832191724794,20.0,46.4093948087028,65.0,8c912b9b2901f171032856f4cd87a3e20929b72b977150d9ffe0d84a81d6e84f,observed,synthetic_forward_replay
10,2025-11-12,parallax,4,10,19 29 44 46 49,1 4,0,0,-0.20495832191724794,20.0,99.6652159501106,65.0,d8b51c939164df87924dfa31593d66263782ffb0086cc2b711f7327f39ddc55a,observed,synthetic_forward_replay
10,2025-11-12,parallax,4,11,1 32 33 34 48,2 3,1,1,-0.20495832191724794,20.0,99.79004748064735,55.00000000000001,2fedb228b2213d3b28ba09e28772092914da9cfdc30891d011ff1f71a89da015,observed,synthetic_forward_replay
10,2025-11-12,parallax,4,12,5 26 33 36 45,9 11,1,0,-0.20495832191724794,20.0,99.39600058989706,60.0,33de8f33e8fbe20505e882dead2a956b05bccd07a4bdded26dd349d6b7aee966,observed,synthetic_forward_replay
10,2025-11-12,coordinated_aggregation,5,1,38 45 46 48 50,1 6,1,0,-0.20495832191724794,20.0,100.0,50.0,4b4b4c67bbcbcd305697c0043f40212d2043f7d3b66e4c94cd5d9c67afedc01f,observed,synthetic_forward_replay
10,2025-11-12,coordinated_aggregation,5,2,33 39 40 44 47,2 7,0,0,-0.20495832191724794,20.0,99.99166409780183,47.5,c263234a5769904f48b7ad3d055f96404e254aa124eb6960b5ac5c75b367ae35,observed,synthetic_forward_replay
10,2025-11-12,coordinated_aggregation,5,3,32 35 37 41 49,9 11,1,0,-0.20495832191724794,20.0,99.94843032920501,67.5,2acba18b155bfa8561969a63aba24acc6cbd245817e52bd2b5a67256b1d80478,observed,synthetic_forward_replay
10,2025-11-12,coordinated_aggregation,5,4,9 17 34 36 42,5 10,1,1,-0.20495832191724794,20.0,98.9801727820848,50.0,2447198e9de7619c470d98c87248638739b803eb95c89625e857bd8de918a038,observed,synthetic_forward_replay
10,2025-11-12,coordinated_aggregation,5,5,7 15 23 31 43,3 12,1,1,-0.20495832191724794,20.0,90.66008153330354,62.5,94e7890d9090eac62d8512df89a9aab5aa3050a4acc8e73499ca94c9ed99ff06,observed,synthetic_forward_replay
10,2025-11-12,coordinated_aggregation,5,6,4 10 16 18 25,4 8,0,0,-0.20495832191724794,20.0,54.502216057943265,55.00000000000001,6ca179dd98b3b2b0daa53853d4dd011e2d70212a7106c05d8add06a3efffec59,observed,synthetic_forward_replay
10,2025-11-12,coordinated_aggregation,5,7,2 13 20 27 30,6 8,1,0,-0.20495832191724794,20.0,75.62228355894305,57.49999999999999,65a4a8d1c079b3a6518715ba7f9f63155f9089eb9fd723aaf5bf634effe3b05c,observed,synthetic_forward_replay
10,2025-11-12,coordinated_aggregation,5,8,11 14 21 22 26,10 12,0,1,-0.20495832191724794,20.0,46.76073904655611,50.0,f8c4da222a656ee3c8d2d64827d9f59ec25894ee769812aade767085aa87a4da,observed,synthetic_forward_replay
10,2025-11-12,coordinated_aggregation,5,9,3 12 22 24 28,5 7,0,0,-0.20495832191724794,20.0,46.4093948087028,65.0,000e40b9cdff49910f62af9dd94ebd1df9933be4540ed4ca0ad4171c56520b5f,observed,synthetic_forward_replay
10,2025-11-12,coordinated_aggregation,5,10,19 29 44 46 49,1 4,0,0,-0.20495832191724794,20.0,99.6652159501106,65.0,72ea2cd92b5155df681e75bdd2d827d535539364441fa44bc4ebe1d6952f998e,observed,synthetic_forward_replay
10,2025-11-12,coordinated_aggregation,5,11,1 32 33 34 48,2 3,1,1,-0.20495832191724794,20.0,99.79004748064735,55.00000000000001,cec0b21b64322cfb9093aac518b6103142f13a6e534fca714dba2a438c10fa11,observed,synthetic_forward_replay
10,2025-11-12,coordinated_aggregation,5,12,5 26 33 36 45,9 11,1,0,-0.20495832191724794,20.0,99.39600058989706,60.0,51c659b71db28750c871543cb2200ad6af9ff13ed4d8de2bffcadde3abde76ad,observed,synthetic_forward_replay
11,2025-11-19,uniform_random,3,1,4 7 38 39 41,2 11,0,1,0.0,0.0,98.68782299223231,52.5,dcab98673748a62e28f5c20ca63e7eb4143572d329c7bb7e2b143af4eedb00fe,observed,synthetic_forward_replay
11,2025-11-19,uniform_random,3,2,2 26 36 41 45,1 11,0,1,0.0,0.0,99.55562823197278,52.5,ea47bb21007c96f8010f87bf9a17073a3e1bf89dd0c3438b8156ab5ae041b1da,observed,synthetic_forward_replay
11,2025-11-19,uniform_random,3,3,17 19 28 32 48,3 6,0,1,0.0,0.0,98.61150805598125,67.5,405bc1685aac5ec7b37af0c631147bce9e84fa27bdb0392ca78ef97a0374291f,observed,synthetic_forward_replay
11,2025-11-19,uniform_random,3,4,9 13 27 32 37,7 12,0,0,0.0,0.0,98.07410220280268,75.0,e61564197721bbe6fb9391a006ef7ef1aaf02b4552262fb68fc05d02325a6198,observed,synthetic_forward_replay
11,2025-11-19,uniform_random,3,5,8 12 21 27 28,4 7,0,0,0.0,0.0,42.35028307940135,50.0,9b3c8ef9656113e4676c53daff8eb44944feba32d57ff8ac4091b90010ac0a6b,observed,synthetic_forward_replay
11,2025-11-19,uniform_random,3,6,1 26 27 28 34,2 9,0,0,0.0,0.0,92.20974507341381,62.5,92d154ab04fb0ca37040e31e67b4fc43be5189dad908826e2edd61ce0538e431,observed,synthetic_forward_replay
11,2025-11-19,uniform_random,3,7,19 22 29 41 49,1 5,1,0,0.0,0.0,98.91322541658387,72.5,81df0cb150a131c454633642f0dd05cf1416ce9e297b8efff010bb6aef090647,observed,synthetic_forward_replay
11,2025-11-19,uniform_random,3,8,1 34 40 47 50,6 9,0,1,0.0,0.0,99.88912523119123,50.0,1c31bcd8f3c3147ad43fb36c85e8957ea49e1af2e054245c2658c6e818f48fd7,observed,synthetic_forward_replay
11,2025-11-19,uniform_random,3,9,22 23 26 30 33,7 8,0,0,0.0,0.0,97.18420703531274,57.49999999999999,68d5143c8ae3f55b0f42121b005f2c7b2ec3a2e32f6a537d03d0928d924df207,observed,synthetic_forward_replay
11,2025-11-19,uniform_random,3,10,15 26 28 43 48,2 9,1,0,0.0,0.0,98.91322541658387,75.0,e3cf81af89c90f28b6eddab4d806e876da58ce3804962cfe84f23dce2044f037,observed,synthetic_forward_replay
11,2025-11-19,uniform_random,3,11,9 21 22 36 49,7 9,0,0,0.0,0.0,96.737234104802,70.0,a11747f4df728d3171746f08f3a01f2d186bc45d6054e085d507f220d50d5bbc,observed,synthetic_forward_replay
11,2025-11-19,uniform_random,3,12,12 19 24 28 46,1 3,1,0,0.0,0.0,93.60225062496028,60.0,1da09eaae4ae9186ace0b37727c1f8e1b80dca3f6a478ace6d658bb5b7d9a9a1,observed,synthetic_forward_replay
11,2025-11-19,frequency,5,1,4 39 41 44 49,9 12,0,0,-0.22451018122107147,27.27272727272727,99.83948310022018,60.0,801f7279b9c75ffd4d157642df9b4f18ef00c3f53b1dfe7937696ccf4e559b7b,observed,synthetic_forward_replay
11,2025-11-19,frequency,5,2,4 30 31 47 49,5 12,0,0,-0.22451018122107147,27.27272727272727,98.49521922308578,60.0,ca80e20d53f936ea81263c5f1be10343e142234808ab160886b55418c1f1c66e,observed,synthetic_forward_replay
11,2025-11-19,frequency,5,3,23 25 33 34 39,7 8,0,0,-0.22451018122107147,27.27272727272727,99.70650095456463,50.0,2b11a23dc2639c98e42f5b6860259c719151a7c9e8b4f3a6218d0d0e09cf8d45,observed,synthetic_forward_replay
11,2025-11-19,frequency,5,4,3 9 13 21 24,3 7,1,0,-0.22451018122107147,27.27272727272727,43.06721930336022,67.5,fe1e7578ec5a646285ca4fdfbf85838f5aa2197de9d857c6bd46de4eb1efe833,observed,synthetic_forward_replay
11,2025-11-19,frequency,5,5,27 29 30 32 39,3 5,1,0,-0.22451018122107147,27.27272727272727,99.24675941437823,65.0,30cfa141f62aaaf46c458bfe834969ce76a59471df6122b7fece59f830614f86,observed,synthetic_forward_replay
11,2025-11-19,frequency,5,6,1 20 29 33 50,6 9,1,1,-0.22451018122107147,27.27272727272727,98.46803326348243,77.5,cd1f0a3b44c14bb1459bdf7951ecb5b0842b1383c4a270adc5c21e3446f20701,observed,synthetic_forward_replay
11,2025-11-19,frequency,5,7,24 29 33 39 41,9 10,2,0,-0.22451018122107147,27.27272727272727,99.75786085907804,65.0,3ab4b58eae1e1e94e4c90886e45bf0110f7caf56defc11a194b02f2177da85b3,observed,synthetic_forward_replay
11,2025-11-19,frequency,5,8,9 11 17 45 47,3 10,0,0,-0.22451018122107147,27.27272727272727,97.7137208223817,62.5,13a49a5f9c08802cf6920858ab62642190fd78e717c3eafc8be90939c9358430,observed,synthetic_forward_replay
11,2025-11-19,frequency,5,9,15 23 31 38 39,3 6,1,1,-0.22451018122107147,27.27272727272727,99.10760210776097,52.5,b629c36c609d87fc4d9b1be35590641d04f4f21649757973806dc6e7a07e7edd,observed,synthetic_forward_replay
11,2025-11-19,frequency,5,10,3 13 20 25 28,5 10,0,0,-0.22451018122107147,27.27272727272727,69.49183290633427,75.0,f4e07e315d82953f5085b7a6589f88ccc5a048ce6cd85e1127157a1076197529,observed,synthetic_forward_replay
11,2025-11-19,frequency,5,11,9 17 18 32 35,3 4,1,0,-0.22451018122107147,27.27272727272727,96.77799946113804,70.0,c23aaa19b96aea521c360ff8030902f747016e78392042a7502ecd970357f63a,observed,synthetic_forward_replay
11,2025-11-19,frequency,5,12,5 12 20 28 31,2 9,0,0,-0.22451018122107147,27.27272727272727,61.57223676391348,65.0,b8ada636a18596ab242235e804743264318ad401edb3ad85838d370dc2f24265,observed,synthetic_forward_replay
11,2025-11-19,unpopularity,1,1,38 43 44 48 50,5 12,0,0,0.37619866290271586,100.0,100.0,60.0,61ba99cfaf7a9d500faabf6daabd4413cb1102e13d04f03f1d98beeb415101ae,observed,synthetic_forward_replay
11,2025-11-19,unpopularity,1,2,34 44 46 47 50,8 10,0,0,0.37619866290271586,100.0,99.999504556615,42.5,543470a895e32a8a717d9a0d5054e60483f6facc9e9b67b960d08e6def0a5e0e,observed,synthetic_forward_replay
11,2025-11-19,unpopularity,1,3,36 39 47 48 50,9 10,0,0,0.37619866290271586,100.0,99.9992511620517,60.0,9da20ceaef74ad0431f71834d38cfa88321598f2002f46600242f41edc284c54,observed,synthetic_forward_replay
11,2025-11-19,unpopularity,1,4,34 44 45 47 50,7 10,0,0,0.37619866290271586,100.0,99.9992511620517,45.0,15c6aa4182c4c24476b6d2a819e7f8eaa5951aafdfdbbcc711db2eae24e9a193,observed,synthetic_forward_replay
11,2025-11-19,unpopularity,1,5,39 41 43 46 50,5 11,0,1,0.37619866290271586,100.0,99.99899390868796,60.0,ba5c42eabde43346e992e7215b0fb0c98d3494817c45fbd280349259799c0f03,observed,synthetic_forward_replay
11,2025-11-19,unpopularity,1,6,37 38 46 48 50,3 4,0,0,0.37619866290271586,100.0,99.99899390868796,55.00000000000001,4e988576455201ae259faf9c45e0275333041e5d9e9fcb8d2712c3bce6ef1638,observed,synthetic_forward_replay
11,2025-11-19,unpopularity,1,7,36 41 44 47 50,11 12,0,1,0.37619866290271586,100.0,99.99873273776029,55.00000000000001,75ea5e036f2298e5e98fcf3c5cef6992f2b45bd56a0c63b301248bd85656e88e,observed,synthetic_forward_replay
11,2025-11-19,unpopularity,1,8,34 43 45 46 50,4 11,0,1,0.37619866290271586,100.0,99.99873273776029,52.5,b13bc8244aa1181167ef6b3641f6097a7ceb5a5bc31e7f30635fdf98a06af656,observed,synthetic_forward_replay
11,2025-11-19,unpopularity,1,9,33 43 45 46 50,1 3,0,0,0.37619866290271586,100.0,99.99846758961039,62.5,61b7a8007cb824f21d8709500a2cc10364678144ba71da86ba9397e298d2b77a,observed,synthetic_forward_replay
11,2025-11-19,unpopularity,1,10,32 43 45 46 48,6 10,0,1,0.37619866290271586,100.0,99.99764767153307,62.5,3ecf2b6dedf5df3347df6c5377510841a2395f18fd1f58c038b8f1efe728f802,observed,synthetic_forward_replay
11,2025-11-19,unpopularity,1,11,38 39 40 47 50,6 10,0,1,0.37619866290271586,100.0,99.99764767153307,50.0,41083ca13b2aa6ba457abe2c4118c874b43db64541c0e0a3835d99e80d2ff7f5,observed,synthetic_forward_replay
11,2025-11-19,unpopularity,1,12,37 38 41 47 50,4 12,0,0,0.37619866290271586,100.0,99.99736599953198,55.00000000000001,5b39e7be6647cf1eddf00d4af1d91cd57f9d0eb797cc07a57940f440779e3d80,observed,synthetic_forward_replay
11,2025-11-19,gingerm,4,1,9 22 25 43 49,1 2,0,0,-0.023883307438921086,18.181818181818183,98.16501474154583,82.5,06887278156121c8c007aec4f8823fc08941e4e03c40086c5998b44426e088fa,observed,synthetic_forward_replay
11,2025-11-19,gingerm,4,2,9 27 32 43 49,1 3,0,0,-0.023883307438921086,18.181818181818183,99.42226482413179,85.0,f511d3b609a9048c5bd70afe06b56b7d5435df3452e056fa858c9cf05040ec3d,observed,synthetic_forward_replay
11,2025-11-19,gingerm,4,3,1 22 29 43 49,1 6,1,1,-0.023883307438921086,18.181818181818183,98.04965362519866,82.5,e9696f0ddc0f51092417ba16e25893425bf6c3c0858b056f88730ded3526676f,observed,synthetic_forward_replay
11,2025-11-19,gingerm,4,4,1 24 29 31 43,1 6,2,1,-0.023883307438921086,18.181818181818183,95.67509945748766,75.0,aa2d13f91ba20fd312705d77d26bab1d3962d3fdac8da9aab002d28b844cc3b5,observed,synthetic_forward_replay
11,2025-11-19,gingerm,4,5,1 5 18 19 24,1 10,2,0,-0.023883307438921086,18.181818181818183,60.28916167033189,67.5,d4c233ce29e9386ed357d194b0cf61b85b50b3485e0ccbe15ea3a1c3a0a99b81,observed,synthetic_forward_replay
11,2025-11-19,gingerm,4,6,17 27 43 45 49,1 10,0,0,-0.023883307438921086,18.181818181818183,99.70730594248255,75.0,351d77da019d8a859d675bbb2371741e8558622d8bafd93529950523c51fd0cf,observed,synthetic_forward_replay
11,2025-11-19,gingerm,4,7,18 22 32 43 49,1 10,1,0,-0.023883307438921086,18.181818181818183,99.6168296329099,77.5,e6c8adf71aeb353e85808a7276ec18e8c2c43119352cf3b40a948bd56c4a1299,observed,synthetic_forward_replay
11,2025-11-19,gingerm,4,8,22 27 43 46 49,1 10,0,0,-0.023883307438921086,18.181818181818183,99.7340796641882,72.5,6e477d02036b15673533fd8d2f579f9bf03cf506216e11f2d8a5200c17b81ce7,observed,synthetic_forward_replay
11,2025-11-19,gingerm,4,9,22 27 32 45 49,1 10,0,0,-0.023883307438921086,18.181818181818183,99.67799084370395,72.5,2233b0ea8a3d05b8340bc0a08cd0dac2c633a4ca039954a405ffbfc0adb3fa43,observed,synthetic_forward_replay
11,2025-11-19,gingerm,4,10,17 23 27 32 45,1 10,0,0,-0.023883307438921086,18.181818181818183,99.0797200816334,62.5,2e8a20ca065e23b873d8d1d8aaee70c31ffe8cb55586c48ec5dc3482747dc417,observed,synthetic_forward_replay
11,2025-11-19,gingerm,4,11,1 5 24 29 48,1 10,2,0,-0.023883307438921086,18.181818181818183,91.66854758876522,72.5,bb7aebccad3fcd9fe263343127cff4e139aaff5147f906008ff974bec2806b31,observed,synthetic_forward_replay
11,2025-11-19,gingerm,4,12,3 9 11 28 49,2 3,0,0,-0.023883307438921086,18.181818181818183,70.78684573826885,77.5,cb1baf37584c3577f806d760a3e89abd22a27a50f6956111871be8d1ef3417c7,observed,synthetic_forward_replay
11,2025-11-19,spectral_contrarian,2,1,6 17 25 38 48,3 8,1,0,0.22071023327048245,100.0,98.49125492652425,57.49999999999999,46f849ba33323c219a54d52503589b816f17fa9cf410d05f1580f43ac0ea6af0,observed,synthetic_forward_replay
11,2025-11-19,spectral_contrarian,2,2,3 14 22 35 42,7 12,0,0,0.22071023327048245,100.0,93.26060648527279,47.5,d4dfca3b6fd89ac8de8b5b4b7e842cc7858dfbd5262acf42a2bf983c06590348,observed,synthetic_forward_replay
11,2025-11-19,spectral_contrarian,2,3,1 8 19 33 39,3 11,0,1,0.22071023327048245,100.0,96.44724323004772,52.5,ee880e7dee5081dc7ce143e1649e24073258a83a077648d4b1c7ea160b8a2be2,observed,synthetic_forward_replay
11,2025-11-19,spectral_contrarian,2,4,5 16 24 37 47,2 7,1,0,0.22071023327048245,100.0,98.37155605396913,60.0,448378bd29f5ea2eb3f780b0e61b519b208cbafda4aebf37e78eb3c248ad8f9e,observed,synthetic_forward_replay
11,2025-11-19,spectral_contrarian,2,5,2 14 21 34 41,7 11,0,1,0.22071023327048245,100.0,95.2317853803537,27.500000000000004,f88c67c7303b90842bef1b632c766706fe6b705ca8cd3e2b77992a9f3700f942,observed,synthetic_forward_replay
11,2025-11-19,spectral_contrarian,2,6,7 18 31 38 50,3 11,1,1,0.22071023327048245,100.0,98.04965362519866,57.49999999999999,02a80ed65f997e27db532a9f209dc93d3f1bd3a0123277f30c45a9ca8624f5c4,observed,synthetic_forward_replay
11,2025-11-19,spectral_contrarian,2,7,4 15 23 36 46,2 7,1,0,0.22071023327048245,100.0,98.24246120691912,57.49999999999999,f3973de04171e4e757c031e7ce346ab5ecb3ef27d3986bedf1a30d304a3d17b5,observed,synthetic_forward_replay
11,2025-11-19,spectral_contrarian,2,8,2 13 20 33 40,6 11,0,2,0.22071023327048245,100.0,97.75724781535256,57.49999999999999,891f95bf2328c4979cae3f9ed9739c3589acaf6e6d8eb8af0c65e81f45c207a9,observed,synthetic_forward_replay
11,2025-11-19,spectral_contrarian,2,9,3 14 22 34 45,2 7,0,0,0.22071023327048245,100.0,97.10308123773517,40.0,4b31ffd4a9890165ebb7df52468476ff18b9fef4166bbb24173b5f19614c2b90,observed,synthetic_forward_replay
11,2025-11-19,spectral_contrarian,2,10,11 19 32 39 50,6 11,0,2,0.22071023327048245,100.0,99.56253597048725,65.0,13a4f3b483162c01677ab0c8a995d38d159e3e4c98da537cfbcf525bc808835a,observed,synthetic_forward_replay
11,2025-11-19,spectral_contrarian,2,11,5 16 30 36 47,2 11,0,1,0.22071023327048245,100.0,98.49125492652425,52.5,97f24880c62332b3cab58e04f68739858735c145de2e1548c1c725479870fdcc,observed,synthetic_forward_replay
11,2025-11-19,spectral_contrarian,2,12,2 13 21 34 44,2 7,0,0,0.22071023327048245,100.0,96.92154115245383,37.5,2e9dfe7783047358546efff1754b46d2d9f065eed86639beb84b8f7116cb592e,observed,synthetic_forward_replay
11,2025-11-19,parallax,6,1,34 45 46 48 50,8 11,0,1,-0.5038958441934138,18.181818181818183,100.0,47.5,dafe686073352c9d9b129d5e6c4d4e9ab4d00262dfea52aefed1fbe43de3ea5f,observed,synthetic_forward_replay
11,2025-11-19,parallax,6,2,33 37 39 43 47,4 10,0,0,-0.5038958441934138,18.181818181818183,99.99294107667367,62.5,cb1f8a2410e036ed9476a98224566f37e90177a0cbe187108813f472707285b3,observed,synthetic_forward_replay
11,2025-11-19,parallax,6,3,32 40 42 44 49,1 5,0,0,-0.5038958441934138,18.181818181818183,99.96988286250749,57.49999999999999,f8ed9a9bf7f7803d148d89121230817c12c1fc73bc472dd85c9d2611c0805b79,observed,synthetic_forward_replay
11,2025-11-19,parallax,6,4,9 18 35 36 41,7 12,1,0,-0.5038958441934138,18.181818181818183,99.20043118882282,65.0,b291cfd1f365cc1beb00e4d0c353685139b30e08c25487e9753351a033f35449,observed,synthetic_forward_replay
11,2025-11-19,parallax,6,5,14 19 21 23 31,3 6,0,1,-0.5038958441934138,18.181818181818183,75.47484913974493,42.5,13e973df61f8727d63992b18a7fa30ce4993fb35404240d2a5e14b7e0970d89a,observed,synthetic_forward_replay
11,2025-11-19,parallax,6,6,8 12 20 26 29,2 9,1,0,-0.5038958441934138,18.181818181818183,73.99657907776056,62.5,7a367ec874535d7192c01f3909809d85524e0aa335a135290fc666a0b6a80d72,observed,synthetic_forward_replay
11,2025-11-19,parallax,6,7,3 5 11 30 38,5 12,0,0,-0.5038958441934138,18.181818181818183,84.20494252713976,52.5,f8f4e742961618893798d0fc9fb1f2c98b60e462a95faec48326f22ede557905,observed,synthetic_forward_replay
11,2025-11-19,parallax,6,8,1 2 22 24 25,4 8,1,0,-0.5038958441934138,18.181818181818183,64.27740782568645,62.5,bd71320496ca8579d3d63cf4681f42fd2169c80b7d57617fe4d83ad0a5f3e79d,observed,synthetic_forward_replay
11,2025-11-19,parallax,6,9,6 7 10 13 19,1 6,1,1,-0.5038958441934138,18.181818181818183,0.0,55.00000000000001,a6b78f4626be581d617868b8b7455ee11938178447f7ad61225d5a18f60c86f1,observed,synthetic_forward_replay
11,2025-11-19,parallax,6,10,17 19 27 28 46,2 10,0,0,-0.5038958441934138,18.181818181818183,95.95654124096016,62.5,4855e24fce4306cc22390d44b5bfb9ac30f0e6a43b028084e3ff5e1428c3c938,observed,synthetic_forward_replay
11,2025-11-19,parallax,6,11,16 17 36 47 50,3 9,0,0,-0.5038958441934138,18.181818181818183,99.75786085907804,60.0,6bc0528289f485ab846582abe2f183c3d4849595212d14bc7bed8a04c653b0e2,observed,synthetic_forward_replay
11,2025-11-19,parallax,6,12,15 18 21 33 49,7 11,2,1,-0.5038958441934138,18.181818181818183,97.63839936996764,67.5,92d2939194fdbe8cd95088563fe125ed96da5fe127edceca14f7238689dcb9fc,observed,synthetic_forward_replay
11,2025-11-19,coordinated_aggregation,7,1,34 45 46 48 50,8 11,0,1,-0.5038958441934138,18.181818181818183,100.0,47.5,b69bdc70902ae6aad2f187d2bf8ad3bd3902d24a9519d2d541d0de3f4e49be11,observed,synthetic_forward_replay
11,2025-11-19,coordinated_aggregation,7,2,33 37 39 43 47,4 10,0,0,-0.5038958441934138,18.181818181818183,99.99294107667367,62.5,b70c066f3a15ff7d9510a812223bc527625ae33bdb03646c6bb62f1c62c37d31,observed,synthetic_forward_replay
11,2025-11-19,coordinated_aggregation,7,3,32 40 42 44 49,1 5,0,0,-0.5038958441934138,18.181818181818183,99.96988286250749,57.49999999999999,8c7323cb4396227f828097b40fa173712bf6f113d872f307eaff15deecc46a7f,observed,synthetic_forward_replay
11,2025-11-19,coordinated_aggregation,7,4,9 18 35 36 41,7 12,1,0,-0.5038958441934138,18.181818181818183,99.20043118882282,65.0,bbf0d04e0fc34bff92364de141a99b14bc8b94315028677ea7101859ec39b6a8,observed,synthetic_forward_replay
11,2025-11-19,coordinated_aggregation,7,5,14 19 21 23 31,3 6,0,1,-0.5038958441934138,18.181818181818183,75.47484913974493,42.5,4d89886db18c660c86c2235c75aec6cd78add53eb0baf8c272d148dc755bb97f,observed,synthetic_forward_replay
11,2025-11-19,coordinated_aggregation,7,6,8 12 20 26 29,2 9,1,0,-0.5038958441934138,18.181818181818183,73.99657907776056,62.5,f91fe0a355659789f7ecdfb8cfe5cfddcf4211a42d81caca10ca3b5b5ce47e43,observed,synthetic_forward_replay
11,2025-11-19,coordinated_aggregation,7,7,3 5 11 30 38,5 12,0,0,-0.5038958441934138,18.181818181818183,84.20494252713976,52.5,ddf3553e0011c82aac30916cc0db8b533485452c4eaf9a0696f4fa071e14dbaf,observed,synthetic_forward_replay
11,2025-11-19,coordinated_aggregation,7,8,1 2 22 24 25,4 8,1,0,-0.5038958441934138,18.181818181818183,64.27740782568645,62.5,12c90f472380bc82fd019e8b3d2887469b9fb93e161de3f10829b5bc037c0106,observed,synthetic_forward_replay
11,2025-11-19,coordinated_aggregation,7,9,6 7 10 13 19,1 6,1,1,-0.5038958441934138,18.181818181818183,0.0,55.00000000000001,4c3181cf97670cf2862b754b84a6901f321632f7f3c9d2aaf463ea9cabf7cbe3,observed,synthetic_forward_replay
11,2025-11-19,coordinated_aggregation,7,10,17 19 27 28 46,2 10,0,0,-0.5038958441934138,18.181818181818183,95.95654124096016,62.5,6e7849ee8b9d13d72d002a2ec62fdb1e57c6ef81e558041d290a5209fff216f3,observed,synthetic_forward_replay
11,2025-11-19,coordinated_aggregation,7,11,16 17 36 47 50,3 9,0,0,-0.5038958441934138,18.181818181818183,99.75786085907804,60.0,5f00fe097a4b7d497555aa3e7419d3608c969f38f0d2c7dc05e6cbe13596b2b8,observed,synthetic_forward_replay
11,2025-11-19,coordinated_aggregation,7,12,15 18 21 33 49,7 11,2,1,-0.5038958441934138,18.181818181818183,97.63839936996764,67.5,86ce05477bfedab6d6e752d7045270e60a6ab314cf3eefedee992ff50449137d,observed,synthetic_forward_replay
12,2025-11-26,uniform_random,6,1,30 33 44 45 47,9 10,1,1,0.0,0.0,99.94617135361234,47.5,92336ea53ebeaa6a45c3956e52c68f11196034193369d9bbc71ec170392e6add,observed,synthetic_forward_replay
12,2025-11-26,uniform_random,6,2,4 15 25 34 46,1 3,2,0,0.0,0.0,97.92289913006451,55.00000000000001,a739844742cefa59da7dc63cc087e90713bf4fabcb932a6778d25dd677f180d6,observed,synthetic_forward_replay
12,2025-11-26,uniform_random,6,3,10 13 27 30 32,2 7,0,0,0.0,0.0,93.48878944370665,57.49999999999999,feeaa4ff00c6f6f97abdf66a380a606dd5c567037a12e4b4b6f0ceb90be46da5,observed,synthetic_forward_replay
12,2025-11-26,uniform_random,6,4,3 6 25 38 39,7 12,1,1,0.0,0.0,96.44846548503159,57.49999999999999,4f90c796f686f18c95cf9f694f857cdb0be09c493ea856786b8d1d9cef838e6f,observed,synthetic_forward_replay
12,2025-11-26,uniform_random,6,5,17 18 27 35 45,2 5,1,0,0.0,0.0,98.30779659096834,65.0,8052ce3e02072c91b51d57694bc8afa08c70769c7a5310e14bef20eec34b2c9d,observed,synthetic_forward_replay
12,2025-11-26,uniform_random,6,6,4 14 26 29 30,10 11,0,1,0.0,0.0,70.84582382337759,57.49999999999999,7f2f2fc2d74b4f293ca2811a578ff8e8ebc021925a75a265c7dc13273a86d739,observed,synthetic_forward_replay
12,2025-11-26,uniform_random,6,7,9 10 19 35 43,7 10,0,1,0.0,0.0,95.05363299303534,65.0,13036a7610cc59f9243667171e57fcd929c02d56ff215cfc4a348bc929c0361c,observed,synthetic_forward_replay
12,2025-11-26,uniform_random,6,8,2 14 43 46 49,4 5,0,0,0.0,0.0,98.86560640576585,52.5,e2d21faa2965c88f8f6462f65f09dc92b838e288dd380709048f816c69e07b17,observed,synthetic_forward_replay
12,2025-11-26,uniform_random,6,9,4 5 24 40 41,6 8,0,0,0.0,0.0,96.60667106747233,60.0,b0ed08f076238893b13fac31695b90cb2e1dcbcc44276f2bb56f588a08a43722,observed,synthetic_forward_replay
12,2025-11-26,uniform_random,6,10,14 24 38 41 49,8 11,0,0,0.0,0.0,99.33115622510351,57.49999999999999,ac01266adbb9b63500a15aa9f07ad1353623465fcbce0416a14a37274d2635f1,observed,synthetic_forward_replay
12,2025-11-26,uniform_random,6,11,1 2 7 36 41,3 4,0,0,0.0,0.0,89.2455750476452,55.00000000000001,505ae9b50bf5417bf8122812759137888b19e65e18486a90c68d946b0052943d,observed,synthetic_forward_replay
12,2025-11-26,uniform_random,6,12,5 6 22 28 48,1 8,0,0,0.0,0.0,85.6713682649489,65.0,e69124a6c393328497f535758428d6a3a03fd07314923018526bf03b941082cb,observed,synthetic_forward_replay
12,2025-11-26,frequency,3,1,23 26 30 40 47,8 9,1,0,0.11649118759937682,33.33333333333333,99.22440538654634,50.0,b3c48b322e34a5625f05a4226d1a890865d36ac9d047c47f7edeff9157b994a1,observed,synthetic_forward_replay
12,2025-11-26,frequency,3,2,6 9 11 23 47,3 9,1,0,0.11649118759937682,33.33333333333333,83.72077735292554,62.5,977254f22c343279815d2bbb1629039c993c8a1fdf513c64802f661fb63800f3,observed,synthetic_forward_replay
12,2025-11-26,frequency,3,3,6 19 25 27 41,5 7,1,0,0.11649118759937682,33.33333333333333,94.05476709336251,65.0,8f3a92db77aaf6e6b0051a9edc70e78a0222f70f4f7ed7ace6d3e2747c3dc6c5,observed,synthetic_forward_replay
12,2025-11-26,frequency,3,4,20 31 35 37 50,6 7,1,0,0.11649118759937682,33.33333333333333,99.60583743411388,67.5,d894c19f51a3ef8a1e39aa665c4cc8e94d3277bc759c4a4605bbad1aa43e6f22,observed,synthetic_forward_replay
12,2025-11-26,frequency,3,5,15 18 29 33 44,2 10,0,1,0.11649118759937682,33.33333333333333,98.82480181127681,72.5,eacdab7b726a500e353ebe5462ffbdd2e64e0b3ea743b58d77f0746e23cfd72c,observed,synthetic_forward_replay
12,2025-11-26,frequency,3,6,29 30 37 39 44,9 12,0,1,0.11649118759937682,33.33333333333333,99.76681555073844,57.49999999999999,4d86b89b7d5f9ec26efb868c50d1e72c9443b8142e68c902fcc60125c48e5f82,observed,synthetic_forward_replay
12,2025-11-26,frequency,3,7,17 33 36 44 47,2 6,0,0,0.11649118759937682,33.33333333333333,99.91807063620224,55.00000000000001,40004de7d9c87736ebfe66768328f28fd6bdc255b134fcd3bd8b3f91e3721634,observed,synthetic_forward_replay
12,2025-11-26,frequency,3,8,16 24 26 28 44,3 9,0,0,0.11649118759937682,33.33333333333333,95.29540325262971,65.0,f0162112fb0162450f5302c6af27a0995687bcaf14f7653e05d8b7905c0af807,observed,synthetic_forward_replay
12,2025-11-26,frequency,3,9,15 33 36 44 49,3 10,0,1,0.11649118759937682,33.33333333333333,99.86840014638926,70.0,e60eedf3662ed3013c6a1edc35e4becec6a8d886441f6fa4088bb19a16e27542,observed,synthetic_forward_replay
12,2025-11-26,frequency,3,10,23 24 35 37 50,2 9,1,0,0.11649118759937682,33.33333333333333,99.5801884128823,67.5,2901cc13fd92eeaee9c46b192ed4431980c012c1c08d36c8727e56af6fcf078e,observed,synthetic_forward_replay
12,2025-11-26,frequency,3,11,4 6 26 49 50,11 12,0,1,0.11649118759937682,33.33333333333333,96.2926302684417,75.0,6197d33731d74bdf3926156d33958ee3b1106bdcaa103437f7baa258336761aa,observed,synthetic_forward_replay
12,2025-11-26,frequency,3,12,5 9 22 28 43,3 8,0,0,0.11649118759937682,33.33333333333333,85.23110601570522,75.0,6edfdb16f9a27ea13b996b4cbe31c0f48bce5c029d8f54feb405526cf36e67e1,observed,synthetic_forward_replay
12,2025-11-26,unpopularity,1,1,40 45 46 48 50,5 6,1,0,0.3128381655808643,100.0,100.0,52.5,58b07e126e74ea5a57bbf88bb50785c2b6ae4dff67a7120647a5eb7d8f6a5d33,observed,synthetic_forward_replay
12,2025-11-26,unpopularity,1,2,40 43 44 47 50,3 10,0,1,0.3128381655808643,100.0,99.99863324445131,57.49999999999999,3fc564f80fc7933fbd70caa381803bdb54ce943e364a43a2745b4c12923cbcd2,observed,synthetic_forward_replay
12,2025-11-26,unpopularity,1,3,39 41 44 48 50,4 10,0,1,0.3128381655808643,100.0,99.99805695956096,55.00000000000001,3f58ae15fa2876b599b7c6f3a91d16462c1803a77847817eb8e6e4717af541d4,observed,synthetic_forward_replay
12,2025-11-26,unpopularity,1,4,37 43 45 47 48,1 4,1,0,0.3128381655808643,100.0,99.99746298920319,62.5,58abb8014b3bcdb8e72959e9e510d762a38c56022650ac8ebd3322aa0b1c6c69,observed,synthetic_forward_replay
12,2025-11-26,unpopularity,1,5,34 45 46 47 48,4 11,2,0,0.3128381655808643,100.0,99.99746298920319,42.5,763a5552ebd6c2c0616e18ee1dd96bd724ad401286283fed8251a09348e4685e,observed,synthetic_forward_replay
12,2025-11-26,unpopularity,1,6,38 43 45 46 48,6 8,1,0,0.3128381655808643,100.0,99.99746298920319,55.00000000000001,bd7b6211ddb842155e4a8bceaae52a80ec035b3f6177b106499d8851e9141bb2,observed,synthetic_forward_replay
12,2025-11-26,unpopularity,1,7,36 44 45 46 47,2 7,1,0,0.3128381655808643,100.0,99.996850790633,47.5,0acfb258fd324f03d554b6a151465c66fa197b8031a52b903cf4f52a054d2931,observed,synthetic_forward_replay
12,2025-11-26,unpopularity,1,8,37 39 44 47 50,7 12,0,1,0.3128381655808643,100.0,99.99653768161988,55.00000000000001,9ec7e70ad07c33095810cb1b736d32ebfb8fa26c988251fdd57a580082c604b9,observed,synthetic_forward_replay
12,2025-11-26,unpopularity,1,9,38 40 43 44 50,4 8,0,0,0.3128381655808643,100.0,99.99589708650942,55.00000000000001,d0e339c1c419ecacd2ae664ce9515392ed686e3ce38094e3f1afd6ba62175ff0,observed,synthetic_forward_replay
12,2025-11-26,unpopularity,1,10,37 39 45 46 48,2 12,1,1,0.3128381655808643,100.0,99.99589708650942,52.5,3a5c0c11748263c2a6bd155a720fbeb8f37c935339694dd45ddd4fd4249b35be,observed,synthetic_forward_replay
12,2025-11-26,unpopularity,1,11,37 40 43 46 48,5 8,0,0,0.3128381655808643,100.0,99.99556945408324,57.49999999999999,de15d5f2b787aeb4a7a6e15d40ff9b0c1bbf44957f49ce854a2fe70d5f21ac18,observed,synthetic_forward_replay
12,2025-11-26,unpopularity,1,12,36 41 43 46 48,5 8,0,0,0.3128381655808643,100.0,99.99556945408324,60.0,b13291db55d57adf036b94f27591de81ee4bfc7305eb7e31e885d2a7bbce1e7a,observed,synthetic_forward_replay
12,2025-11-26,gingerm,7,1,27 32 43 45 49,1 3,1,0,-0.48857483196598217,16.666666666666664,99.90559455384962,77.5,d15d2251c9c26bb347a026926adb9bfb6297f5a7d9aeb6490d3d83288ecec6bf,observed,synthetic_forward_replay
12,2025-11-26,gingerm,7,2,9 22 25 43 49,1 5,1,0,-0.48857483196598217,16.666666666666664,97.8314438951276,82.5,b7ab6fffd458052b11955fba3347fefe9d0540f44181c61b72cedaf5e5086e1a,observed,synthetic_forward_replay
12,2025-11-26,gingerm,7,3,1 15 19 24 29,1 6,0,0,-0.48857483196598217,16.666666666666664,75.62103373388824,82.5,cbc3a379076c2eaac39ccafa0f7454fc2b3358e490273110574e1825ef80a7cf,observed,synthetic_forward_replay
12,2025-11-26,gingerm,7,4,1 24 29 31 47,1 6,1,0,-0.48857483196598217,16.666666666666664,95.19186910885549,72.5,1eca10d5ee697d7a76613300518db7fe69ff7f1d4175b6a199dc086a743e9bd9,observed,synthetic_forward_replay
12,2025-11-26,gingerm,7,5,1 22 29 43 49,1 6,0,0,-0.48857483196598217,16.666666666666664,97.69521588333568,85.0,5aa2044f108f0accc692deabfd72cf99bd3506591eff5cfa85122ae3d7b44d7c,observed,synthetic_forward_replay
12,2025-11-26,gingerm,7,6,1 20 24 29 43,1 6,0,0,-0.48857483196598217,16.666666666666664,93.963965400127,87.5,f795ebe0e9a29feb6676afd00e121d69edeaa7348249448024be26f479f61be4,observed,synthetic_forward_replay
12,2025-11-26,gingerm,7,7,1 5 7 24 29,1 6,0,0,-0.48857483196598217,16.666666666666664,0.0,77.5,967baa20ef0550c2973f13f462f3095731efeb1b0fad9d46a33e0c3b3535095a,observed,synthetic_forward_replay
12,2025-11-26,gingerm,7,8,1 5 18 19 24,1 10,0,1,-0.48857483196598217,16.666666666666664,53.10448283411831,72.5,1a108607bc88f6dae201f32f729341e968c85695eeacfabf076c31b7beb6915e,observed,synthetic_forward_replay
12,2025-11-26,gingerm,7,9,1 18 24 27 29,1 10,0,1,-0.48857483196598217,16.666666666666664,79.35771750105621,82.5,d95cecebd1f484161c58b7434583de5c26a091b270ca7a2e1ce92ea728f73c93,observed,synthetic_forward_replay
12,2025-11-26,gingerm,7,10,13 15 26 28 38,2 3,0,0,-0.48857483196598217,16.666666666666664,93.81908292103255,70.0,0610415094d7e9b92653f9bb508fa6c44aa7131356966d3cc97172190709580d,observed,synthetic_forward_replay
12,2025-11-26,gingerm,7,11,11 13 28 49 50,2 3,0,0,-0.48857483196598217,16.666666666666664,96.88381063006895,77.5,f39eb9d799a8aa71f552c02e7e24b021790a594b30778d582333b05f8d4b1a47,observed,synthetic_forward_replay
12,2025-11-26,gingerm,7,12,9 25 28 32 49,2 3,1,0,-0.48857483196598217,16.666666666666664,96.48107293690556,82.5,17dd3280cf4955a2a431f5ee5206a302101a225757954f3a700d1955e71839e6,observed,synthetic_forward_replay
12,2025-11-26,spectral_contrarian,2,1,6 17 26 38 48,3 8,0,0,0.13979275095403754,100.0,98.24370621231083,60.0,f297db250589c9f3e4d257d647bfd740ab4ddcb215840443616385d2414c0d56,observed,synthetic_forward_replay
12,2025-11-26,spectral_contrarian,2,2,3 14 22 35 42,7 12,0,1,0.13979275095403754,100.0,92.03991025776823,47.5,43390408dc9107bb32bd5028985f9fa5f21978e5902f6bcceb387313cd3ba51a,observed,synthetic_forward_replay
12,2025-11-26,spectral_contrarian,2,3,1 8 19 33 39,3 11,0,0,0.13979275095403754,100.0,95.80295626312547,52.5,d8d8672d6009ace441213c84f5a04473613f517c13672eeca25b7c448f734829,observed,synthetic_forward_replay
12,2025-11-26,spectral_contrarian,2,4,5 16 24 37 47,2 7,0,0,0.13979275095403754,100.0,98.07534507461726,62.5,f70027cc7f1de662f31020a92d3ad03bacb0765b6ee39d89e4d7b8268f65ac79,observed,synthetic_forward_replay
12,2025-11-26,spectral_contrarian,2,5,2 14 21 34 41,7 11,1,0,0.13979275095403754,100.0,94.36764242841534,27.500000000000004,1f5469012c60979ca5da3a041ad291de76e8ac3080601118beeda05dcef237a7,observed,synthetic_forward_replay
12,2025-11-26,spectral_contrarian,2,6,7 18 32 39 50,3 11,0,0,0.13979275095403754,100.0,99.15085301792146,67.5,23d9ee709029f40ec08e428bbec875ca41cbff5458073c3f8215e4317556dfe7,observed,synthetic_forward_replay
12,2025-11-26,spectral_contrarian,2,7,4 15 23 36 46,2 7,1,0,0.13979275095403754,100.0,97.92289913006451,60.0,7040316bbe016e5ea36e252ed6e7275ab29cab4735ce8a88077de72301c39d38,observed,synthetic_forward_replay
12,2025-11-26,spectral_contrarian,2,8,2 12 21 34 40,6 11,1,0,0.13979275095403754,100.0,94.49970263472079,32.5,40f57d2e05bb8ed88444357e413be856f260b225d7156afabe9465fbad4d2db3,observed,synthetic_forward_replay
12,2025-11-26,spectral_contrarian,2,9,11 19 33 39 50,6 11,0,0,0.13979275095403754,100.0,99.48978820198671,62.5,f4c8f1fbc1559d59ad244ffec8eaa245bf1558a254ea9ed06e7ece9702fba2bd,observed,synthetic_forward_replay
12,2025-11-26,spectral_contrarian,2,10,2 13 21 34 45,2 7,2,0,0.13979275095403754,100.0,96.41786221568836,40.0,a65f7686a98dc464decdb6b9ffbfe95a35d8680c8f617ed426d8d271e41beb70,observed,synthetic_forward_replay
12,2025-11-26,spectral_contrarian,2,11,10 18 31 38 48,6 11,1,0,0.13979275095403754,100.0,98.49250308482479,50.0,4f2fc45c6c60dd2da3bdf55e091cc2f0cd24976490d68620e499d48a8274f9e1,observed,synthetic_forward_replay
12,2025-11-26,spectral_contrarian,2,12,4 14 28 35 46,2 10,0,1,0.13979275095403754,100.0,93.2617883567007,50.0,503ec31e1017fe4cf93b70c57bf4905e8f59f5bbafc06b4ef71e527ee8d68d08,observed,synthetic_forward_replay
12,2025-11-26,parallax,4,1,38 46 47 48 50,2 12,0,1,0.020896299307271438,25.0,100.0,52.5,bd32a9e7cde25cc813c9b0682a61d9a7bbd3baae2913ef198604af26b023dd88,observed,synthetic_forward_replay
12,2025-11-26,parallax,4,2,34 39 41 44 45,5 10,2,1,0.020896299307271438,25.0,99.99161889940518,40.0,e14252b6242f77dca8854ae8867735e9d577ed96e0a321d990a781510fda4fc5,observed,synthetic_forward_replay
12,2025-11-26,parallax,4,3,32 35 37 42 49,7 9,0,0,0.020896299307271438,25.0,99.91917327555026,67.5,70081624b5ecec1c99fd5366201aaf5d7464ca9741fe89af8482c0caa0d2b1e1,observed,synthetic_forward_replay
12,2025-11-26,parallax,4,4,4 22 33 36 40,4 8,0,0,0.020896299307271438,25.0,99.33521722985999,57.49999999999999,d068e2ca021eb690222f8b1a1244c1b1efe3d71f243d052540e82d1725a1da98,observed,synthetic_forward_replay
12,2025-11-26,parallax,4,5,6 15 24 31 43,1 3,1,0,0.020896299307271438,25.0,94.1442067611995,75.0,8959fd19be9c402b52d4faf8638cf9a650960d60c2369643054df543390337ad,observed,synthetic_forward_replay
12,2025-11-26,parallax,4,6,16 19 25 30 32,6 11,1,0,0.020896299307271438,25.0,96.00822931055613,60.0,e5fcaac274fae6d25cd728beff77462071551075be90e1d1dbc2ff3f323e8345,observed,synthetic_forward_replay
12,2025-11-26,parallax,4,7,9 18 23 26 27,4 10,1,1,0.020896299307271438,25.0,80.56968642086113,72.5,33e657bfabcffdf894b8b0c18c5b2fe4670fb98aebf5be691a93c4b25bbb7ef4,observed,synthetic_forward_replay
12,2025-11-26,parallax,4,8,1 13 20 28 33,3 5,0,0,0.020896299307271438,25.0,87.35557001510614,75.0,6ca6ec509bbef1b106033fc9d533d7e8acce98f5832132bbf65256403cd21cd6,observed,synthetic_forward_replay
12,2025-11-26,parallax,4,9,3 5 14 29 44,8 12,0,1,0.020896299307271438,25.0,82.29083337481732,55.00000000000001,e70df0aec00a43c56827df5c47151f5950df06e1871804bba37df7600908d8b6,observed,synthetic_forward_replay
12,2025-11-26,parallax,4,10,12 16 17 21 41,6 7,0,0,0.020896299307271438,25.0,89.45576475859751,50.0,bae2a53c6e936ed2acf0dd9d54e12f67a7198a2af1e3aa1e6cc28dc55a1212cc,observed,synthetic_forward_replay
12,2025-11-26,parallax,4,11,7 10 32 38 41,2 11,0,0,0.020896299307271438,25.0,98.42493221850569,50.0,b01a779f182f55b3cc77c147a499114158ddc37e338e88954cb754d6b4aa9697,observed,synthetic_forward_replay
12,2025-11-26,parallax,4,12,11 32 33 34 43,1 9,1,0,0.020896299307271438,25.0,99.81752351481519,60.0,157f428824880c8e72ed53a12e44d797188a170fc35848cebae72519f12f0dd1,observed,synthetic_forward_replay
12,2025-11-26,coordinated_aggregation,5,1,38 46 47 48 50,2 12,0,1,0.020896299307271438,25.0,100.0,52.5,65c95e7796ceac5109eb63529fede7efcd46ada3450d4a9c60b1c7eb1691c8f3,observed,synthetic_forward_replay
12,2025-11-26,coordinated_aggregation,5,2,34 39 41 44 45,5 10,2,1,0.020896299307271438,25.0,99.99161889940518,40.0,3ea14d7b640b51814826ac099a2541e0d4afb37e0e6e3095c4bf52dda87cb173,observed,synthetic_forward_replay
12,2025-11-26,coordinated_aggregation,5,3,32 35 37 42 49,7 9,0,0,0.020896299307271438,25.0,99.91917327555026,67.5,aa5a8402c2019169faa6f542dbf5c1cf4f3de0e771c6b8f5feff68fa410d2d1d,observed,synthetic_forward_replay
12,2025-11-26,coordinated_aggregation,5,4,4 22 33 36 40,4 8,0,0,0.020896299307271438,25.0,99.33521722985999,57.49999999999999,ba57a9541c74fa71ce01f26faced70b0447287c3b4fa9db82d5045a025f8ea01,observed,synthetic_forward_replay
12,2025-11-26,coordinated_aggregation,5,5,6 15 24 31 43,1 3,1,0,0.020896299307271438,25.0,94.1442067611995,75.0,926e59c06f460a47adde557a12b378a47b6f08104bce58f4cad3c76240ba7294,observed,synthetic_forward_replay
12,2025-11-26,coordinated_aggregation,5,6,16 19 25 30 32,6 11,1,0,0.020896299307271438,25.0,96.00822931055613,60.0,0d7db3aa13412161b0c9b999edd621557cabb01cdb499b70e894c85fbe91e9ca,observed,synthetic_forward_replay
12,2025-11-26,coordinated_aggregation,5,7,9 18 23 26 27,4 10,1,1,0.020896299307271438,25.0,80.56968642086113,72.5,0448171ce400d335cf4d10d8ac450c3cb20c1bc132a2a28cf4d163050b40d375,observed,synthetic_forward_replay
12,2025-11-26,coordinated_aggregation,5,8,1 13 20 28 33,3 5,0,0,0.020896299307271438,25.0,87.35557001510614,75.0,e30cb79fa7ab16749719a2a08b39ba789c6791361c18bf56d972fa9ec0d3623f,observed,synthetic_forward_replay
12,2025-11-26,coordinated_aggregation,5,9,3 5 14 29 44,8 12,0,1,0.020896299307271438,25.0,82.29083337481732,55.00000000000001,8ba5e305359e34a9903fbcc2df015b3c39977e12f83295a3a906f15534d25965,observed,synthetic_forward_replay
12,2025-11-26,coordinated_aggregation,5,10,12 16 17 21 41,6 7,0,0,0.020896299307271438,25.0,89.45576475859751,50.0,15ca8a18c4e49e181fc6df1dc28b12e2ec149b912b00a8d7692e90277591d2e0,observed,synthetic_forward_replay
12,2025-11-26,coordinated_aggregation,5,11,7 10 32 38 41,2 11,0,0,0.020896299307271438,25.0,98.42493221850569,50.0,96178097c8ec59c05f24cfbf2f69b4c4309ad2be323adf9793886a6d6e3d8077,observed,synthetic_forward_replay
12,2025-11-26,coordinated_aggregation,5,12,11 32 33 34 43,1 9,1,0,0.020896299307271438,25.0,99.81752351481519,60.0,15af4bb42333e195bc062b186f25bd82615b04280349d2e87cd4490d74a7e0d8,observed,synthetic_forward_replay
